branch,sl,tp,pf,wr,total_pnl
ashort,5,10,0.3170731707317073,0.13655462184873948,-1400
ashort,5,15,0.4609756097560976,0.1323529411764706,-1105
ashort,5,20,0.5853658536585366,0.12605042016806722,-850
ashort,5,25,0.6707317073170732,0.11554621848739496,-675
ashort,5,30,0.7463414634146341,0.10714285714285714,-520
ashort,5,39,0.7039024390243902,0.07773109243697479,-607
ashort,5,45,0.13170731707317074,0.012605042016806723,-1780
ashort,5,50,0.07317073170731707,0.0063025210084033615,-1900
ashort,5,60,0.0,0.0,-2050
ashort,5,75,0.0,0.0,-2050
ashort,5,100,0.0,0.0,-2050
ashort,8,10,0.3257978723404255,0.20588235294117646,-2028
ashort,8,15,0.46376329787234044,0.1953781512605042,-1613
ashort,8,20,0.5784574468085106,0.18277310924369747,-1268
ashort,8,25,0.6399601063829787,0.16176470588235295,-1083
ashort,8,30,0.668218085106383,0.1407563025210084,-998
ashort,8,39,0.6223404255319149,0.10084033613445378,-1136
ashort,8,45,0.1196808510638298,0.01680672268907563,-2648
ashort,8,50,0.08311170212765957,0.01050420168067227,-2758
ashort,8,60,0.0199468085106383,0.0021008403361344537,-2948
ashort,8,75,0.0,0.0,-3008
ashort,8,100,0.0,0.0,-3008
ashort,10,10,0.3812316715542522,0.27310924369747897,-2110
ashort,10,15,0.5366568914956011,0.25630252100840334,-1580
ashort,10,20,0.6451612903225806,0.23109243697478993,-1210
ashort,10,25,0.6964809384164223,0.19957983193277312,-1035
ashort,10,30,0.7038123167155426,0.16806722689075632,-1010
ashort,10,39,0.606158357771261,0.11134453781512606,-1343
ashort,10,45,0.10557184750733138,0.01680672268907563,-3050
ashort,10,50,0.07331378299120235,0.01050420168067227,-3160
ashort,10,60,0.017595307917888565,0.0021008403361344537,-3350
ashort,10,75,0.0,0.0,-3410
ashort,10,100,0.0,0.0,-3410
ashort,12,10,0.40865384615384615,0.32142857142857145,-2214
ashort,12,15,0.5729166666666666,0.3004201680672269,-1599
ashort,12,20,0.6944444444444444,0.27310924369747897,-1144
ashort,12,25,0.7478632478632479,0.23529411764705882,-944
ashort,12,30,0.7612179487179487,0.19957983193277312,-894
ashort,12,39,0.6458333333333334,0.13025210084033614,-1326
ashort,12,45,0.09615384615384616,0.01680672268907563,-3384
ashort,12,50,0.06677350427350427,0.01050420168067227,-3494
ashort,12,60,0.016025641025641024,0.0021008403361344537,-3684
ashort,12,75,0.0,0.0,-3744
ashort,12,100,0.0,0.0,-3744
ashort,15,10,0.4292565947242206,0.3760504201680672,-2380
ashort,15,15,0.5899280575539568,0.3445378151260504,-1710
ashort,15,20,0.6954436450839329,0.30462184873949577,-1270
ashort,15,25,0.7434052757793765,0.2605042016806723,-1070
ashort,15,30,0.762589928057554,0.22268907563025211,-990
ashort,15,39,0.6453237410071943,0.14495798319327732,-1479
ashort,15,45,0.09712230215827339,0.018907563025210083,-3765
ashort,15,50,0.05995203836930456,0.01050420168067227,-3920
ashort,15,60,0.014388489208633094,0.0021008403361344537,-4110
ashort,15,75,0.0,0.0,-4170
ashort,15,100,0.0,0.0,-4170
ashort,17,10,0.4710569486758847,0.4222689075630252,-2257
ashort,17,15,0.6397937661120225,0.38235294117647056,-1537
ashort,17,20,0.7218186079212562,0.3235294117647059,-1187
ashort,17,25,0.7616592453714554,0.27310924369747897,-1017
ashort,17,30,0.7733770799156315,0.23109243697478993,-967
ashort,17,39,0.6397937661120225,0.14705882352941177,-1537
ashort,17,45,0.09491445980782752,0.018907563025210083,-3862
ashort,17,50,0.05858917272088118,0.01050420168067227,-4017
ashort,17,60,0.014061401453011484,0.0021008403361344537,-4207
ashort,17,75,0.0,0.0,-4267
ashort,17,100,0.0,0.0,-4267
ashort,20,10,0.6704545454545454,0.4957983193277311,-1160
ashort,20,15,0.8607954545454546,0.42436974789915966,-490
ashort,20,20,0.9488636363636364,0.35084033613445376,-180
ashort,20,25,1.015625,0.3004201680672269,55
ashort,20,30,0.9971590909090909,0.24579831932773108,-10
ashort,20,39,0.8198863636363637,0.15546218487394958,-634
ashort,20,45,0.11505681818181818,0.018907563025210083,-3115
ashort,20,50,0.07102272727272728,0.01050420168067227,-3270
ashort,20,60,0.017045454545454544,0.0021008403361344537,-3460
ashort,20,75,0.0,0.0,-3520
ashort,20,100,0.0,0.0,-3520
ashort,25,10,1.306024096385542,0.569327731092437,635
ashort,25,15,1.5975903614457831,0.4642857142857143,1240
ashort,25,20,1.725301204819277,0.3760504201680672,1505
ashort,25,25,1.8313253012048192,0.31932773109243695,1725
ashort,25,30,1.7927710843373494,0.2605042016806723,1645
ashort,25,39,1.3908433734939758,0.15546218487394958,811
ashort,25,45,0.19518072289156627,0.018907563025210083,-1670
ashort,25,50,0.12048192771084337,0.01050420168067227,-1825
ashort,25,60,0.02891566265060241,0.0021008403361344537,-2015
ashort,25,75,0.0,0.0,-2075
ashort,25,100,0.0,0.0,-2075
ashort,30,10,2.268292682926829,0.5861344537815126,1560
ashort,30,15,2.7439024390243905,0.4726890756302521,2145
ashort,30,20,2.959349593495935,0.38235294117647056,2410
ashort,30,25,3.1504065040650406,0.32563025210084034,2645
ashort,30,30,3.048780487804878,0.26260504201680673,2520
ashort,30,39,2.346341463414634,0.15546218487394958,1656
ashort,30,45,0.32926829268292684,0.018907563025210083,-825
ashort,30,50,0.2032520325203252,0.01050420168067227,-980
ashort,30,60,0.04878048780487805,0.0021008403361344537,-1170
ashort,30,75,0.0,0.0,-1230
ashort,30,100,0.0,0.0,-1230
ashort,40,10,8.13888888888889,0.615546218487395,2570
ashort,40,15,9.625,0.4852941176470588,3105
ashort,40,20,10.333333333333334,0.3907563025210084,3360
ashort,40,25,10.833333333333334,0.3277310924369748,3540
ashort,40,30,10.416666666666666,0.26260504201680673,3390
ashort,40,39,8.016666666666667,0.15546218487394958,2526
ashort,40,45,1.125,0.018907563025210083,45
ashort,40,50,0.6944444444444444,0.01050420168067227,-110
ashort,40,60,0.16666666666666666,0.0021008403361344537,-300
ashort,40,75,0.0,0.0,-360
ashort,40,100,0.0,0.0,-360
ashort,50,10,14.85,0.6239495798319328,2770
ashort,50,15,17.55,0.49159663865546216,3310
ashort,50,20,18.8,0.3949579831932773,3560
ashort,50,25,19.625,0.32983193277310924,3725
ashort,50,30,18.75,0.26260504201680673,3550
ashort,50,39,14.43,0.15546218487394958,2686
ashort,50,45,2.025,0.018907563025210083,205
ashort,50,50,1.25,0.01050420168067227,50
ashort,50,60,0.3,0.0021008403361344537,-140
ashort,50,75,0.0,0.0,-200
ashort,50,100,0.0,0.0,-200
flipshort,5,10,0.37410071942446044,0.15294117647058825,-435
flipshort,5,15,0.4748201438848921,0.12941176470588237,-365
flipshort,5,20,0.4892086330935252,0.1,-355
flipshort,5,25,0.539568345323741,0.08823529411764706,-320
flipshort,5,30,0.4316546762589928,0.058823529411764705,-395
flipshort,5,39,0.39280575539568346,0.041176470588235294,-422
flipshort,5,45,0.0,0.0,-695
flipshort,5,50,0.0,0.0,-695
flipshort,5,60,0.0,0.0,-695
flipshort,5,75,0.0,0.0,-695
flipshort,5,100,0.0,0.0,-695
flipshort,8,10,0.4411764705882353,0.24705882352941178,-532
flipshort,8,15,0.5672268907563025,0.21176470588235294,-412
flipshort,8,20,0.5462184873949579,0.15294117647058825,-432
flipshort,8,25,0.5777310924369747,0.12941176470588237,-402
flipshort,8,30,0.4411764705882353,0.08235294117647059,-532
flipshort,8,39,0.36869747899159666,0.052941176470588235,-601
flipshort,8,45,0.0,0.0,-952
flipshort,8,50,0.0,0.0,-952
flipshort,8,60,0.0,0.0,-952
flipshort,8,75,0.0,0.0,-952
flipshort,8,100,0.0,0.0,-952
flipshort,10,10,0.5346534653465347,0.3176470588235294,-470
flipshort,10,15,0.6683168316831684,0.2647058823529412,-335
flipshort,10,20,0.6534653465346535,0.19411764705882353,-350
flipshort,10,25,0.693069306930693,0.16470588235294117,-310
flipshort,10,30,0.504950495049505,0.1,-500
flipshort,10,39,0.38613861386138615,0.058823529411764705,-620
flipshort,10,45,0.0,0.0,-1010
flipshort,10,50,0.0,0.0,-1010
flipshort,10,60,0.0,0.0,-1010
flipshort,10,75,0.0,0.0,-1010
flipshort,10,100,0.0,0.0,-1010
flipshort,12,10,0.5141843971631206,0.3411764705882353,-548
flipshort,12,15,0.651595744680851,0.28823529411764703,-393
flipshort,12,20,0.6382978723404256,0.21176470588235294,-408
flipshort,12,25,0.6205673758865248,0.16470588235294117,-428
flipshort,12,30,0.4521276595744681,0.1,-618
flipshort,12,39,0.34574468085106386,0.058823529411764705,-738
flipshort,12,45,0.0,0.0,-1128
flipshort,12,50,0.0,0.0,-1128
flipshort,12,60,0.0,0.0,-1128
flipshort,12,75,0.0,0.0,-1128
flipshort,12,100,0.0,0.0,-1128
flipshort,15,10,0.5887445887445888,0.4,-475
flipshort,15,15,0.7012987012987013,0.3176470588235294,-345
flipshort,15,20,0.658008658008658,0.2235294117647059,-395
flipshort,15,25,0.6277056277056277,0.17058823529411765,-430
flipshort,15,30,0.44155844155844154,0.1,-645
flipshort,15,39,0.33766233766233766,0.058823529411764705,-765
flipshort,15,45,0.0,0.0,-1155
flipshort,15,50,0.0,0.0,-1155
flipshort,15,60,0.0,0.0,-1155
flipshort,15,75,0.0,0.0,-1155
flipshort,15,100,0.0,0.0,-1155
flipshort,17,10,0.7058823529411765,0.4588235294117647,-325
flipshort,17,15,0.8416289592760181,0.36470588235294116,-175
flipshort,17,20,0.7963800904977375,0.25882352941176473,-225
flipshort,17,25,0.7692307692307693,0.2,-255
flipshort,17,30,0.5701357466063348,0.12352941176470589,-475
flipshort,17,39,0.4235294117647059,0.07058823529411765,-637
flipshort,17,45,0.04072398190045249,0.0058823529411764705,-1060
flipshort,17,50,0.04524886877828054,0.0058823529411764705,-1055
flipshort,17,60,0.05429864253393665,0.0058823529411764705,-1045
flipshort,17,75,0.0,0.0,-1105
flipshort,17,100,0.0,0.0,-1105
flipshort,20,10,0.8365384615384616,0.5117647058823529,-170
flipshort,20,15,0.9663461538461539,0.3941176470588235,-35
flipshort,20,20,0.9038461538461539,0.27647058823529413,-100
flipshort,20,25,0.8413461538461539,0.20588235294117646,-165
flipshort,20,30,0.6346153846153846,0.12941176470588237,-380
flipshort,20,39,0.4875,0.07647058823529412,-533
flipshort,20,45,0.04326923076923077,0.0058823529411764705,-995
flipshort,20,50,0.04807692307692308,0.0058823529411764705,-990
flipshort,20,60,0.057692307692307696,0.0058823529411764705,-980
flipshort,20,75,0.0,0.0,-1040
flipshort,20,100,0.0,0.0,-1040
flipshort,25,10,1.062857142857143,0.5470588235294118,55
flipshort,25,15,1.217142857142857,0.4176470588235294,190
flipshort,25,20,1.12,0.28823529411764703,105
flipshort,25,25,1.0571428571428572,0.21764705882352942,50
flipshort,25,30,0.8228571428571428,0.1411764705882353,-155
flipshort,25,39,0.5794285714285714,0.07647058823529412,-368
flipshort,25,45,0.05142857142857143,0.0058823529411764705,-830
flipshort,25,50,0.05714285714285714,0.0058823529411764705,-825
flipshort,25,60,0.06857142857142857,0.0058823529411764705,-815
flipshort,25,75,0.0,0.0,-875
flipshort,25,100,0.0,0.0,-875
flipshort,30,10,1.2307692307692308,0.5647058823529412,180
flipshort,30,15,1.4230769230769231,0.43529411764705883,330
flipshort,30,20,1.3333333333333333,0.3058823529411765,260
flipshort,30,25,1.2179487179487178,0.2235294117647059,170
flipshort,30,30,0.9615384615384616,0.14705882352941177,-30
flipshort,30,39,0.65,0.07647058823529412,-273
flipshort,30,45,0.057692307692307696,0.0058823529411764705,-735
flipshort,30,50,0.0641025641025641,0.0058823529411764705,-730
flipshort,30,60,0.07692307692307693,0.0058823529411764705,-720
flipshort,30,75,0.0,0.0,-780
flipshort,30,100,0.0,0.0,-780
flipshort,40,10,4.166666666666667,0.5882352941176471,760
flipshort,40,15,4.75,0.4470588235294118,900
flipshort,40,20,4.5,0.3176470588235294,840
flipshort,40,25,4.0625,0.22941176470588234,735
flipshort,40,30,3.125,0.14705882352941177,510
flipshort,40,39,2.1125,0.07647058823529412,267
flipshort,40,45,0.1875,0.0058823529411764705,-195
flipshort,40,50,0.20833333333333334,0.0058823529411764705,-190
flipshort,40,60,0.25,0.0058823529411764705,-180
flipshort,40,75,0.0,0.0,-240
flipshort,40,100,0.0,0.0,-240
flipshort,50,10,10.1,0.5941176470588235,910
flipshort,50,15,11.55,0.45294117647058824,1055
flipshort,50,20,10.8,0.3176470588235294,980
flipshort,50,25,9.75,0.22941176470588234,875
flipshort,50,30,7.5,0.14705882352941177,650
flipshort,50,39,5.07,0.07647058823529412,407
flipshort,50,45,0.45,0.0058823529411764705,-55
flipshort,50,50,0.5,0.0058823529411764705,-50
flipshort,50,60,0.6,0.0058823529411764705,-40
flipshort,50,75,0.0,0.0,-100
flipshort,50,100,0.0,0.0,-100
along,5,10,0.35543766578249336,0.15056179775280898,-1215
along,5,15,0.53315649867374,0.15056179775280898,-880
along,5,20,0.6790450928381963,0.14382022471910114,-605
along,5,25,0.7427055702917772,0.1258426966292135,-485
along,5,30,0.7798408488063661,0.1101123595505618,-415
along,5,39,0.7034482758620689,0.07640449438202247,-559
along,5,45,0.023872679045092837,0.0022471910112359553,-1840
along,5,50,0.026525198938992044,0.0022471910112359553,-1835
along,5,60,0.0,0.0,-1885
along,5,75,0.0,0.0,-1885
along,5,100,0.0,0.0,-1885
along,8,10,0.3654970760233918,0.2247191011235955,-1736
along,8,15,0.5208333333333334,0.21348314606741572,-1311
along,8,20,0.6578947368421053,0.20224719101123595,-936
along,8,25,0.7035818713450293,0.17303370786516853,-811
along,8,30,0.6798245614035088,0.1393258426966292,-876
along,8,39,0.5986842105263158,0.09438202247191012,-1098
along,8,45,0.01644736842105263,0.0022471910112359553,-2691
along,8,50,0.01827485380116959,0.0022471910112359553,-2686
along,8,60,0.0,0.0,-2736
along,8,75,0.0,0.0,-2736
along,8,100,0.0,0.0,-2736
along,10,10,0.38170347003154576,0.27191011235955054,-1960
along,10,15,0.5394321766561514,0.25617977528089886,-1460
along,10,20,0.6624605678233438,0.23595505617977527,-1070
along,10,25,0.7097791798107256,0.20224719101123595,-920
along,10,30,0.6813880126182965,0.16179775280898875,-1010
along,10,39,0.5659305993690852,0.10337078651685393,-1376
along,10,45,0.014195583596214511,0.0022471910112359553,-3125
along,10,50,0.015772870662460567,0.0022471910112359553,-3120
along,10,60,0.0,0.0,-3170
along,10,75,0.0,0.0,-3170
along,10,100,0.0,0.0,-3170
along,12,10,0.43567251461988304,0.3348314606741573,-1930
along,12,15,0.5877192982456141,0.30112359550561796,-1410
along,12,20,0.7017543859649122,0.2696629213483146,-1020
along,12,25,0.7383040935672515,0.22696629213483147,-895
along,12,30,0.7017543859649122,0.1797752808988764,-1020
along,12,39,0.5929824561403508,0.11685393258426967,-1392
along,12,45,0.013157894736842105,0.0022471910112359553,-3375
along,12,50,0.014619883040935672,0.0022471910112359553,-3370
along,12,60,0.0,0.0,-3420
along,12,75,0.0,0.0,-3420
along,12,100,0.0,0.0,-3420
along,15,10,0.4701195219123506,0.39775280898876403,-1995
along,15,15,0.6135458167330677,0.34606741573033706,-1455
along,15,20,0.7118193891102258,0.30112359550561796,-1085
along,15,25,0.7370517928286853,0.24943820224719102,-990
along,15,30,0.701195219123506,0.19775280898876405,-1125
along,15,39,0.5904382470119522,0.12808988764044943,-1542
along,15,45,0.01195219123505976,0.0022471910112359553,-3720
along,15,50,0.013280212483399735,0.0022471910112359553,-3715
along,15,60,0.0,0.0,-3765
along,15,75,0.0,0.0,-3765
along,15,100,0.0,0.0,-3765
along,17,10,0.4817444219066937,0.42696629213483145,-2044
along,17,15,0.6237322515212982,0.3685393258426966,-1484
along,17,20,0.7150101419878296,0.31685393258426964,-1124
along,17,25,0.7352941176470589,0.2606741573033708,-1044
along,17,30,0.6997971602434077,0.20674157303370785,-1184
along,17,39,0.5933062880324543,0.1348314606741573,-1604
along,17,45,0.01140973630831643,0.0022471910112359553,-3899
along,17,50,0.012677484787018255,0.0022471910112359553,-3894
along,17,60,0.0,0.0,-3944
along,17,75,0.0,0.0,-3944
along,17,100,0.0,0.0,-3944
along,20,10,0.6716867469879518,0.501123595505618,-1090
along,20,15,0.8132530120481928,0.4044943820224719,-620
along,20,20,0.9036144578313253,0.33707865168539325,-320
along,20,25,0.9186746987951807,0.27415730337078653,-270
along,20,30,0.858433734939759,0.21348314606741572,-470
along,20,39,0.716566265060241,0.13707865168539327,-941
along,20,45,0.01355421686746988,0.0022471910112359553,-3275
along,20,50,0.015060240963855422,0.0022471910112359553,-3270
along,20,60,0.0,0.0,-3320
along,20,75,0.0,0.0,-3320
along,20,100,0.0,0.0,-3320
along,25,10,1.3891891891891892,0.5775280898876405,720
along,25,15,1.5972972972972972,0.44269662921348313,1105
along,25,20,1.772972972972973,0.3685393258426966,1430
along,25,25,1.7432432432432432,0.2898876404494382,1375
along,25,30,1.6216216216216217,0.2247191011235955,1150
along,25,39,1.3491891891891892,0.14382022471910114,646
along,25,45,0.024324324324324326,0.0022471910112359553,-1805
along,25,50,0.02702702702702703,0.0022471910112359553,-1800
along,25,60,0.0,0.0,-1850
along,25,75,0.0,0.0,-1850
along,25,100,0.0,0.0,-1850
along,30,10,2.8020833333333335,0.604494382022472,1730
along,30,15,3.234375,0.4651685393258427,2145
along,30,20,3.5416666666666665,0.38202247191011235,2440
along,30,25,3.4895833333333335,0.30112359550561796,2390
along,30,30,3.1875,0.2292134831460674,2100
along,30,39,2.6,0.14382022471910114,1536
along,30,45,0.046875,0.0022471910112359553,-915
along,30,50,0.052083333333333336,0.0022471910112359553,-910
along,30,60,0.0,0.0,-960
along,30,75,0.0,0.0,-960
along,30,100,0.0,0.0,-960
along,40,10,23.083333333333332,0.6224719101123596,2650
along,40,15,26.5,0.4764044943820225,3060
along,40,20,28.833333333333332,0.3887640449438202,3340
along,40,25,28.333333333333332,0.3056179775280899,3280
along,40,30,25.75,0.23146067415730337,2970
along,40,39,20.8,0.14382022471910114,2376
along,40,45,0.375,0.0022471910112359553,-75
along,40,50,0.4166666666666667,0.0022471910112359553,-70
along,40,60,0.0,0.0,-120
along,40,75,0.0,0.0,-120
along,40,100,0.0,0.0,-120
along,50,10,55.8,0.6269662921348315,2740
along,50,15,64.2,0.48089887640449436,3160
along,50,20,69.6,0.39101123595505616,3430
along,50,25,68.5,0.30786516853932583,3375
along,50,30,61.8,0.23146067415730337,3040
along,50,39,49.92,0.14382022471910114,2446
along,50,45,0.9,0.0022471910112359553,-5
along,50,50,1.0,0.0022471910112359553,0
along,50,60,0.0,0.0,-50
along,50,75,0.0,0.0,-50
along,50,100,0.0,0.0,-50
fliplong,5,10,0.46808510638297873,0.18333333333333332,-375
fliplong,5,15,0.574468085106383,0.15,-300
fliplong,5,20,0.624113475177305,0.12222222222222222,-265
fliplong,5,25,0.6382978723404256,0.1,-255
fliplong,5,30,0.5531914893617021,0.07222222222222222,-315
fliplong,5,39,0.4978723404255319,0.05,-354
fliplong,5,45,0.0,0.0,-705
fliplong,5,50,0.0,0.0,-705
fliplong,5,60,0.0,0.0,-705
fliplong,5,75,0.0,0.0,-705
fliplong,5,100,0.0,0.0,-705
fliplong,8,10,0.6086956521739131,0.3111111111111111,-360
fliplong,8,15,0.75,0.25555555555555554,-230
fliplong,8,20,0.8478260869565217,0.21666666666666667,-140
fliplong,8,25,0.8695652173913043,0.17777777777777778,-120
fliplong,8,30,0.8478260869565217,0.14444444444444443,-140
fliplong,8,39,0.7630434782608696,0.1,-218
fliplong,8,45,0.0,0.0,-920
fliplong,8,50,0.0,0.0,-920
fliplong,8,60,0.0,0.0,-920
fliplong,8,75,0.0,0.0,-920
fliplong,8,100,0.0,0.0,-920
fliplong,10,10,0.64,0.35555555555555557,-360
fliplong,10,15,0.795,0.29444444444444445,-205
fliplong,10,20,0.86,0.2388888888888889,-140
fliplong,10,25,0.9,0.2,-100
fliplong,10,30,0.9,0.16666666666666666,-100
fliplong,10,39,0.819,0.11666666666666667,-181
fliplong,10,45,0.0,0.0,-1000
fliplong,10,50,0.0,0.0,-1000
fliplong,10,60,0.0,0.0,-1000
fliplong,10,75,0.0,0.0,-1000
fliplong,10,100,0.0,0.0,-1000
fliplong,12,10,0.7549019607843137,0.42777777777777776,-250
fliplong,12,15,0.9117647058823529,0.34444444444444444,-90
fliplong,12,20,1.0196078431372548,0.28888888888888886,20
fliplong,12,25,1.0049019607843137,0.22777777777777777,5
fliplong,12,30,0.9411764705882353,0.17777777777777778,-60
fliplong,12,39,0.8794117647058823,0.12777777777777777,-123
fliplong,12,45,0.0,0.0,-1020
fliplong,12,50,0.0,0.0,-1020
fliplong,12,60,0.0,0.0,-1020
fliplong,12,75,0.0,0.0,-1020
fliplong,12,100,0.0,0.0,-1020
fliplong,15,10,0.7008547008547008,0.45555555555555555,-350
fliplong,15,15,0.8461538461538461,0.36666666666666664,-180
fliplong,15,20,0.905982905982906,0.29444444444444445,-110
fliplong,15,25,0.8974358974358975,0.23333333333333334,-120
fliplong,15,30,0.8461538461538461,0.18333333333333332,-180
fliplong,15,39,0.7666666666666667,0.12777777777777777,-273
fliplong,15,45,0.0,0.0,-1170
fliplong,15,50,0.0,0.0,-1170
fliplong,15,60,0.0,0.0,-1170
fliplong,15,75,0.0,0.0,-1170
fliplong,15,100,0.0,0.0,-1170
fliplong,17,10,0.7026143790849673,0.4777777777777778,-364
fliplong,17,15,0.8578431372549019,0.3888888888888889,-174
fliplong,17,20,0.8986928104575164,0.3055555555555556,-124
fliplong,17,25,0.8782679738562091,0.2388888888888889,-149
fliplong,17,30,0.8333333333333334,0.18888888888888888,-204
fliplong,17,39,0.7647058823529411,0.13333333333333333,-288
fliplong,17,45,0.0,0.0,-1224
fliplong,17,50,0.0,0.0,-1224
fliplong,17,60,0.0,0.0,-1224
fliplong,17,75,0.0,0.0,-1224
fliplong,17,100,0.0,0.0,-1224
fliplong,20,10,0.95,0.5277777777777778,-50
fliplong,20,15,1.17,0.43333333333333335,170
fliplong,20,20,1.2,0.3333333333333333,200
fliplong,20,25,1.15,0.25555555555555554,150
fliplong,20,30,1.11,0.20555555555555555,110
fliplong,20,39,1.014,0.14444444444444443,14
fliplong,20,45,0.0,0.0,-1000
fliplong,20,50,0.0,0.0,-1000
fliplong,20,60,0.0,0.0,-1000
fliplong,20,75,0.0,0.0,-1000
fliplong,20,100,0.0,0.0,-1000
fliplong,25,10,1.1,0.55,90
fliplong,25,15,1.3333333333333333,0.4444444444444444,300
fliplong,25,20,1.3333333333333333,0.3333333333333333,300
fliplong,25,25,1.2777777777777777,0.25555555555555554,250
fliplong,25,30,1.2333333333333334,0.20555555555555555,210
fliplong,25,39,1.1266666666666667,0.14444444444444443,114
fliplong,25,45,0.0,0.0,-900
fliplong,25,50,0.0,0.0,-900
fliplong,25,60,0.0,0.0,-900
fliplong,25,75,0.0,0.0,-900
fliplong,25,100,0.0,0.0,-900
fliplong,30,10,1.3076923076923077,0.5666666666666667,240
fliplong,30,15,1.5769230769230769,0.45555555555555555,450
fliplong,30,20,1.5384615384615385,0.3333333333333333,420
fliplong,30,25,1.4743589743589745,0.25555555555555554,370
fliplong,30,30,1.4230769230769231,0.20555555555555555,330
fliplong,30,39,1.3,0.14444444444444443,234
fliplong,30,45,0.0,0.0,-780
fliplong,30,50,0.0,0.0,-780
fliplong,30,60,0.0,0.0,-780
fliplong,30,75,0.0,0.0,-780
fliplong,30,100,0.0,0.0,-780
fliplong,40,10,2.477272727272727,0.6055555555555555,650
fliplong,40,15,2.9318181818181817,0.4777777777777778,850
fliplong,40,20,2.8181818181818183,0.34444444444444444,800
fliplong,40,25,2.6704545454545454,0.2611111111111111,735
fliplong,40,30,2.590909090909091,0.2111111111111111,700
fliplong,40,39,2.393181818181818,0.15,613
fliplong,40,45,0.0,0.0,-440
fliplong,40,50,0.0,0.0,-440
fliplong,40,60,0.0,0.0,-440
fliplong,40,75,0.0,0.0,-440
fliplong,40,100,0.0,0.0,-440
fliplong,50,10,22.4,0.6222222222222222,1070
fliplong,50,15,26.1,0.48333333333333334,1255
fliplong,50,20,24.8,0.34444444444444444,1190
fliplong,50,25,23.5,0.2611111111111111,1125
fliplong,50,30,22.8,0.2111111111111111,1090
fliplong,50,39,21.06,0.15,1003
fliplong,50,45,0.0,0.0,-50
fliplong,50,50,0.0,0.0,-50
fliplong,50,60,0.0,0.0,-50
fliplong,50,75,0.0,0.0,-50
fliplong,50,100,0.0,0.0,-50
