inst,tf,fam,n_ma,ent,side,trend,stop,n,wr,pf,net,maxdd,top10,yrs_pos,yrs,is_pf,oos_pf
AU200,4H,zrev,10,1.5,long,False,0.0,185,68.64864864864865,1.3996906578676027,1938.100000000005,1640.6000000000013,73.78360249729089,4,7,1.318439838307389,1.474560152163577
AU200,4H,zrev,10,1.5,long,False,4.0,215,69.30232558139535,1.178011122542676,1245.7940917388614,1734.871720292942,138.50603494126153,4,7,1.1250795286243023,1.2229897498029032
AU200,4H,zrev,10,1.5,long,True,0.0,121,57.85123966942148,1.1308405051604193,396.8000000000029,1112.3999999999987,289.9193548387072,3,7,1.6648632697226082,0.8615644065274547
AU200,4H,zrev,10,1.5,long,True,4.0,129,57.36434108527132,1.0256746053772616,90.55046991004019,1244.142922176623,1270.451717305161,4,7,1.3534461298257414,0.8446712724192204
AU200,4H,zrev,10,1.5,both,False,0.0,380,66.57894736842105,1.2151846963246646,2315.000000000008,1608.999999999999,66.15550755939502,4,7,1.1790112613931345,1.2480788002484704
AU200,4H,zrev,10,1.5,both,False,4.0,435,67.35632183908045,1.0907665700862919,1276.1298800211835,1943.6634278561378,137.50951431141718,4,7,1.0839232931296303,1.0960351000773758
AU200,4H,zrev,10,1.5,both,True,0.0,197,57.360406091370564,0.9402242479165572,-336.39999999999054,1495.299999999993,-349.8513674197479,2,7,1.0189093429869849,0.8728184487479808
AU200,4H,zrev,10,1.5,both,True,4.0,208,56.25,0.8911814649561589,-675.5265959808294,1662.9710401108741,-174.21963946381732,2,7,0.9169425526996205,0.869136073162267
AU200,4H,zrev,10,2.0,long,False,0.0,121,71.900826446281,1.7431573967696177,2199.300000000004,1561.1000000000004,76.43341063065508,5,7,1.3808342195438996,2.2272655509946344
AU200,4H,zrev,10,2.0,long,False,4.0,136,71.32352941176471,1.5643496041604834,2084.488300522601,1283.8908942478201,84.99448039865791,5,7,1.349394950810023,1.8054613624571614
AU200,4H,zrev,10,2.0,long,True,0.0,74,63.51351351351351,1.6131892311674934,947.5000000000073,537.7999999999975,119.6728232189963,4,7,2.440022632968703,1.1812807881773442
AU200,4H,zrev,10,2.0,long,True,4.0,77,62.33766233766234,1.4900173788163604,848.3450249411308,554.6959642795573,133.66024042855483,4,7,2.018328367496601,1.1772442485166401
AU200,4H,zrev,10,2.0,both,False,0.0,239,70.7112970711297,1.6322052437932977,3814.5999999999985,1216.3999999999996,46.61825617364866,5,7,1.453811659192827,1.7971800433839464
AU200,4H,zrev,10,2.0,both,False,4.0,265,70.18867924528301,1.5050897367566614,3620.555977405893,1003.3565300176351,49.365346404078835,6,7,1.421126063612462,1.5706913082246965
AU200,4H,zrev,10,2.0,both,True,0.0,112,61.60714285714286,1.378513939111167,973.5000000000082,605.9999999999991,118.68515665125722,4,7,1.8303737859315288,1.081862681952855
AU200,4H,zrev,10,2.0,both,True,4.0,115,60.0,1.2859898500113844,801.8898447463807,597.2548774505294,144.08462802835783,4,7,1.5649927813345708,1.0835941754549194
AU200,4H,zrev,10,2.5,both,False,0.0,55,70.9090909090909,2.836791024841951,2062.899999999996,269.00000000000273,71.06985311939509,5,7,3.1575710991544965,2.55981416957026
AU200,4H,zrev,10,2.5,both,False,4.0,60,70.0,2.2041141756161333,1781.8218487214872,340.37880642995606,82.28095311840356,5,7,2.204059899824101,2.204174460598804
AU200,4H,zrev,20,1.5,long,False,0.0,119,73.94957983193278,1.7006582713222664,2448.0999999999995,1185.499999999999,58.85788979208366,5,7,1.6773092128908604,1.7220212649347781
AU200,4H,zrev,20,1.5,long,False,4.0,145,74.48275862068967,1.4271603723724662,2415.0855050063383,1191.9992769937871,77.02418801089685,5,7,1.6491063353059583,1.2892941429973444
AU200,4H,zrev,20,1.5,long,True,0.0,80,61.25000000000001,1.2255299577706247,539.4000000000024,567.2999999999975,226.14015572858636,4,7,1.6206672724912383,1.0378068336005934
AU200,4H,zrev,20,1.5,long,True,4.0,84,59.523809523809526,1.217668083485053,541.136645743446,565.5633542565538,226.35687485499295,3,7,1.7241316851687358,1.009541076216792
AU200,4H,zrev,20,1.5,both,False,0.0,232,69.82758620689656,1.248100087285424,2131.8000000000065,1905.0999999999995,72.14560465334436,4,7,1.1363783683674424,1.361042851459197
AU200,4H,zrev,20,1.5,both,False,4.0,290,69.6551724137931,1.148574435179171,1861.089506457064,1667.1092668734782,102.54745907590387,4,7,1.113885245353402,1.17803490655405
AU200,4H,zrev,20,1.5,both,True,0.0,130,54.61538461538461,0.8429007978014321,-765.9999999999964,1233.9999999999982,-162.5979112271548,3,7,0.701386675167358,0.992984828635423
AU200,4H,zrev,20,1.5,both,True,4.0,137,53.284671532846716,0.8304943092963767,-862.9439747782335,1234.909751917662,-144.63279615814523,2,7,0.6896911373874076,0.9756316543046187
AU200,4H,zrev,20,2.0,long,False,0.0,85,69.41176470588235,1.5687884280484778,1600.4000000000015,1052.199999999999,90.40864783804034,5,7,1.698835784313728,1.45620316955109
AU200,4H,zrev,20,2.0,long,False,4.0,108,70.37037037037037,1.2659808244902075,1324.398672479174,1241.773622618538,144.05028030032244,5,7,1.6376915312733118,1.073019414630712
AU200,4H,zrev,20,2.0,long,True,0.0,61,55.73770491803278,1.025476255582902,55.900000000003274,906.7999999999975,2142.218246869286,4,7,1.500466355762827,0.7785551014753768
AU200,4H,zrev,20,2.0,long,True,4.0,64,54.6875,1.0465559488322498,104.37049951519839,881.2548774505294,1158.6607380602798,4,7,1.598950129919985,0.7935326523259375
AU200,4H,zrev,20,2.0,both,False,0.0,161,65.83850931677019,1.296991332593629,1846.9000000000015,1622.2999999999993,85.28886241810588,3,7,1.0798083628976016,1.5422144617912903
AU200,4H,zrev,20,2.0,both,False,4.0,205,66.34146341463415,1.1497748079654926,1444.6460179078458,1411.5324830587952,133.67288429567276,3,7,1.0657733595549035,1.2245715888110784
AU200,4H,zrev,20,2.0,both,True,0.0,87,52.87356321839081,0.8186091564342904,-636.6999999999962,1145.4999999999973,-204.06784985079426,3,7,0.708583953512082,0.9580184718723767
AU200,4H,zrev,20,2.0,both,True,4.0,93,51.61290322580645,0.8258830528909933,-630.6835398223648,1090.93077559644,-206.01457275481675,3,7,0.7131714943502258,0.9617850433523314
AU200,4H,zrev,20,2.5,long,False,0.0,47,74.46808510638297,1.958877465962768,1725.500000000001,660.1999999999998,106.79223413503325,6,7,1.7842618089387852,2.1516426984683736
AU200,4H,zrev,20,2.5,long,False,4.0,61,73.77049180327869,1.436216725464934,1330.9588161501733,816.8926880243225,146.6010800878037,6,7,1.3685407339617308,1.5026780764248922
AU200,4H,zrev,20,2.5,both,False,0.0,83,71.08433734939759,1.6142477632904808,2011.5999999999976,1006.5999999999985,96.98250149135026,5,7,1.3870787458782765,1.8878567582121666
AU200,4H,zrev,20,2.5,both,False,4.0,105,70.47619047619048,1.3420708912805406,1679.8565841864984,1141.2320590081836,120.5757693285993,5,7,1.1848136774749363,1.5293087539151013
AU200,4H,zrev,20,2.5,both,True,0.0,44,50.0,0.8603057459146037,-238.49999999999636,850.5999999999985,-426.62473794549953,3,6,0.6211847648525503,1.371370819551642
AU200,4H,zrev,20,2.5,both,True,4.0,47,46.808510638297875,0.8723026498932649,-215.0192572035894,810.2232929240317,-473.21342898910143,3,6,0.6435245483491432,1.3300755084885403
AU200,4H,zrev,50,1.5,long,False,0.0,63,84.12698412698413,2.652467143186537,2866.7000000000035,749.9999999999982,58.71210799874411,5,7,4.96519386834986,1.5659578073371208
AU200,4H,zrev,50,1.5,long,False,4.0,86,73.25581395348837,1.5132847041227153,2506.3796536840055,1308.5104497872017,93.17423226634706,5,7,2.143891197506594,1.0892984216461923
AU200,4H,zrev,50,1.5,long,True,0.0,56,51.78571428571429,1.1433281813498222,278.20000000000437,635.7999999999975,479.3314162472966,4,7,1.4270706083557312,0.9363863150392042
AU200,4H,zrev,50,1.5,long,True,4.0,56,51.78571428571429,1.1445351376901827,280.24685918282285,633.753140817179,475.8304888370125,4,7,1.4823469324543839,0.9132154121919714
AU200,4H,zrev,50,1.5,both,False,0.0,117,71.7948717948718,1.5327005511328848,2609.7000000000025,1326.0,72.41062191056439,5,7,1.9175541222938852,1.26717030597813
AU200,4H,zrev,50,1.5,both,False,4.0,170,67.05882352941175,1.162437434720989,1727.1137854050776,2074.682254666088,143.66164064969573,5,7,1.374814206723535,0.9988804372219673
AU200,4H,zrev,50,1.5,both,True,0.0,82,43.90243902439025,0.7274536382776228,-944.9999999999973,1688.0999999999976,-148.52910052910082,2,7,0.8645315425841038,0.6168039195246533
AU200,4H,zrev,50,1.5,both,True,4.0,85,43.529411764705884,0.7251857301688868,-989.7222168874823,1691.9018107069378,-141.8175702283511,2,7,0.863363520393662,0.6077823719957168
AU200,4H,zrev,50,2.0,long,False,0.0,41,80.48780487804879,2.810500000000003,2534.7000000000025,429.10000000000036,88.1445535960863,5,7,3.7944535073409447,2.375630857966839
AU200,4H,zrev,50,2.0,long,False,4.0,59,69.49152542372882,1.6689375484228741,2390.0281417121532,615.3702025647108,103.8565176986502,5,7,1.6873279829535528,1.6543814207174958
AU200,4H,zrev,50,2.0,both,False,0.0,86,70.93023255813954,1.9356057278397611,3195.0,727.4000000000005,71.10485133020353,5,7,1.6091654484205167,2.2144874022589063
AU200,4H,zrev,50,2.0,both,False,4.0,122,68.85245901639344,1.403651403038682,2837.936988773673,920.4446828535374,87.46494407096081,5,7,1.2243300191140452,1.5857247841590243
AU200,4H,zrev,50,2.0,both,True,0.0,53,41.509433962264154,0.6123926720215255,-979.5999999999976,1118.2999999999984,-122.31523070641114,3,7,0.4288027199870478,0.7879256965944283
AU200,4H,zrev,50,2.0,both,True,4.0,55,41.81818181818181,0.6213902347195531,-1020.0811561169812,1122.1018107069385,-124.12737872934446,3,7,0.4776523073181257,0.770932647741389
AU200,4H,zrev,50,2.5,long,False,4.0,45,75.55555555555556,2.4879681059735947,3036.199566006945,605.6916847818038,79.65220821042922,7,7,2.255611908502572,2.7523829487009843
AU200,4H,zrev,50,2.5,both,False,0.0,65,81.53846153846153,4.356406261592104,4524.0999999999985,344.5,50.20225017130482,7,7,4.805795314426623,4.102519447347035
AU200,4H,zrev,50,2.5,both,False,4.0,86,73.25581395348837,2.1352744211842083,4338.742984115248,605.6916847818038,57.136364358893154,7,7,1.812847917509243,2.506642818673886
AU200,4H,rsi2,2,,long,True,0.0,120,60.83333333333333,1.0926085830239176,214.49999999999818,730.7999999999984,380.2331002331032,3,7,1.9168193994078657,0.7287945734022022
AU200,4H,rsi2,2,,long,True,4.0,128,63.28125,1.1181856693099248,299.3152265359704,662.5546849686843,282.6451596836256,2,7,1.8782124658979205,0.7847159912683732
AU200,4H,rsi2,2,,both,True,0.0,182,59.34065934065934,0.9499847125968202,-196.30000000000018,1250.2999999999975,-484.71726948548053,2,7,1.3407372078762703,0.7165764519148584
AU200,4H,rsi2,2,,both,True,4.0,195,61.02564102564103,0.969549346148544,-127.59729238511227,1272.2038026901018,-755.8154111054816,2,7,1.3614005626052712,0.7460795662129078
AU200,Daily,zrev,10,1.5,long,False,0.0,66,68.18181818181817,1.3428199404761896,921.4999999999982,961.6999999999989,195.26858383071124,5,7,1.4238529124633894,1.2745407183986834
AU200,Daily,zrev,10,1.5,long,False,4.0,76,68.42105263157895,0.9800278584164247,-89.49914376343986,1527.9991437634371,-2342.257044984526,4,7,1.021854819558612,0.9442814746012508
AU200,Daily,zrev,10,1.5,long,True,0.0,51,62.745098039215684,0.9314140971308887,-140.79999999999836,805.5000000000009,-837.3579545454648,2,6,0.8880606773898279,0.9571495109455055
AU200,Daily,zrev,10,1.5,long,True,4.0,54,62.96296296296296,0.8160422603276064,-466.9489320374423,1035.8489320374429,-268.35911039186624,2,6,0.8853830455446033,0.7760781168984019
AU200,Daily,zrev,10,1.5,both,False,0.0,133,63.90977443609023,1.1727243692111138,1081.599999999995,1560.1000000000004,223.65939349112526,5,7,1.2139894850275925,1.1332312404287896
AU200,Daily,zrev,10,1.5,both,False,4.0,150,64.66666666666666,0.9931815396246724,-58.57517830055258,2019.6297320873173,-4508.052858927598,4,7,1.0236421888523164,0.9624311681416546
AU200,Daily,zrev,10,1.5,both,True,0.0,79,59.49367088607595,0.86099429048879,-499.09999999999945,1377.499999999999,-294.8306952514531,2,7,0.837165092378067,0.8820260067114094
AU200,Daily,zrev,10,1.5,both,True,4.0,83,60.24096385542169,0.801955236795656,-830.8960147698672,1709.2960147698668,-181.51489153762822,2,7,0.847158519828042,0.7620859715817574
AU200,Daily,zrev,10,2.0,long,False,0.0,43,74.4186046511628,2.601549432168328,1819.2000000000035,615.6999999999989,105.27154793315725,7,7,3.6795058139534986,2.256883931683515
AU200,Daily,zrev,10,2.0,long,False,4.0,48,75.0,1.5589220675327684,1203.6248071617074,644.6559510963016,161.76137185069007,6,7,1.2883651757379466,1.7968107393588828
AU200,Daily,zrev,10,2.0,both,False,0.0,84,67.85714285714286,1.9378317458009175,2579.600000000004,540.6000000000004,90.31245154287471,6,7,1.9009126466753596,1.9614742366412228
AU200,Daily,zrev,10,2.0,both,False,4.0,91,68.13186813186813,1.5038429763483558,1951.8248071617081,969.5559510963021,119.36009786594462,6,7,1.231744239901982,1.7839003010218273
AU200,Daily,zrev,10,2.0,both,True,0.0,46,56.52173913043478,1.0153116608581407,26.80000000000382,673.6999999999998,4756.343283581421,3,7,0.8887613482208101,1.1684343434343454
AU200,Daily,zrev,10,2.0,both,True,4.0,48,58.333333333333336,0.9968038460846292,-6.528875894731755,704.6728879267948,-21192.009502224562,3,7,0.8864438203884751,1.1312015920972085
AU200,Daily,zrev,20,1.5,long,False,0.0,42,78.57142857142857,3.8290766208251408,3455.9999999999955,415.10000000000036,71.72743055555564,6,7,4.467331907816572,3.4935681278880937
AU200,Daily,zrev,20,1.5,long,False,4.0,50,70.0,1.826010369184304,2302.2307232595367,1066.3809421655978,111.66126722348483,5,7,1.2739756120357828,2.699766653165027
AU200,Daily,zrev,20,1.5,both,False,0.0,87,67.81609195402298,1.743299492385786,2928.5999999999976,829.1000000000013,91.70251997541493,5,7,1.738019545508063,1.7473007941465162
AU200,Daily,zrev,20,1.5,both,False,4.0,101,64.35643564356435,1.296901448383835,1766.4803743370567,1607.3280248980227,156.6844466663678,5,7,1.0603978588691392,1.5943324948949227
AU200,Daily,zrev,20,1.5,both,True,0.0,48,58.333333333333336,1.0907706722885926,232.5000000000009,872.9000000000005,761.806451612901,4,7,0.8724333485431204,1.4168207923683442
AU200,Daily,zrev,20,1.5,both,True,4.0,50,57.99999999999999,1.0980041572167534,262.4145093836614,878.5470827324243,680.7931482889389,4,7,0.880566224069339,1.4676249184556824
AU200,Daily,zrev,20,2.0,long,False,4.0,40,75.0,2.6122467440204575,2957.872390272766,459.51685290123714,90.90993948363095,7,7,2.7516101272628233,2.5139771456194477
AU200,Daily,zrev,20,2.0,both,False,0.0,66,72.72727272727273,2.471515253665933,3492.1999999999944,476.10000000000036,77.04026115342775,6,7,2.7244705388970396,2.301535860222626
AU200,Daily,zrev,20,2.0,both,False,4.0,75,70.66666666666667,1.8004993967771794,2855.3007211135537,590.9525360397711,96.76038602765878,6,7,1.5893739009081607,2.026368050781556
AU200,Daily,zrev,50,1.5,both,False,4.0,52,71.15384615384616,1.5981620358444875,2655.6375372067578,933.1000000000004,122.70499849265757,5,7,1.8325684717578705,1.4376269534732913
AU200,Daily,rsi2,2,,long,True,0.0,46,67.3913043478261,1.7745612596358915,944.5000000000045,452.89999999999964,138.83536262572736,4,6,4.40830636461708,1.3023210831721495
AU200,Daily,rsi2,2,,long,True,4.0,46,67.3913043478261,1.3720484550705576,586.7691107788023,632.2536013837198,223.47802157812112,4,6,4.40830636461708,0.9675721150038893
AU200,Daily,rsi2,2,,both,True,0.0,65,64.61538461538461,1.5477481346288073,1020.4000000000042,565.7000000000007,143.59074872598927,4,6,2.191294387170683,1.2335836395590363
AU200,Daily,rsi2,2,,both,True,4.0,65,64.61538461538461,1.2984147946402778,662.669110778802,745.0536013837209,221.10582433486664,4,6,2.191294387170683,0.9594099810952915
GOLD,4H,zrev,10,1.5,long,False,0.0,448,68.52678571428571,1.0616953993474476,250.4840000000279,609.819999999999,298.94524201143344,4,8,1.034345445495256,1.079395017577049
GOLD,4H,zrev,10,1.5,long,False,4.0,503,69.38369781312127,1.0962525205161537,469.1381403271147,514.0484781327367,220.00769310300072,6,8,1.0532083835969865,1.1230648883595236
GOLD,4H,zrev,10,1.5,long,True,0.0,263,61.97718631178707,0.8762322105325666,-346.46799999997484,557.7179999999742,-171.90909405776156,2,7,0.7645238209681262,0.9342602418140311
GOLD,4H,zrev,10,1.5,long,True,4.0,272,62.5,0.8857487123875073,-330.19837463965644,541.4483746396563,-180.37944634039698,1,7,0.8313272662417147,0.9114653546286635
GOLD,4H,zrev,10,1.5,both,False,0.0,853,62.71981242672919,0.7391106592358134,-2593.190999999947,2963.6529999999675,-33.117498865298394,1,8,0.7965093586549659,0.7092373114694048
GOLD,4H,zrev,10,1.5,both,False,4.0,1010,62.97029702970297,0.7807297534808725,-2749.3025691602843,3285.0417989437974,-50.94855748917538,1,8,0.7928938932807064,0.7748263862359289
GOLD,4H,zrev,10,1.5,both,True,0.0,430,58.6046511627907,0.7984755594954172,-881.3749999999711,1078.3519999999758,-84.69039852503496,1,8,0.6882647886568977,0.8696786188779125
GOLD,4H,zrev,10,1.5,both,True,4.0,448,58.70535714285714,0.7983206069480517,-922.4081659991537,1106.5769630953132,-80.92296095313269,1,8,0.7228035896146608,0.8448543527891836
GOLD,4H,zrev,10,2.0,long,False,0.0,292,65.06849315068493,1.1462169881963766,410.4460000000214,562.2699999999988,205.48379080316502,4,8,0.9956459306695916,1.2405879745130135
GOLD,4H,zrev,10,2.0,long,False,4.0,329,66.26139817629179,1.2404547823307426,779.1646993958226,466.4984781327365,145.8388708935516,4,8,1.0482425633273165,1.360903714555407
GOLD,4H,zrev,10,2.0,long,True,0.0,178,61.23595505617978,1.2921674401296632,433.39300000001816,232.9810000000057,148.66645284994797,3,7,0.9551250352918778,1.529378320172325
GOLD,4H,zrev,10,2.0,long,True,4.0,182,62.08791208791209,1.3087090468650888,464.151824015763,207.2143891013083,138.8144927290258,3,7,1.0485478039192537,1.470105726485665
GOLD,4H,zrev,10,2.0,both,False,0.0,587,56.899488926746166,0.7441424748524323,-1856.951999999957,2408.568999999979,-53.009716998609846,1,8,0.7805864871927015,0.7251824706669829
GOLD,4H,zrev,10,2.0,both,False,4.0,702,57.83475783475783,0.8087290919132479,-1775.3360240237753,2605.9824041158067,-88.60041021614157,2,8,0.7877637584932995,0.8184070765516692
GOLD,4H,zrev,10,2.0,both,True,0.0,296,54.729729729729726,1.0536292936453202,141.55200000002174,520.3519999999997,557.2828359895168,3,8,0.7468441603706925,1.304652276195128
GOLD,4H,zrev,10,2.0,both,True,4.0,307,54.72312703583062,1.0502140248969756,137.3941511276559,502.65592751730367,574.1474389743628,3,8,0.7940224383881859,1.2437955818488342
GOLD,4H,zrev,10,2.5,long,False,0.0,102,63.725490196078425,0.8391973052894302,-210.33699999999197,518.2149999999966,-225.5309336921323,4,8,0.7750561772836713,0.8844569044204107
GOLD,4H,zrev,10,2.5,long,False,4.0,119,63.86554621848739,1.0653495981821037,91.72882450182276,394.1934781327366,743.4031818280337,4,8,0.8227681425915266,1.2968374489818593
GOLD,4H,zrev,10,2.5,long,True,0.0,56,60.71428571428571,1.5702121837765435,229.23100000000738,157.86200000000053,149.81394314032144,4,7,1.0135438882365517,2.1709291200124765
GOLD,4H,zrev,10,2.5,long,True,4.0,57,61.40350877192983,1.676809814211509,265.05498012939347,122.03801987061445,130.13451014261864,4,7,1.194937061547012,2.1709291200124765
GOLD,4H,zrev,10,2.5,both,False,0.0,216,57.407407407407405,0.7139225357423199,-819.4379999999832,1138.154999999984,-77.89607023350331,3,8,0.6474259712393626,0.7575834687610384
GOLD,4H,zrev,10,2.5,both,False,4.0,264,57.95454545454546,0.799724304347329,-701.4402363441194,1216.580097234279,-129.88276873712903,2,8,0.6556151670567624,0.8975335670816039
GOLD,4H,zrev,10,2.5,both,True,0.0,94,55.319148936170215,1.4640679226410254,350.74300000000864,274.40600000000313,158.92405550502434,3,8,0.627379537562957,2.8625735644982417
GOLD,4H,zrev,10,2.5,both,True,4.0,98,55.10204081632652,1.49713522477972,376.6101723420493,240.0396247541168,148.0084822280741,3,8,0.6832589292951682,2.8625735644982417
GOLD,4H,zrev,20,1.5,long,False,0.0,244,73.36065573770492,1.1819664474104143,518.9250000000161,610.944999999994,179.5057089174687,6,8,1.2051994726794943,1.1687069696736205
GOLD,4H,zrev,20,1.5,long,False,4.0,298,71.47651006711409,1.1479525178789791,573.249759618136,652.4011193076075,215.4479752111404,6,8,1.1474628862991412,1.1482283836443061
GOLD,4H,zrev,20,1.5,long,True,0.0,160,50.625,0.9305930188891531,-145.63999999998228,856.9079999999847,-662.9051084867627,2,7,0.8755114847532961,0.9536035944731756
GOLD,4H,zrev,20,1.5,long,True,4.0,167,52.09580838323353,0.9232454859242722,-179.12300791469875,890.3910079147013,-558.6451520937699,2,7,0.9547203242172085,0.9113749893572775
GOLD,4H,zrev,20,1.5,both,False,0.0,492,63.617886178861795,0.7869187281912747,-1620.002999999967,2403.970999999982,-75.42887266258327,2,8,0.8852235566046199,0.7390841782838298
GOLD,4H,zrev,20,1.5,both,False,4.0,651,62.0583717357911,0.853809540875666,-1551.9796444667786,2733.1655187812266,-124.01837916252404,2,8,0.8899657572188705,0.8366021232032608
GOLD,4H,zrev,20,1.5,both,True,0.0,276,48.91304347826087,0.9491768696989202,-160.1199999999813,1157.3759999999847,-752.9758930802803,2,8,0.7663917929661216,1.0631336488641825
GOLD,4H,zrev,20,1.5,both,True,4.0,291,48.797250859106526,0.937437365822166,-214.61651940764318,1193.986214437193,-564.1131462487454,2,8,0.7962345328828405,1.0234248093413638
GOLD,4H,zrev,20,2.0,long,False,0.0,176,70.45454545454545,1.0848055999005148,200.48400000001203,739.8749999999948,438.32674926675077,4,8,0.9546350503878664,1.1623787374518308
GOLD,4H,zrev,20,2.0,long,False,4.0,220,68.18181818181817,1.0967770732759166,308.87073283371467,652.4011193076075,383.7479158759018,5,8,0.9744045097850931,1.1700863632003353
GOLD,4H,zrev,20,2.0,long,True,0.0,114,46.49122807017544,1.0078016363984856,10.789000000012066,388.31399999998916,7069.209379916122,3,7,0.8006115191598165,1.1081817986646527
GOLD,4H,zrev,20,2.0,long,True,4.0,120,48.333333333333336,0.9758467263457168,-37.57193731134089,436.6749373113422,-2073.773820986386,2,7,0.8540349734359864,1.0341797927504774
GOLD,4H,zrev,20,2.0,both,False,0.0,374,63.101604278074866,0.777649664900725,-1377.6659999999752,1836.1859999999815,-80.86176184939045,1,8,0.8855519042850791,0.7268082018609949
GOLD,4H,zrev,20,2.0,both,False,4.0,510,60.588235294117645,0.8531280491187432,-1307.431228243128,2266.536224912479,-142.2139811130655,3,8,0.8660858763271162,0.8470915381228963
GOLD,4H,zrev,20,2.0,both,True,0.0,195,45.12820512820513,1.0627000174837198,131.9720000000122,599.446999999989,768.3523777770353,2,8,0.6935348748010652,1.33403398576441
GOLD,4H,zrev,20,2.0,both,True,4.0,208,45.19230769230769,1.0493673203028517,112.8501802348643,600.6825147946834,899.7522182833962,2,8,0.7173761954816305,1.312421088605922
GOLD,4H,zrev,20,2.5,long,False,0.0,110,68.18181818181817,1.017295392339006,24.391000000006997,485.2549999999954,2009.5322045011,4,8,1.0804690484820443,0.9814638862496194
GOLD,4H,zrev,20,2.5,long,False,4.0,138,65.94202898550725,1.1613208213849615,305.22371787655425,394.1934781327366,276.19839174521815,4,8,1.0311090324244239,1.2503874575739504
GOLD,4H,zrev,20,2.5,long,True,0.0,79,43.037974683544306,1.0900832510187946,60.28200000000756,176.27700000000004,647.966225407176,6,7,0.9793590439978147,1.1644126425155454
GOLD,4H,zrev,20,2.5,long,True,4.0,83,44.57831325301205,1.0178994292358792,14.644340339730533,208.22385601005752,2859.2206291738466,4,7,0.9615516912922553,1.0547506614636355
GOLD,4H,zrev,20,2.5,both,False,0.0,230,60.43478260869565,0.687040504489324,-1322.0879999999838,1634.9629999999856,-68.42471908072797,1,8,0.821689275100033,0.6283775700934662
GOLD,4H,zrev,20,2.5,both,False,4.0,324,57.407407407407405,0.8288361168019781,-1031.018588457136,1780.1464394319269,-161.36760468011403,2,8,0.7918161319923235,0.8469662019629135
GOLD,4H,zrev,20,2.5,both,True,0.0,114,42.10526315789473,0.9247476527226182,-91.18499999999052,402.30399999999173,-614.9991774963655,3,8,0.6702250035402239,1.1132041596047442
GOLD,4H,zrev,20,2.5,both,True,4.0,125,40.8,0.9117509625935025,-121.52646687850547,414.75916190805304,-474.9969408533023,3,8,0.6816363997240806,1.102157991100528
GOLD,4H,zrev,50,1.5,long,False,0.0,87,64.36781609195403,1.220527245256495,325.04900000000043,513.4249999999992,312.33844743407917,4,7,0.8613771183038015,1.5322860691473263
GOLD,4H,zrev,50,1.5,long,False,4.0,130,62.30769230769231,1.1280384054711332,336.3220573795875,642.9904457915408,450.504201777627,4,7,0.8102945105578795,1.3940316667156103
GOLD,4H,zrev,50,1.5,long,True,0.0,82,34.146341463414636,1.2463927542540592,260.942000000006,608.4409999999937,401.4980340458711,2,7,0.9831069404384203,1.3639685293193804
GOLD,4H,zrev,50,1.5,long,True,4.0,84,34.523809523809526,1.175983493196916,201.5567538182445,608.0510632496482,526.7295587412372,2,7,0.8415778672429789,1.3544456645664655
GOLD,4H,zrev,50,1.5,both,False,0.0,196,62.755102040816325,0.6404643239563798,-1858.1529999999898,2305.7099999999955,-61.47932920486147,1,8,0.775103292076474,0.5698252083487035
GOLD,4H,zrev,50,1.5,both,False,4.0,353,52.40793201133145,0.8015297067072537,-1750.4738127974315,2785.327467023226,-131.0465191326723,1,8,0.7777222703905986,0.8138702851083484
GOLD,4H,zrev,50,1.5,both,True,0.0,147,38.095238095238095,1.002414600923792,4.398000000012573,744.0319999999907,25298.99954517557,2,8,0.95767944100772,1.0280731915923131
GOLD,4H,zrev,50,1.5,both,True,4.0,155,37.41935483870968,0.9862588069713847,-26.394614174185477,709.2288940311682,-4287.954324814179,2,8,0.8913440883510333,1.0505718853762869
GOLD,4H,zrev,50,2.0,long,False,0.0,74,67.56756756756756,1.677238374699636,823.2530000000017,513.4249999999992,152.68258967777822,5,7,1.242792550456093,1.986598874671673
GOLD,4H,zrev,50,2.0,long,False,4.0,111,63.06306306306306,1.3718973752673438,834.9200150169357,642.9904457915408,201.03302948917303,4,7,0.980639865671046,1.6565271483880257
GOLD,4H,zrev,50,2.0,long,True,0.0,54,42.592592592592595,2.66614243531901,735.237000000004,160.64499999999987,129.6542475419486,4,7,2.526933015305082,2.7247926564135967
GOLD,4H,zrev,50,2.0,long,True,4.0,55,43.63636363636363,2.6022556034659767,741.9112456100371,160.64499999999987,128.56335655294154,4,7,2.526933015305082,2.6319111909118997
GOLD,4H,zrev,50,2.0,both,False,0.0,169,62.721893491124256,0.8576953321614593,-646.5909999999876,1429.6199999999922,-216.87743875185888,2,8,0.9213684121102924,0.8264731447314542
GOLD,4H,zrev,50,2.0,both,False,4.0,306,52.28758169934641,0.9413620389289327,-453.2251845496826,1823.5482636489703,-539.4393523010408,1,8,0.8756118301712427,0.9722530956642329
GOLD,4H,zrev,50,2.0,both,True,0.0,109,40.36697247706422,1.5876091858771897,628.2500000000107,167.89999999999932,172.5442101074388,5,8,1.4277691583292833,1.6857395163481887
GOLD,4H,zrev,50,2.0,both,True,4.0,116,39.6551724137931,1.5842732291034134,651.880780965453,167.8999999999993,167.31341555808262,5,8,1.3731976003473634,1.7286973353231534
GOLD,4H,zrev,50,2.5,long,False,0.0,51,62.745098039215684,0.9013476562885042,-100.08299999999994,493.3049999999996,-478.795599652291,4,7,1.4162650916053814,0.6351640300248269
GOLD,4H,zrev,50,2.5,long,False,4.0,80,60.0,0.967001514051622,-64.52156214289664,643.6827401912013,-1578.2584397828514,4,7,1.081134199211039,0.9043169516054472
GOLD,4H,zrev,50,2.5,both,False,0.0,118,57.6271186440678,0.7052089675858925,-946.0309999999926,1421.990999999994,-94.70683307418159,1,8,0.8637833270000757,0.6245943132172288
GOLD,4H,zrev,50,2.5,both,False,4.0,221,48.86877828054298,0.8632263942059418,-841.3721582983851,1559.3656119344223,-242.9751186602735,2,8,0.8634755789062295,0.8631085396324623
GOLD,4H,zrev,50,2.5,both,True,0.0,53,43.39622641509434,1.921800636249445,329.458000000004,136.49400000000168,165.67999562918362,4,8,1.0943242462723959,3.9209117843832013
GOLD,4H,zrev,50,2.5,both,True,4.0,59,42.3728813559322,1.7710579318397202,327.1577556860268,136.49400000000168,171.68200668885814,4,8,1.0892887761310395,3.28027517467273
GOLD,4H,rsi2,2,,long,True,0.0,272,65.44117647058823,0.9539640322029749,-106.72499999997137,669.7510000000027,-705.1674865309955,2,7,0.4919368393482555,1.2862296674490408
GOLD,4H,rsi2,2,,long,True,4.0,293,66.21160409556313,0.857149491913486,-399.3800256701991,678.1260256701969,-188.43956923911827,3,7,0.5980693977957258,1.010471045665428
GOLD,4H,rsi2,2,,both,True,0.0,465,63.44086021505376,0.9071172240860511,-349.67299999996504,828.2939999999955,-243.70912252306803,2,7,0.6070222591758152,1.1174918386481223
GOLD,4H,rsi2,2,,both,True,4.0,493,64.09736308316431,0.8385966968623173,-704.1988799348259,873.4063203645828,-121.01481900665233,1,7,0.6850853773977219,0.9297942298519387
GOLD,Daily,zrev,10,1.5,long,False,0.0,71,64.7887323943662,1.3279617923594407,407.4840000000046,501.41999999999973,224.0497786416135,4,7,0.9996823246115879,1.6060040730775647
GOLD,Daily,zrev,10,1.5,long,False,4.0,80,62.5,1.2198832706656375,336.23783735117627,554.3076953747665,283.8844692553347,4,7,0.9055525703950063,1.4940073235057647
GOLD,Daily,zrev,10,1.5,long,True,0.0,43,58.139534883720934,1.003747823806885,4.04500000000462,578.5299999999993,20506.847960421648,3,7,0.5097722051341651,1.289644983397461
GOLD,Daily,zrev,10,1.5,long,True,4.0,46,58.69565217391305,0.9843090971237098,-19.500712344693,558.9426953747663,-4573.766251378668,3,7,0.49159807242603637,1.2271336209279624
GOLD,Daily,zrev,10,1.5,both,False,0.0,162,60.49382716049383,0.9022296555097209,-404.0029999999865,1285.960999999988,-281.61919589707026,4,8,0.9704533651886921,0.8687788190869212
GOLD,Daily,zrev,10,1.5,both,False,4.0,198,58.58585858585859,0.9871201078641507,-69.02726080233052,1387.861254062424,-2613.261744755631,3,8,0.9471451544949265,1.0068972703608978
GOLD,Daily,zrev,10,1.5,both,True,0.0,75,50.66666666666667,0.9456802351924638,-87.63499999999898,595.5250000000041,-1111.2512124151456,2,8,0.5171551838955774,1.4122125050977201
GOLD,Daily,zrev,10,1.5,both,True,4.0,80,52.5,0.9856618562380154,-25.628419988191013,576.2675951371771,-3954.758039968979,3,8,0.6070802577592149,1.348500264481617
GOLD,Daily,zrev,10,2.0,long,False,0.0,46,58.69565217391305,1.0821916544426304,80.18100000000032,501.41999999999973,928.963220713136,4,7,1.0819477222341336,1.0823195743384244
GOLD,Daily,zrev,10,2.0,long,False,4.0,52,57.692307692307686,1.011757914007711,14.597979586721834,554.3076953747665,5623.086367010982,4,7,0.9258257910627347,1.0618980686298332
GOLD,Daily,zrev,10,2.0,both,False,0.0,104,53.84615384615385,0.8214957955970387,-511.34599999999296,1039.338999999993,-207.12531241077798,4,8,0.7514815644052011,0.8595900194587188
GOLD,Daily,zrev,10,2.0,both,False,4.0,134,52.98507462686567,0.8717366973210983,-572.9218886443857,1538.892533754855,-313.19347987309357,4,8,0.7500669961249571,0.9302850188865155
GOLD,Daily,zrev,10,2.0,both,True,0.0,44,47.72727272727273,0.7737221403896033,-274.51600000000093,580.6750000000001,-281.305279109414,2,8,0.37082693904248987,1.1151371641325136
GOLD,Daily,zrev,10,2.0,both,True,4.0,49,48.97959183673469,0.799106882619427,-287.60149973999734,561.087695374767,-305.0470879995869,2,8,0.4340691141874721,1.0827874251413
GOLD,Daily,zrev,10,2.5,both,False,4.0,44,47.72727272727273,0.6058868657812212,-617.0609400559233,766.6522805411599,-114.31869272685945,1,8,0.704975342178657,0.5324248758756045
GOLD,Daily,zrev,20,1.5,long,False,4.0,48,68.75,1.0646311701725901,106.66641615128646,532.7785742765697,983.243871728557,3,7,1.1586329873105223,1.0250794967784578
GOLD,Daily,zrev,20,1.5,both,False,0.0,92,63.04347826086957,0.7801483151919957,-722.6049999999913,1066.9099999999892,-133.3707904041649,3,8,1.0553562598966613,0.6599612713149874
GOLD,Daily,zrev,20,1.5,both,False,4.0,132,60.60606060606061,0.9150119451797873,-472.6692467026537,1126.6544635930286,-468.1440596011556,1,8,1.0146184428536908,0.8791567508712635
GOLD,Daily,zrev,20,1.5,both,True,0.0,49,46.93877551020408,0.8516308509951206,-160.80099999999823,444.6300000000025,-424.41402727595704,3,8,0.43460497561399,1.585178962374636
GOLD,Daily,zrev,20,1.5,both,True,4.0,55,47.27272727272727,0.9125699263002218,-137.4572324758796,532.7785742765697,-766.8377872986549,3,8,0.4965216350084959,1.2834931198309545
GOLD,Daily,zrev,20,2.0,both,False,0.0,77,64.93506493506493,1.1506955074531147,349.78100000000586,619.7699999999996,357.84362215214156,5,8,1.3152868958324155,1.0606640251400519
GOLD,Daily,zrev,20,2.0,both,False,4.0,113,60.17699115044248,1.006651721912922,32.295827181033815,908.687675053055,7201.961377121632,2,8,1.090488588687935,0.9726364464337365
GOLD,Daily,zrev,20,2.0,both,True,4.0,42,52.38095238095239,1.0214111514000244,24.639010711148657,522.5597404102124,3826.9637164180003,4,8,0.6155616012286028,1.4908455845576893
GOLD,Daily,zrev,20,2.5,both,False,0.0,44,65.9090909090909,1.1603911119876154,234.2270000000023,566.0649999999973,448.73434744926624,5,8,1.7790169912328277,0.8722932317620947
GOLD,Daily,zrev,20,2.5,both,False,4.0,67,59.70149253731343,1.0760245164527837,215.77993392421695,906.0294752508269,901.1069586678482,4,8,1.2469368861311456,0.9948973230687905
GOLD,Daily,zrev,50,1.5,both,False,0.0,42,66.66666666666666,0.4930540856066502,-1561.5089999999987,2107.944999999997,-54.88786808145215,4,7,1.6895990387398883,0.2587804603457456
GOLD,Daily,zrev,50,1.5,both,False,4.0,76,52.63157894736842,0.6771562216975551,-1455.310980599224,2100.9250329197284,-101.79198946125176,3,7,1.287752767904807,0.47366943829939806
GOLD,Daily,zrev,50,2.0,both,False,4.0,61,45.90163934426229,0.5895976070478297,-1739.7101828501372,2148.889842786646,-87.83445743224881,2,7,1.0700282400926555,0.42881732918353505
GOLD,Daily,zrev,50,2.5,both,False,4.0,47,44.680851063829785,0.5834084128200213,-1548.4937293238836,2326.159082059262,-104.13648886418711,3,7,1.4498485473402933,0.40650860905819086
GOLD,Daily,rsi2,2,,long,True,0.0,54,62.96296296296296,1.363172868983503,300.1010000000067,468.50499999999977,218.60207063621493,4,7,0.7957608497338576,1.61231615886314
GOLD,Daily,rsi2,2,,long,True,4.0,56,64.28571428571429,1.373808796012426,340.15130996181307,554.3076953747665,212.84263173388325,4,7,0.8758526789998548,1.5623908739646994
GOLD,Daily,rsi2,2,,both,True,0.0,74,59.45945945945946,1.2654356919242284,284.5460000000053,468.50499999999977,247.7304196860924,3,7,0.9261353124402801,1.4161474366314941
GOLD,Daily,rsi2,2,,both,True,4.0,78,60.256410256410255,1.2892620143828168,333.64876107714065,554.3076953747665,230.1588045826596,4,7,0.9881204784579947,1.4086881814176182
US30,4H,zrev,10,1.5,long,False,0.0,241,68.46473029045643,1.4923174098381806,15666.50000000008,5017.000000000004,52.57460185746636,7,8,1.4917462875561203,1.4930041978273778
US30,4H,zrev,10,1.5,long,False,4.0,273,68.86446886446886,1.3251532730270548,14833.567812137659,5415.985044912999,77.54304389661459,7,8,1.337845604798661,1.3109798157256385
US30,4H,zrev,10,1.5,long,True,0.0,174,63.2183908045977,1.3995323846018326,7595.650000000045,3094.399999999987,89.20961339714128,4,7,1.687530865760849,1.1948984411903678
US30,4H,zrev,10,1.5,long,True,4.0,184,62.5,1.2695445780001298,6126.462001261178,4221.32334199344,112.06549552721711,4,7,1.596621065317888,1.0519938599686516
US30,4H,zrev,10,1.5,both,False,0.0,464,64.00862068965517,1.1083786292374813,8008.900000000136,9339.999999999935,105.97834908663941,4,8,1.1134854495013724,1.103331718088582
US30,4H,zrev,10,1.5,both,False,4.0,524,64.50381679389314,1.097584454710324,8885.83680608793,6958.392133500551,134.18094727815793,6,8,1.0592584908076021,1.1394562150988696
US30,4H,zrev,10,1.5,both,True,0.0,229,59.388646288209614,1.138870281362106,4260.2000000000735,5377.199999999964,169.949767616541,4,8,1.1547055035166156,1.1223086593063654
US30,4H,zrev,10,1.5,both,True,4.0,240,58.75,1.0795107977708567,2766.7676323864907,6509.416155662297,261.6844260880315,3,8,1.1255268555616906,1.0328587121802737
US30,4H,zrev,10,2.0,long,False,0.0,161,71.42857142857143,1.6780808033188794,14383.450000000055,3241.600000000002,50.32033343877839,7,8,1.639190153717599,1.7240317173005395
US30,4H,zrev,10,2.0,long,False,4.0,183,71.58469945355192,1.4837158777398676,14815.575951418108,4299.585044912994,71.06034915228713,7,8,1.3687964464478595,1.6408956772772822
US30,4H,zrev,10,2.0,long,True,0.0,115,65.21739130434783,1.6406268341354648,7640.500000000033,1990.0999999999767,82.98802434395621,5,7,1.810766660478928,1.500474035109188
US30,4H,zrev,10,2.0,long,True,4.0,120,65.0,1.5779710654492698,7646.096716696131,2149.7405802631038,82.99528812057791,5,7,1.7092573541076248,1.4552719933139766
US30,4H,zrev,10,2.0,both,False,0.0,292,65.75342465753424,1.2466051856713525,11001.590000000073,10141.599999999937,68.8500480385104,5,8,1.3072951088584497,1.1924741287839937
US30,4H,zrev,10,2.0,both,False,4.0,329,66.26139817629179,1.2169816025011675,12253.706868660673,8445.31603485038,90.81007175436245,4,8,1.1676492673370569,1.273525009588465
US30,4H,zrev,10,2.0,both,True,0.0,142,61.97183098591549,1.3731048522741807,6432.8500000000495,2949.4999999999563,108.07573625997739,7,8,1.2603207096554083,1.5076505303859042
US30,4H,zrev,10,2.0,both,True,4.0,148,61.48648648648649,1.3356412005713223,6277.988061184609,3044.554451071075,110.74168877422416,6,8,1.232024515890202,1.469511612443897
US30,4H,zrev,10,2.5,long,False,0.0,50,66.0,1.4191259190236543,3688.3500000000495,3040.899999999998,177.7786815242566,6,7,0.9033534039467348,3.202436429946343
US30,4H,zrev,10,2.5,long,False,4.0,57,64.91228070175438,1.2276998912304566,2826.2368208358093,3604.0884166004544,277.9526450892693,5,7,0.9069183967936502,2.449621502241875
US30,4H,zrev,10,2.5,both,False,0.0,80,63.74999999999999,1.1902387770658687,2770.2000000000517,6708.2999999999665,256.6132409212284,4,8,0.8956308274897918,1.6788191908865284
US30,4H,zrev,10,2.5,both,False,4.0,92,63.04347826086957,1.1362200263829632,2583.4831989989034,6377.578020395089,346.20314169125726,4,8,0.9109855417069745,1.6889462686586578
US30,4H,zrev,20,1.5,long,False,0.0,133,72.18045112781954,1.4873577148340578,11782.75000000004,5030.000000000004,79.15045299272211,5,8,1.2803618641098344,1.8704939683737638
US30,4H,zrev,20,1.5,long,False,4.0,171,68.42105263157895,1.280543953265934,11237.17971242564,6695.272733026151,123.91098439587343,4,8,1.1048379594685096,1.6019013409868055
US30,4H,zrev,20,1.5,long,True,0.0,120,65.0,1.2882206753977963,5242.100000000035,3013.899999999994,115.5023750023839,5,7,1.555599652734715,1.0752903761061978
US30,4H,zrev,20,1.5,long,True,4.0,125,63.2,1.2061137527777521,4063.065653639296,4032.0687377992945,149.01925088453234,5,7,1.5986104836818917,0.9466008217820447
US30,4H,zrev,20,1.5,both,False,0.0,265,64.15094339622641,1.0917784270648,5318.000000000073,9386.799999999974,192.84317412560853,3,8,1.0800889982068935,1.1061520228411375
US30,4H,zrev,20,1.5,both,False,4.0,333,63.66366366366366,1.0611014349075016,4948.276689702656,9998.927577543582,305.69026246001897,3,8,1.0068189313847897,1.1344769334860203
US30,4H,zrev,20,1.5,both,True,0.0,156,62.17948717948718,1.1714012686750321,4609.700000000044,5141.999999999985,160.46597392454908,5,8,1.2288610901092876,1.103684022940092
US30,4H,zrev,20,1.5,both,True,4.0,162,60.49382716049383,1.1144245475403913,3270.2069981277673,6057.2010314783765,226.19363252035365,5,8,1.2336499692366052,0.9917675963476507
US30,4H,zrev,20,2.0,long,False,0.0,100,70.0,1.4315494557033908,8741.250000000025,5686.700000000001,107.7832117832115,4,8,1.0816076842993179,2.0804867393816444
US30,4H,zrev,20,2.0,long,False,4.0,135,67.4074074074074,1.1858553986406462,7199.444439510051,9617.240395614172,221.05455683026352,4,8,0.9607820680895133,1.6046564854280587
US30,4H,zrev,20,2.0,long,True,0.0,82,64.63414634146342,1.2822245496595213,3786.0000000000255,3855.899999999994,175.35789751716752,4,7,1.4748520122363051,1.1665145304958473
US30,4H,zrev,20,2.0,long,True,4.0,87,62.06896551724138,1.2011021707936143,2937.876228332276,4928.313342214911,225.98126959789423,4,7,1.5501354642118075,1.0308464832724522
US30,4H,zrev,20,2.0,both,False,0.0,195,65.64102564102564,1.2054256207080618,8601.900000000056,7600.299999999981,118.86036805821904,4,8,1.0633679840529817,1.4014801215245736
US30,4H,zrev,20,2.0,both,False,4.0,251,65.33864541832669,1.1245592468390033,8105.66607402973,10302.965609020266,206.3408466034305,4,8,0.9827611414930535,1.3513152505790602
US30,4H,zrev,20,2.0,both,True,0.0,102,61.76470588235294,1.105850524179914,2065.8000000000357,5891.499999999989,337.1744602575225,5,8,1.244212565216034,0.9718262974731453
US30,4H,zrev,20,2.0,both,True,4.0,108,59.25925925925925,1.050655630284708,1057.2175728207476,6870.244246963895,658.8378947784482,5,8,1.2551964873821146,0.8791480153469224
US30,4H,zrev,20,2.5,long,False,0.0,52,67.3076923076923,1.5673018516704207,5790.449999999986,3884.300000000003,159.616264711724,4,7,0.9263223204591298,3.026434051295206
US30,4H,zrev,20,2.5,long,False,4.0,74,63.51351351351351,1.0251774768319322,612.6510700532126,8255.307474537789,2058.5942988566985,3,7,0.8221257521660267,1.3265766242004302
US30,4H,zrev,20,2.5,long,True,0.0,42,59.523809523809526,1.1597096343924194,933.9499999999898,2714.199999999997,479.0781091064875,2,7,0.4859088903595856,2.2596785810749864
US30,4H,zrev,20,2.5,long,True,4.0,42,59.523809523809526,1.2137892440932037,1194.495018953843,2453.654981046144,374.58088388838115,2,7,0.5235222580660087,2.2596785810749864
US30,4H,zrev,20,2.5,both,False,0.0,101,67.32673267326733,1.4265622200294248,8451.199999999979,7728.700000000015,122.83462703521424,3,7,1.251444952638952,1.6355157774715057
US30,4H,zrev,20,2.5,both,False,4.0,133,65.41353383458647,1.1363040147507335,4769.96991245573,10132.480805085299,281.7114205460874,3,7,1.0295505930911186,1.278113631850761
US30,4H,zrev,20,2.5,both,True,0.0,49,55.10204081632652,0.9289760581445047,-598.0500000000138,4154.000000000004,-814.5054761307391,2,7,0.5518212246505219,1.5022595319327172
US30,4H,zrev,20,2.5,both,True,4.0,49,55.10204081632652,0.9586383603838399,-337.50498104616054,3893.4549810461504,-1443.2824027962333,2,7,0.5816594761235062,1.5022595319327172
US30,4H,zrev,50,1.5,long,False,0.0,59,74.57627118644068,1.6546920660717948,10473.600000000039,6054.899999999998,106.45241368774808,4,7,1.204118401690376,2.5398171053728853
US30,4H,zrev,50,1.5,long,False,4.0,90,64.44444444444444,1.3386423399662912,11178.069182702187,5591.780173403069,140.6826147071537,6,7,1.089303967161607,1.8003052517187013
US30,4H,zrev,50,1.5,long,True,0.0,68,51.470588235294116,1.7211341686303316,7910.950000000023,1836.699999999997,118.31069593411658,5,7,1.6094584131382692,1.8115417288675242
US30,4H,zrev,50,1.5,long,True,4.0,69,50.72463768115942,1.7126395923958377,7856.538799948019,1749.8999999999942,119.13006781131084,5,7,1.5644449352615095,1.8378559295797108
US30,4H,zrev,50,1.5,both,False,0.0,131,68.70229007633588,1.1602829610928507,6412.2000000000335,7184.499999999971,182.28221203331077,3,8,1.0826142501737008,1.2581906537831289
US30,4H,zrev,50,1.5,both,False,4.0,199,61.80904522613066,1.1111086661608558,7769.616126382134,8652.791177648152,207.25348251533444,4,8,1.0168196750061966,1.242834956518664
US30,4H,zrev,50,1.5,both,True,0.0,90,48.888888888888886,1.3426112754445043,5866.5500000000175,3440.4999999999927,168.43289497234295,4,8,1.2058804411414203,1.5025245646155538
US30,4H,zrev,50,1.5,both,True,4.0,92,47.82608695652174,1.316297363193266,5524.245557422924,3353.69999999999,178.86967364661504,4,8,1.1523126888787474,1.519232863374611
US30,4H,zrev,50,2.0,long,False,0.0,47,74.46808510638297,1.7482228829001667,9752.15000000003,6054.899999999998,109.07338381792714,5,7,1.0568171285568637,3.1037239781490396
US30,4H,zrev,50,2.0,long,False,4.0,72,61.111111111111114,1.1931601992574903,5740.766269384818,5591.780173403069,240.25364128747225,4,7,0.9565140559607402,1.5829406916764315
US30,4H,zrev,50,2.0,long,True,0.0,51,49.01960784313725,1.2139000087981722,1944.950000000019,2628.400000000005,350.7236689889176,4,7,0.8313270008464193,1.5501177783287934
US30,4H,zrev,50,2.0,long,True,4.0,51,49.01960784313725,1.2435821785269037,2161.979511655707,2628.400000000005,315.5164035192911,4,7,0.8099235063447588,1.6633397318806733
US30,4H,zrev,50,2.0,both,False,0.0,103,66.99029126213593,1.2853416883738247,8588.100000000017,6814.0999999999985,133.89690385533444,5,7,0.839908197532808,1.928069933362016
US30,4H,zrev,50,2.0,both,False,4.0,151,61.58940397350994,1.1183430751697478,6337.745571699394,9194.09226545921,229.50905547474875,4,7,0.8718214654887322,1.4716171838767467
US30,4H,zrev,50,2.0,both,True,0.0,61,45.90163934426229,0.9289778655238292,-884.9499999999825,5472.1000000000095,-770.8232103508848,4,7,0.571562877108297,1.4065452977351185
US30,4H,zrev,50,2.0,both,True,4.0,61,45.90163934426229,0.9454454637399549,-667.9204883442944,5472.1000000000095,-1021.2892281399486,4,7,0.5626884142399012,1.4991388094763984
US30,4H,zrev,50,2.5,long,False,4.0,58,62.06896551724138,1.2161200255026199,5258.289037668343,5591.780173403069,250.34949402167695,5,7,0.944325711740286,1.634986448622802
US30,4H,zrev,50,2.5,both,False,0.0,71,66.19718309859155,1.6325096677299107,11392.10000000002,6523.5999999999985,96.89346125824018,5,7,1.0564256791644406,2.5447132314444976
US30,4H,zrev,50,2.5,both,False,4.0,101,62.37623762376238,1.236817883787662,8594.557370316506,6566.98017340307,162.59941493049064,5,7,0.942229787527982,1.6870833473278102
US30,4H,zrev,50,2.5,both,True,0.0,42,57.14285714285714,1.5696567066388354,3738.600000000013,1731.699999999997,171.52409993045498,4,7,1.2671600594497825,1.8750153092467927
US30,4H,zrev,50,2.5,both,True,4.0,42,57.14285714285714,1.6233391492815914,3955.629511655701,1523.9000000000087,162.11326114097832,5,7,1.225384423677303,2.085355935474148
US30,4H,rsi2,2,,long,True,0.0,166,63.25301204819277,1.1357244459399571,2218.4500000000808,3780.749999999971,218.76986184046638,4,7,1.7617340632173837,0.8038568653607667
US30,4H,rsi2,2,,long,True,4.0,174,62.643678160919535,1.0694236562279098,1259.9978552399189,4431.777283611795,392.1117785600716,4,7,1.6474343546098311,0.7704065126324829
US30,4H,rsi2,2,,both,True,0.0,239,60.66945606694561,1.1122882915437091,3356.0500000000684,4899.699999999975,249.6923466575238,4,7,1.2841540679159285,0.9410745176091878
US30,4H,rsi2,2,,both,True,4.0,252,59.523809523809526,1.068666335385623,2191.8178966606756,5464.337023120177,382.32190789056733,4,7,1.244849917741813,0.9010721393645584
US30,Daily,zrev,10,1.5,long,False,0.0,75,72.0,1.5459947666478857,11434.55000000001,6609.399999999998,104.00759102894285,5,7,1.2200637333006485,2.085387033797321
US30,Daily,zrev,10,1.5,long,False,4.0,88,71.5909090909091,1.4838909268487777,13554.588733042212,5194.988045980914,107.88744895189325,6,7,1.3599190482033108,1.6368519293120254
US30,Daily,zrev,10,1.5,long,True,0.0,55,72.72727272727273,1.9461950894189088,10782.650000000009,2771.4999999999927,92.26581591723738,6,7,2.8662966973470394,1.5048884676309469
US30,Daily,zrev,10,1.5,long,True,4.0,59,74.57627118644068,1.7576539216332576,10862.685030008899,2729.916686096476,95.73139579461305,6,7,1.8838557581072979,1.6484750267209385
US30,Daily,zrev,10,1.5,both,False,0.0,158,66.45569620253164,1.410876810427069,16581.55000000001,7319.999999999993,77.94084388974485,6,8,1.3736268470253734,1.4508574452344754
US30,Daily,zrev,10,1.5,both,False,4.0,176,65.9090909090909,1.3889528582487747,19076.432940044528,6541.850391880282,80.50456837641968,7,8,1.3743629338149923,1.4044500045130506
US30,Daily,zrev,10,1.5,both,True,0.0,77,68.83116883116884,1.5943719531284948,10631.650000000016,2822.4000000000015,98.05627536647637,7,8,1.7208160104344958,1.4406770214030964
US30,Daily,zrev,10,1.5,both,True,4.0,81,70.37037037037037,1.514276121174437,10711.685030008906,2905.1775541027528,100.34835761027846,7,8,1.4743624602573535,1.5775218148740227
US30,Daily,zrev,10,2.0,long,False,0.0,42,66.66666666666666,1.1624537627653235,2534.100000000006,6609.399999999998,427.0865395998565,4,7,0.6285126499168346,1.917715347109357
US30,Daily,zrev,10,2.0,long,False,4.0,52,67.3076923076923,1.292001772715257,5769.400174524002,4877.986727300729,241.94196238349213,4,7,1.0901977933554867,1.4348473723534414
US30,Daily,zrev,10,2.0,both,False,0.0,85,68.23529411764706,1.392644512941773,10228.900000000005,6609.399999999998,124.89026190499459,4,7,1.1597044485070083,1.6292742565753333
US30,Daily,zrev,10,2.0,both,False,4.0,99,67.67676767676768,1.473912993461123,14684.324612233617,6654.839843693855,104.1886528935349,5,7,1.453924575231213,1.4889181024929095
US30,Daily,zrev,10,2.0,both,True,0.0,48,64.58333333333334,1.502860010834582,6312.100000000006,2771.4999999999927,157.43730295781097,5,7,1.8055412238159103,1.2416515776663024
US30,Daily,zrev,10,2.0,both,True,4.0,50,66.0,1.4518369108525846,6374.32369656238,2729.916686096476,162.3262402814616,6,7,1.6624737944218224,1.2646883768659436
US30,Daily,zrev,20,1.5,long,False,0.0,42,69.04761904761905,1.8672888519703905,10649.700000000012,4569.299999999999,106.33163375494134,4,7,1.503838709258368,2.4779761644912095
US30,Daily,zrev,20,1.5,long,False,4.0,55,65.45454545454545,1.3075211101814677,8359.029687438582,7564.358135811148,201.40734785640984,4,7,1.2060203698828922,1.4587160602952733
US30,Daily,zrev,20,1.5,both,False,0.0,86,59.30232558139535,0.9784188775858338,-727.4499999999935,6121.5999999999985,-1676.2732833871905,3,7,0.9741468459152018,0.9841693520883651
US30,Daily,zrev,20,1.5,both,False,4.0,109,59.63302752293578,0.9398292948637321,-3298.9939278147795,9156.980830153381,-566.5969810493524,3,7,0.9399814380305598,0.9396102339698809
US30,Daily,zrev,20,1.5,both,True,0.0,45,53.333333333333336,1.015878732833274,304.20000000001164,5241.900000000005,3781.032215647457,2,7,1.0443773470009132,0.9699349613449523
US30,Daily,zrev,20,1.5,both,True,4.0,49,57.14285714285714,0.9858866668286156,-324.9088126475399,5241.900000000005,-3706.9477746254647,2,7,0.9990693319962392,0.9624436935757393
US30,Daily,zrev,20,2.0,long,False,4.0,43,69.76744186046511,1.1789376260229167,4078.536646300865,7564.358135811148,397.84367304181944,4,7,1.061173966755744,1.3457034119296651
US30,Daily,zrev,20,2.0,both,False,0.0,64,57.8125,0.968629932925242,-770.7499999999745,6539.499999999985,-1539.5199481025502,4,7,0.900551156992258,1.0546715193955607
US30,Daily,zrev,20,2.0,both,False,4.0,83,59.036144578313255,0.9312834565673243,-2858.457549155639,11194.769879130668,-606.2815242828849,3,7,0.8730357654420894,1.0042755047244734
US30,Daily,zrev,20,2.5,both,False,4.0,42,69.04761904761905,1.4089206022838918,8136.6579863866245,5946.45813581115,208.07129939989522,4,7,0.8975320414912387,2.992617197381735
US30,Daily,zrev,50,1.5,both,False,0.0,40,62.5,1.132710480524695,2478.6999999999935,4492.100000000006,549.6590954936071,3,7,1.649790005900661,0.687325599936219
US30,Daily,zrev,50,1.5,both,False,4.0,58,62.06896551724138,1.0636499822631607,2388.225287446119,8378.161126110354,886.0219390201642,4,7,1.297369078510317,0.8620950252350555
US30,Daily,zrev,50,2.0,both,False,4.0,43,62.7906976744186,1.2642908044419288,7122.922067387313,5946.45813581115,297.0978735944843,5,7,1.2744958881782797,1.2504778338109697
US30,Daily,rsi2,2,,long,True,0.0,63,77.77777777777779,3.1889308865866295,11176.899999999994,1407.5,64.46868094015343,5,7,2.917924659761247,3.3864960043342824
US30,Daily,rsi2,2,,long,True,4.0,65,78.46153846153847,2.5629196993746564,10570.315026147982,1540.468044309171,69.17580017163093,6,7,1.8001924223161068,3.5012681458353865
US30,Daily,rsi2,2,,both,True,0.0,75,74.66666666666667,2.630495364100426,12520.899999999994,1407.5,69.68588519994574,6,7,2.583650777308762,2.6784659989457014
US30,Daily,rsi2,2,,both,True,4.0,77,75.32467532467533,2.276130180207247,11914.315026147982,1540.468044309171,73.68447099756048,7,7,1.9168911651725469,2.7828146605192066
