arm,budget,risk,n,wr,pf,cagr,dd,mar,mc_med,p30,p30_sd,pf_pre2025,pf2021,pf2022,pf2026,top1,top5,top10,long_share,avg_bars
V1 tol0.0 | A trail 3.0ATR,25.0,1.3739065551757814,669,36.771300448430495,1.0447171788579002,2.3592832235981076,24.998508186881494,0.09437696065544392,29.792092968979915,48.62222222222223,0.9878271453730155,1.016636845793031,1.0267099129068151,0.7665097383253565,0.8997322541525046,12.971135595660305,41.50891787753353,61.30153055834174,58.744394618834086,22.71898355754858
V1 tol0.0 | A trail 3.0ATR,20.0,1.088489074707031,669,36.771300448430495,1.0490590607694559,2.0534592332315915,19.998341014111165,0.10268147901781634,24.231431495887207,17.355555555555554,1.281588520470775,1.0210536244660915,1.031443461584095,0.7675484311337345,0.9028919973100836,12.967231429518568,41.503928441762646,61.26960642540448,58.744394618834086,22.71898355754858
V1 tol0.0 | A trail 4.0ATR,25.0,2.1316510009765626,554,39.35018050541516,1.128859799564686,7.388802307311981,24.99938309315329,0.2955593855968226,33.02151837167601,67.53333333333332,1.146976702272349,1.0240081482074226,1.1643061458927277,0.784017708627469,1.2814283659364951,12.569629957116733,41.83488788450359,62.00726740123312,58.48375451263538,40.57761732851986
V1 tol0.0 | A trail 4.0ATR,20.0,1.68477294921875,554,39.35018050541516,1.1332068429512778,6.159296280995452,19.99875025104726,0.3079840591875441,26.870773262200643,32.26666666666667,0.2372684056006943,1.0304206794360098,1.1733794947575542,0.7866841748043214,1.2953334592256949,12.299806693979502,41.3619347222497,61.80149194106199,58.48375451263538,40.57761732851986
V1 tol0.0 | A trail 5.0ATR,25.0,1.710587158203125,466,37.98283261802575,1.2471818365878224,11.287132917187037,24.9990427434649,0.4515026048402454,24.344679360780546,19.244444444444444,0.13698697784375607,1.20756528860078,0.8182752955498493,0.8379044999447006,0.9889913408680348,17.022080575994497,46.47365140746906,65.51485688496352,57.72532188841202,61.52575107296137
V1 tol0.0 | A trail 5.0ATR,20.0,1.3461441040039062,466,37.98283261802575,1.2573902595745239,9.113603471755738,19.998833049267244,0.4557067629548345,19.5873575673918,4.622222222222223,0.2685121327465462,1.2197265152007815,0.8212179089764449,0.8403771507721062,0.9934961930387123,17.735897433058057,46.585703607989416,65.48301078561049,57.72532188841202,61.52575107296137
V1 tol0.0 | B 1.5R tgt,25.0,0.9142431640624998,653,42.11332312404288,1.0052674488721223,0.26528166754355986,24.99700390496067,0.010612538548706413,26.145608237175168,26.022222222222222,1.1499865807053868,0.9545428437705571,1.1613984263694899,0.8706059610231127,0.8302686585756607,2.6472814252661134,13.465808966086641,26.306008514136607,58.03981623277183,17.22052067381317
V1 tol0.0 | B 1.5R tgt,20.0,0.7195407104492186,653,42.11332312404288,1.0077848179294395,0.31339050840506477,19.996883825360733,0.015671967249597768,21.02395608423819,5.2,0.5760658398584763,0.9572473095650184,1.1656554986898497,0.8726297524711017,0.83203553418315,2.560276109781198,13.14806638486588,25.832510416172152,58.03981623277183,17.22052067381317
V1 tol0.0 | B 2R tgt,25.0,0.7852938842773437,629,35.453100158982515,1.0215586046641638,0.9401107483647531,24.999085442276712,0.03760580564178973,24.137505628751324,16.733333333333334,0.5682983045575295,0.939423699729196,1.0838865828752617,0.8236406192632014,0.8470107010713092,3.393399339880618,16.85544604450815,31.956972671870915,58.66454689984102,22.553259141494436
V1 tol0.0 | B 2R tgt,20.0,0.617988586425781,629,35.453100158982515,1.023783098299298,0.8396817689686253,19.999719289117497,0.041984677726228076,19.390213380297425,2.422222222222222,0.1571348402636773,0.9430285836818324,1.0872420804159588,0.8259451592454591,0.849500731069318,3.251797967517924,16.28146265755134,31.162114267190997,58.66454689984102,22.553259141494436
V1 tol0.0 | B 3R tgt,25.0,0.8141522216796874,594,28.28282828282828,1.111285760536821,5.60636855374963,24.998475677297815,0.22426841644752815,23.875904245895665,15.733333333333334,1.2869717542729122,1.045832122530224,1.2425880453564286,0.7550014552934945,0.9869979457446311,4.039222920331349,22.34354217563223,41.61558938444664,58.417508417508415,32.3013468013468
V1 tol0.0 | B 3R tgt,20.0,0.6379580688476562,594,28.28282828282828,1.1130600968458362,4.534156368140496,19.998249472763696,0.22672766305449482,19.086205188811334,2.8222222222222224,0.27397395568751,1.049079414792041,1.2488193780311452,0.757378732987935,0.9904444273908161,3.8139794318753517,21.29628651441112,40.32787164261939,58.417508417508415,32.3013468013468
V1 tol0.0 | C time 32 + 4ATR,25.0,1.6130532836914058,563,47.7797513321492,1.0990697920872168,4.625514511427675,24.99990313030829,0.18502129737534848,25.533083692276517,24.28888888888889,0.24545246704860643,1.0363147984150125,1.1297600492772364,0.8407542218637727,0.6899672217159377,7.26210800125016,31.648838173336788,51.02436729888023,58.081705150976916,27.561278863232683
V1 tol0.0 | C time 32 + 4ATR,20.0,1.2655355834960935,563,47.7797513321492,1.102589376576965,3.785225701113193,19.99947629943229,0.1892662409975526,20.459297758482965,5.0,0.1440164599646193,1.0406024960760878,1.1363666628946059,0.8442719806375756,0.6926558231571537,7.272812166521354,31.622848518864036,51.044147556922134,58.081705150976916,27.561278863232683
V1 tol0.0 | C time 64 + 4ATR,25.0,2.0165829467773433,473,43.551797040169134,1.1515424943141412,9.607055564586965,24.999122040635932,0.3842957184244611,33.44410903413892,69.5111111111111,0.2572408200620035,1.032454329477801,1.0735283647311387,0.8491550062192199,1.0349230479460079,10.59600244735747,33.89574833678968,53.022316409964525,58.7737843551797,49.05708245243129
V1 tol0.0 | C time 64 + 4ATR,20.0,1.6098873901367183,473,43.551797040169134,1.155805459116509,7.999673701305476,19.999703675009233,0.39998961141116923,27.463991852337504,34.4,0.3810317377662712,1.0386876765489315,1.0816077371474757,0.8528900807132633,1.0438271985434882,9.910724460968424,33.25954328207902,52.378376707695914,58.7737843551797,49.05708245243129
V1 tol0.25 | A trail 3.0ATR,25.0,2.0885461425781253,530,36.79245283018868,1.092597929163846,6.857638019145318,24.999820082423003,0.2743074948754059,33.4910291085044,70.64444444444445,0.6913932971601807,1.1038610504966868,1.18626017481576,0.8222794960282188,0.9529541602942143,11.610904554890514,40.044537122160165,60.382635752256505,58.867924528301884,22.767924528301887
V1 tol0.25 | A trail 3.0ATR,20.0,1.6437380981445309,530,36.79245283018868,1.1013681766606924,5.729366042653106,19.99943796516894,0.28647635261707755,27.155972333878807,33.71111111111111,1.2769562576496585,1.1130917854295914,1.1955107052712126,0.8243248648642104,0.9587932848090289,11.490546827051284,40.014154767784305,60.250372562183586,58.867924528301884,22.767924528301887
V1 tol0.25 | A trail 4.0ATR,25.0,3.196730651855469,460,41.08695652173913,1.2671222981479213,20.07898431394719,24.999180432368544,0.8031857031580618,35.8636924096543,81.19999999999999,0.4988876515698596,1.160872961043176,1.093317833311724,0.9472817141933831,1.4344237272276046,13.857578696097777,42.835379901691674,61.812845758233145,58.913043478260875,41.77608695652174
V1 tol0.25 | A trail 4.0ATR,20.0,2.50887939453125,460,41.08695652173913,1.274899038324586,16.22343420627448,19.999628089846407,0.8111867947439952,29.103116005237798,44.44444444444445,0.37051848890073463,1.172949253856549,1.1037273758205106,0.9533514209983761,1.4612404667993664,13.09568876731158,41.32216008137636,60.980264225862534,58.913043478260875,41.77608695652174
V1 tol0.25 | A trail 5.0ATR,25.0,2.362882995605468,398,39.19597989949749,1.3412992192063093,19.6046604427671,24.99935966987762,0.7842065037525447,26.682324448865373,30.311111111111114,0.2793290019994775,1.320869554902143,0.7300670759736676,0.9794569131522871,1.1867809659596873,13.923931607826042,44.35695720999961,63.87819839261315,57.537688442211056,63.462311557788944
V1 tol0.25 | A trail 5.0ATR,20.0,1.852565307617187,398,39.19597989949749,1.3587964185613666,15.657920170698336,19.999671001729,0.7829088873184308,21.4603196780603,8.155555555555555,0.08314794192830952,1.3411592184419197,0.7333564498848152,0.9841381762675465,1.1970681144492286,14.68584957835646,44.39116475264011,63.607622688469654,57.537688442211056,63.462311557788944
V1 tol0.25 | B 1.5R tgt,25.0,1.1044403076171871,527,43.26375711574953,1.0503249146327311,2.6412673572321133,24.999368688570478,0.10565336229629194,24.322811902583812,18.42222222222222,0.4365973934308555,1.0299682089056685,1.239442328288945,0.8681043600683752,0.8560422570424507,2.614176519197335,13.12735805507701,25.419890584999187,58.82352941176471,17.134724857685008
V1 tol0.25 | B 1.5R tgt,20.0,0.8708947753906249,527,43.26375711574953,1.0533648763745092,2.2026899919858955,19.99762555119928,0.11014757658835139,19.5642148899753,3.133333333333333,0.6820448556987914,1.0330444963714653,1.2451457386929747,0.8709897243697324,0.858754174087202,2.539509667270969,12.838248740172755,24.972518205490736,58.82352941176471,17.134724857685008
V1 tol0.25 | B 2R tgt,25.0,1.4563415527343746,517,36.94390715667311,1.0847700611718916,5.810683934007477,24.99846162871645,0.23244166062333121,32.43593853653316,63.955555555555556,0.5452375176171251,1.0127796937414655,1.2146740066870232,0.9272868459625014,0.968374397980118,3.7491605634091494,17.63313453764828,32.732086956963485,58.99419729206963,21.862669245647968
V1 tol0.25 | B 2R tgt,20.0,1.1452316284179687,517,36.94390715667311,1.0882372983285697,4.841275251847299,19.998764579268254,0.2420787160455908,26.209905005581614,28.022222222222222,0.4433319409613325,1.0174933000026702,1.223288250745812,0.9322182336419,0.9729272110050511,3.518055262009044,16.75477199290797,31.628226656849353,58.99419729206963,21.862669245647968
V1 tol0.25 | B 3R tgt,25.0,1.4769198608398435,491,30.549898167006113,1.2222258764716483,18.246029868892077,24.99802668953927,0.7298988074337625,30.604420131044737,53.71111111111111,0.7390350732584856,1.1921118891859337,1.3286501890824094,0.8838072910648417,1.1142903516309441,4.85244726168639,26.670333080927886,47.544508812465075,59.063136456211815,31.29938900203666
V1 tol0.25 | B 3R tgt,20.0,1.1753076171874999,491,30.549898167006113,1.2277806043840829,14.762574951619257,19.998492870431743,0.7381843745558487,25.010222785899654,21.022222222222222,1.0217390162286797,1.197792706579776,1.3411255626894392,0.8886901605837384,1.1215644550256392,4.394979228671121,24.540228759985954,44.76843937481348,59.063136456211815,31.29938900203666
V1 tol0.25 | C time 32 + 4ATR,25.0,2.7110095214843746,472,47.88135593220339,1.1154782424842884,8.451567485828736,24.99972443003958,0.33806642587121327,35.137804490222024,77.91111111111111,0.4532461789860237,1.096258731325619,1.0193527179864263,1.1006040031322042,0.8774580256077701,7.016768747319579,30.514767849937687,50.55337341233767,58.47457627118644,27.66737288135593
V1 tol0.25 | C time 32 + 4ATR,20.0,2.1160650634765625,472,47.88135593220339,1.1239895231917605,6.971844916196179,19.999795441797584,0.34859581121643457,28.355436035986358,40.355555555555554,0.933862283975586,1.105103873527177,1.0263999367115322,1.109219394106551,0.8829770323196104,7.130905526330231,30.572254580957715,50.54491581564418,58.47457627118644,27.66737288135593
V1 tol0.25 | C time 64 + 4ATR,25.0,2.205927734375,413,45.036319612590795,1.302932813322065,18.001541507483854,24.99889837201655,0.7200933913005763,28.976741577205,43.444444444444436,1.335923410239032,1.1289256544490265,0.9721852613239718,0.8763892962094302,1.3267999185462716,12.32784638502367,34.877489700236566,53.71700961743298,58.83777239709443,49.191283292978206
V1 tol0.25 | C time 64 + 4ATR,20.0,1.7306784057617186,413,45.036319612590795,1.304836510248258,14.353903112474441,19.99925865919839,0.7177217594449461,23.30870492734311,14.666666666666666,0.14401645996461887,1.1377368601951188,0.9783924509601857,0.881669911755707,1.3460665613054752,11.404351032453295,33.170872903704094,52.27154374279695,58.83777239709443,49.191283292978206
V1 tol0.5 | A trail 3.0ATR,25.0,2.081118469238281,390,37.69230769230769,1.1203453362565843,6.4204361138636035,24.998992738677465,0.25682779226261204,28.81185904463071,43.06666666666667,0.6134299440818787,1.1761371824809193,1.010085867589813,1.2014128162060802,0.9969634587293733,10.375846883603856,39.16823290540395,58.84058315306612,61.282051282051285,22.612820512820512
V1 tol0.5 | A trail 3.0ATR,20.0,1.632535705566406,390,37.69230769230769,1.1300532970522752,5.275055172423282,19.999008525036643,0.263765834482218,23.207220504349774,13.422222222222222,0.7430334887689104,1.1864863672650932,1.0169328060830907,1.2117966841306105,1.0041110986751467,10.25838727195641,39.132047045452445,58.72745638814102,61.282051282051285,22.612820512820512
V1 tol0.5 | A trail 4.0ATR,25.0,3.645191650390625,356,42.41573033707865,1.3375437574744495,22.439224743853625,24.999930973116626,0.8975714680165867,34.53382650019217,74.86666666666666,0.33110365390558366,1.2237625795532476,1.0948163262674073,1.324828239362035,1.5508606016653785,14.45136205205989,44.128248640074695,63.177331556191014,61.51685393258427,41.662921348314605
V1 tol0.5 | A trail 4.0ATR,20.0,2.91021728515625,356,42.41573033707865,1.3472866999677842,18.315583616605814,19.99954011924659,0.9158002387754798,28.39706822825097,40.68888888888889,0.13698697784375607,1.2377070498717535,1.1054055055767826,1.340532771161216,1.5876668750793907,13.570830993432034,42.20633652283185,61.94810027091517,61.51685393258427,41.662921348314605
V1 tol0.5 | A trail 5.0ATR,25.0,3.597216186523437,322,41.61490683229814,1.3903210792556169,27.885206601885493,24.999840069503694,1.1154153996329577,32.94064163989048,67.13333333333333,1.2800462954590843,1.429692635290357,0.7591508535843057,1.4202778533004323,1.2077736738764833,14.276537472309844,45.79031642327098,65.85556253790698,59.62732919254658,62.767080745341616
V1 tol0.5 | A trail 5.0ATR,20.0,2.8053775024414063,322,41.61490683229814,1.4149933171677322,22.20667989728964,19.999968232712003,1.1103357584822726,26.53160079531509,29.48888888888889,1.467003328364356,1.4508413301950238,0.7608533067795702,1.4360351340876722,1.2266347384673568,14.137595952088315,45.106954523555885,64.57315478293833,59.62732919254658,62.767080745341616
V1 tol0.5 | B 1.5R tgt,25.0,1.463525695800781,392,44.38775510204081,1.095932476664528,5.129035203661991,24.999862646692574,0.20516253533659118,24.967282494054544,21.400000000000002,0.9903235535625416,1.0725047427091778,1.2432827321686315,1.0635723531469152,1.0350905855615493,2.0464154252555735,12.635187128140695,25.287105408289353,60.204081632653065,16.681122448979593
V1 tol0.5 | B 1.5R tgt,20.0,1.1418222045898436,392,44.38775510204081,1.1010245662888218,4.1520568943258285,19.999870988743055,0.20760418388012689,19.893092858990755,4.066666666666667,0.425136143771311,1.0780785116972005,1.251693608141216,1.0679183334561102,1.0392163317853331,1.9885751409803587,12.345475088398427,24.765362373547802,60.204081632653065,16.681122448979593
V1 tol0.5 | B 2R tgt,25.0,1.7107089233398436,386,37.82383419689119,1.1250385285316795,7.887921154365118,24.99995533064866,0.31551740993292626,31.089790242219355,56.666666666666664,1.1313708498984754,1.0765190296113714,1.0569295371342877,1.1437397980988213,1.134522970250725,2.8428616668013778,17.157439105542025,31.856539553170574,60.62176165803109,21.702072538860104
V1 tol0.5 | B 2R tgt,20.0,1.3396905517578124,386,37.82383419689119,1.129875879668726,6.4449609651154205,19.99973046796647,0.3222523911228855,25.016268788526315,21.8,0.7483314773547884,1.0826406865724887,1.0636450901220724,1.1498501307892992,1.1409439915677495,2.686416944420383,16.37167388222686,30.7791259846319,60.62176165803109,21.702072538860104
V1 tol0.5 | B 3R tgt,25.0,1.8142092895507809,373,31.099195710455763,1.2529217422623222,19.218088208467666,24.998960892684067,0.7687554811164903,32.26855378738089,63.97777777777778,1.1678829638640826,1.2036799182426494,1.2060435203197055,0.9767522232560538,1.2858479133246787,4.728177460427254,25.05538284948958,44.62992359077412,60.32171581769437,31.635388739946382
V1 tol0.5 | B 3R tgt,20.0,1.4296749877929684,373,31.099195710455763,1.2596267973523976,15.446760940396276,19.999759123641873,0.772347349030646,26.175390282737634,27.53333333333333,0.054433105395181536,1.2136074434638582,1.2204548919477327,0.9839946124669983,1.2979107304978943,4.264760829228702,23.13279683103753,42.26527236641923,60.32171581769437,31.635388739946382
V1 tol0.5 | C time 32 + 4ATR,25.0,3.951430969238281,362,50.27624309392266,1.1541444795227427,12.018822605639045,24.999844919275,0.48075588646441864,41.00203328229949,93.8888888888889,0.1133115447465064,1.1543904649644718,1.0876223739033404,1.4178715796367498,0.9691238215732147,6.484430132296169,30.577837310881776,49.781981558282624,61.32596685082873,27.806629834254142
V1 tol0.5 | C time 32 + 4ATR,20.0,3.1188009643554686,362,50.27624309392266,1.165066827174954,10.05607238047208,19.99976295186325,0.5028095785272906,33.58369893378839,68.93333333333334,0.41096093353126556,1.1646733476319906,1.0995003233852283,1.4333741740066381,0.9780852454052458,6.615410043873744,30.40248319022074,49.46171630782684,61.32596685082873,27.806629834254142
V1 tol0.5 | C time 64 + 4ATR,25.0,3.5715237426757813,330,47.57575757575758,1.368138231413812,32.16353198097297,24.99967215458444,1.286558150926584,36.17956426347563,82.95555555555556,0.7248669524577778,1.28319303865204,1.0505989544713326,1.3431198183550455,1.2130694977356515,15.643803509547956,40.92735836362978,59.39929354107775,61.51515151515151,49.67575757575757
V1 tol0.5 | C time 64 + 4ATR,20.0,2.8001416015624994,330,47.57575757575758,1.3838564934619726,25.528772702391823,19.99986114528289,1.2764474971573974,29.370283589113026,45.6,1.3994707994518918,1.297863743891915,1.0613780623306144,1.3563849125448217,1.2385618272743797,13.739624484774046,37.352979339380504,55.87055260482689,61.51515151515151,49.67575757575757
V2 tol0.0 | A trail 3.0ATR,25.0,0.735491943359375,423,35.9338061465721,1.010098848527064,0.17921241478118244,24.999091105332646,0.007168757217055543,15.157454695047525,0.044444444444444446,0.06285393610547088,0.8896093905121324,0.6635435627912735,0.6130017668322895,1.3055401732038354,13.58265174399531,41.719766485380845,62.44725442558883,70.6855791962175,22.26241134751773
V2 tol0.0 | A trail 3.0ATR,20.0,0.57232666015625,423,35.9338061465721,1.012534025554958,0.17408500476014943,19.998142236108535,0.008705058835206328,11.947470051767175,0.0,0.0,0.8909277966072267,0.6641406941378557,0.6136128984850009,1.3116454265264883,13.431480472220448,41.70876662433377,62.35762933658669,70.6855791962175,22.26241134751773
V2 tol0.0 | A trail 4.0ATR,25.0,1.3965548706054685,340,38.82352941176471,1.141334808130328,3.467913343326856,24.999244186969275,0.13872072761041662,18.24231637165178,1.7333333333333332,0.21773242158072698,0.9699314760419581,1.063195032770223,0.6905886783639623,1.5113304038070228,10.246061477989052,40.268811757699815,60.66258388330714,73.52941176470588,40.72941176470588
V2 tol0.0 | A trail 4.0ATR,20.0,1.0901937866210933,340,38.82352941176471,1.1449677653465082,2.7894485477299114,19.999823133046604,0.1394736608005688,14.469131555831021,0.08888888888888889,0.03142696805273545,0.973308988669561,1.0679049011239254,0.6920673287977585,1.5267190919140088,10.095654245603725,40.02628819459528,60.524685811612436,73.52941176470588,40.72941176470588
V2 tol0.0 | A trail 5.0ATR,25.0,1.7021853637695312,287,39.721254355400696,1.4237668773704466,12.4588881204726,24.999162231823494,0.49837222563453165,18.037779426980943,2.022222222222222,0.3456966485800899,1.4058928674865896,0.807969735608748,0.8234144119312707,1.0709831886862873,14.473494741942522,46.01012535235334,63.04475102212236,75.9581881533101,62.62717770034843
V2 tol0.0 | A trail 5.0ATR,20.0,1.3278793334960937,287,39.721254355400696,1.441253980427404,9.8669772296881,19.999120096988072,0.49337056739681745,14.30275409236414,0.08888888888888889,0.03142696805273545,1.426424912663181,0.8102498654632769,0.826582861561527,1.0770615484498225,14.881871256749376,46.49130562667903,63.271947898404335,75.9581881533101,62.62717770034843
V2 tol0.0 | B 1.5R tgt,25.0,1.0069064331054685,411,44.52554744525548,1.125453801316263,3.937431989097351,24.99855756072018,0.15750636729873457,17.905227687569717,1.377777777777778,0.2793290019994786,0.9896578661720459,0.9548683756945907,0.7446252203705922,1.0386851079382047,3.074691384505136,14.489146068765136,27.518235002093967,70.8029197080292,17.347931873479318
V2 tol0.0 | B 1.5R tgt,20.0,0.7884597778320312,411,44.52554744525548,1.1246789320648432,3.154949160996523,19.997206621669804,0.15776949354404776,14.23008085470559,0.044444444444444446,0.03142696805273545,0.9926916910327125,0.9575010081524685,0.7460997585342055,1.04169861978573,2.880623422898106,13.733029668757434,26.48153347524144,70.8029197080292,17.347931873479318
V2 tol0.0 | B 2R tgt,25.0,0.6478210449218749,393,36.1323155216285,1.0531606359166878,1.2319244206860702,24.99641654404743,0.04928404111506283,15.564576028030181,0.1111111111111111,0.0628539361054709,0.9256537928861955,0.8845078674559337,0.5614152332749337,0.9185635264839069,2.5804326594762155,15.621164131569563,30.796694732230986,74.30025445292621,23.012722646310433
V2 tol0.0 | B 2R tgt,20.0,0.5047470092773437,393,36.1323155216285,1.0544027620001286,1.0031126887828812,19.998260538070635,0.0501599970094028,12.282807316213097,0.0,0.0,0.9284361879587115,0.8864199857994465,0.5623262526603209,0.9202529661123361,2.484189166567595,15.16766944717148,30.124519359940482,74.30025445292621,23.012722646310433
V2 tol0.0 | B 3R tgt,25.0,1.1595999145507812,366,32.51366120218579,1.38517586515368,16.104593634027943,24.998709655766294,0.6442169958285506,19.93225532406765,4.177777777777778,0.1749779527558183,1.1988049999831447,1.2189780531842818,0.7301371853640201,1.01960537046646,4.9267690069927825,25.7018411897449,43.89320288089561,80.05464480874316,33.12021857923497
V2 tol0.0 | B 3R tgt,20.0,0.9038931274414062,366,32.51366120218579,1.3806839679129332,12.592573599525325,19.99901496370867,0.6296596918586497,15.809113775246766,0.3111111111111111,0.1911627837120584,1.2035869794629515,1.2244060305585496,0.7336215961050367,1.0247805149751024,4.325335663869394,23.211206387542582,40.89242995213116,80.05464480874316,33.12021857923497
V2 tol0.0 | C time 32 + 4ATR,25.0,1.252506713867187,350,49.142857142857146,1.052770132295461,1.203086553843269,24.999172621697326,0.048125054858778965,18.15184647717851,1.288888888888889,0.25724082006200494,0.9425875963100706,0.8839188500768989,0.7594362296380885,0.8987204425224002,7.341885380321618,29.613446756117007,48.92723484118937,71.71428571428572,27.05142857142857
V2 tol0.0 | C time 32 + 4ATR,20.0,0.9782916259765625,350,49.142857142857146,1.0555999118527168,1.0007228646638167,19.99857810239711,0.05003970079972165,14.39050837212289,0.022222222222222223,0.03142696805273544,0.9459333932446081,0.88652130650915,0.7608564695060623,0.9007248667818988,7.315737262308571,29.63931873201171,48.95704834449317,71.71428571428572,27.05142857142857
V2 tol0.0 | C time 64 + 4ATR,25.0,1.3270269775390626,289,44.982698961937714,1.1878240097129018,4.942761456144629,24.999410228850518,0.1977151225127881,18.308312121981782,2.3555555555555556,0.29979416807182313,1.0799142755053903,0.9543296381356329,0.6710753149505753,0.8234665612997956,7.437610667839752,30.307487640785883,48.47463168196589,79.58477508650519,48.54671280276817
V2 tol0.0 | C time 64 + 4ATR,20.0,1.034425354003906,289,44.982698961937714,1.1917016378778116,3.9405224150506957,19.998606841696752,0.19703984613742065,14.521813966589391,0.08888888888888889,0.03142696805273545,1.0848292217417872,0.9586461431777895,0.6735448303845527,0.8259408894856153,7.234940234549308,30.160972551058283,48.40403485594351,79.58477508650519,48.54671280276817
V2 tol0.25 | A trail 3.0ATR,25.0,1.0400265502929684,380,36.84210526315789,1.1122748495278565,2.68368324091941,24.9990734603076,0.10735130824670126,16.38192782654003,0.4000000000000001,5.551115123125783e-17,1.085958609782134,0.492440643659665,0.940595139913387,1.6861838633499642,10.96108484392508,41.626159285190106,61.67129986611561,65.26315789473685,22.91315789473684
V2 tol0.25 | A trail 3.0ATR,20.0,0.8146392822265623,380,36.84210526315789,1.117059359658378,2.164178453939125,19.998273527356535,0.10821826449061457,13.01090757372999,0.0,0.0,1.0912158091563862,0.49144928174300667,0.9434081693586489,1.6960822253263421,10.868105292601708,41.677372032406836,61.664524474332595,65.26315789473685,22.91315789473684
V2 tol0.25 | A trail 4.0ATR,25.0,1.6705264282226562,317,39.43217665615142,1.2704897468890293,7.808419930140875,24.99903708570782,0.31234882781165285,17.360691856833053,1.0666666666666667,0.33993463423951903,1.2042496142511996,0.5755823090053193,1.3941695990145198,1.3649496496446076,8.8257810867988,32.07952145727577,54.27499362383067,66.24605678233438,42.57728706624606
V2 tol0.25 | A trail 4.0ATR,20.0,1.3001168823242184,317,39.43217665615142,1.2767953080778658,6.15882081540613,19.99936123402912,0.30795087619732736,13.702022979065026,0.022222222222222223,0.03142696805273544,1.2126253273575947,0.575737548781527,1.4004694821645736,1.3744110396833855,8.663307775814177,32.09720334975306,54.34236924851507,66.24605678233438,42.57728706624606
V2 tol0.25 | A trail 5.0ATR,25.0,1.5278176879882812,266,41.35338345864661,1.5794685093795389,13.64535995628473,24.99951999524296,0.5458248781929109,13.2458877370757,0.0,0.0,1.595122474280855,0.3769258728639435,1.5199816308922194,1.146031674130444,14.372093155611749,44.17404632632332,60.405798450599946,67.29323308270678,67.0375939849624
V2 tol0.25 | A trail 5.0ATR,20.0,1.1877276611328127,266,41.35338345864661,1.6018032281274428,10.66482695448132,19.99941912104508,0.5332568356077346,10.420506240000696,0.0,0.0,1.6219077201380938,0.3754361978223112,1.5229399863829054,1.1514932100422326,14.653287837527646,44.64083475390765,60.60869493303655,67.29323308270678,67.0375939849624
V2 tol0.25 | B 1.5R tgt,25.0,2.1340863037109377,367,44.95912806539509,1.1129448270282094,7.769572129967295,24.999015454571854,0.31079512487546324,32.74870435544599,66.22222222222221,1.210244338150233,1.1048148540452758,0.8613846552407226,0.9582715935657666,1.075355848190865,2.587711913443879,14.340425105406482,26.491548223364926,66.4850136239782,18.087193460490465
V2 tol0.25 | B 1.5R tgt,20.0,1.6870864868164062,367,44.95912806539509,1.1185309655782536,6.433535026802861,19.999649896059392,0.3216823824536291,26.624349880081166,30.444444444444443,1.2838983845026062,1.1107564522303899,0.8652501980619425,0.9636463029581136,1.0815970364952765,2.4409049206815814,13.733672555990141,25.701270075080114,66.4850136239782,18.087193460490465
V2 tol0.25 | B 2R tgt,25.0,1.7317742919921875,356,38.20224719101123,1.1367229149073232,7.870414122027292,24.999917162317427,0.31481760803153497,30.163906761632315,50.82222222222222,0.710416327250926,1.097774372604692,0.9706136958638212,0.9124981409153233,1.1791901293180238,3.163278211234624,16.801809599160432,31.29731230359885,67.97752808988764,23.730337078651687
V2 tol0.25 | B 2R tgt,20.0,1.3581988525390627,356,38.20224719101123,1.140916851909377,6.424862656761632,19.999883283402852,0.3212450075692883,24.239181286537814,18.444444444444443,0.24545246704860502,1.1032974771887256,0.9758883892129562,0.9189438771924131,1.186139528357859,2.9667052537075222,15.957114875759165,30.266493360193138,67.97752808988764,23.730337078651687
V2 tol0.25 | B 3R tgt,25.0,1.9508297729492183,335,32.83582089552239,1.3425325272038873,25.694338581960796,24.9993677279913,1.0277995372335498,30.297082897796525,51.93333333333333,0.9813067629253137,1.3208457489482188,0.8894539325168598,1.097143300516416,1.0162922791825733,6.0711817319308174,27.67201638187083,47.327124468836445,66.26865671641791,33.42686567164179
V2 tol0.25 | B 3R tgt,20.0,1.547421875,335,32.83582089552239,1.3501630599502483,20.538545243129636,19.99992327769413,1.0269312015829697,24.68733606942908,20.288888888888888,0.7104163272509239,1.3284917100781588,0.8967972080175133,1.1057384060586846,1.0241232101950943,5.302939460224313,24.889866372537288,44.00081585962362,66.26865671641791,33.42686567164179
V2 tol0.25 | C time 32 + 4ATR,25.0,1.3834042358398437,321,49.532710280373834,1.0378739577417673,1.0147810737915597,24.99927902067945,0.040592413603293555,20.186292805429954,3.844444444444445,0.408550584685561,1.05300011130415,0.5093824831806572,0.9829540447775896,1.0323719821855446,10.452606372719016,33.36095820716123,51.85431640861971,64.48598130841121,26.931464174454828
V2 tol0.25 | C time 32 + 4ATR,20.0,1.088976135253906,321,49.532710280373834,1.0421187986775169,0.8707429236514574,19.997945891369824,0.043541618143252865,16.15439619098684,0.3555555555555556,0.03142696805273544,1.0578071013477317,0.5091909301585257,0.9862580466089539,1.0359783514003789,10.39098734133767,33.34552025767484,51.83544800304941,64.48598130841121,26.931464174454828
V2 tol0.25 | C time 64 + 4ATR,25.0,1.5716531372070313,275,47.27272727272727,1.4008810019264593,11.40646735047659,24.999315680222118,0.4562711834348597,16.706308740055103,1.0666666666666667,0.3771236166328254,1.2758953744428767,0.48307482548236286,1.3572176005472216,1.2011941129894133,7.935833548445376,29.10194455615003,48.24511265661293,68.0,49.24363636363636
V2 tol0.25 | C time 64 + 4ATR,20.0,1.2240136718749997,275,47.27272727272727,1.4038600800287113,8.938847448257658,19.998455470263306,0.4469768908678609,13.194880498451804,0.022222222222222223,0.03142696805273544,1.2837558783331475,0.4832506366445988,1.3617242203912334,1.2124278462257798,7.377900830618185,28.485154124739484,47.88884438445912,68.0,49.24363636363636
V2 tol0.5 | A trail 3.0ATR,25.0,1.100787353515625,328,36.58536585365854,1.081399685765317,1.845365780593733,24.998619728423964,0.07381870681826136,17.414552738868498,0.9333333333333332,0.09428090415820636,1.0864956876214582,0.5148340443777132,1.1236996448612497,1.4517408741779052,13.698931747902947,42.860856168129445,61.77236759523544,64.32926829268293,21.789634146341463
V2 tol0.5 | A trail 3.0ATR,20.0,0.8631018066406249,328,36.58536585365854,1.0864695408642062,1.5116131369340202,19.99835769435368,0.07558686368335175,13.859926883316446,0.0,0.0,1.0922824602507502,0.5138646360182759,1.1300614079266589,1.4622763048654137,13.643960023263363,42.85903452040934,61.750095780568884,64.32926829268293,21.789634146341463
V2 tol0.5 | A trail 4.0ATR,25.0,2.2573126220703124,283,39.2226148409894,1.1632457365162652,5.594978626993918,24.99969519035886,0.2238018737585098,25.48279619447112,24.555555555555557,1.2523558047649217,1.0540537631294065,0.6734537406616217,1.0984871356493475,1.0730568772492124,9.223947634676723,36.66312485372408,58.72241370501251,67.49116607773851,40.724381625441694
V2 tol0.5 | A trail 4.0ATR,20.0,1.7595367431640625,283,39.2226148409894,1.1702883601598433,4.548753806861194,19.998755763008397,0.2274518405427503,20.317523690805846,5.511111111111112,0.2514157444218831,1.062046816563351,0.6755708465428559,1.1056496600204162,1.0815878482659562,9.295900415865608,36.47927434150823,58.67872998470836,67.49116607773851,40.724381625441694
V2 tol0.5 | A trail 5.0ATR,25.0,2.1896112060546873,245,41.63265306122449,1.5613062698418254,16.586788355697777,24.99939696020087,0.6634875386035913,19.279225397640307,3.3777777777777778,0.3937787810370966,1.5465533926253776,0.7272234049518989,1.179317267742512,0.9228154598731252,13.890705383716668,44.119012582025555,61.51487742371612,68.57142857142857,65.01632653061225
V2 tol0.5 | A trail 5.0ATR,20.0,1.7026724243164062,245,41.63265306122449,1.5744860260950209,13.03734244320649,19.999937955285933,0.6518691444120582,15.269795432478476,0.3111111111111111,0.06285393610547091,1.5599279181891201,0.73512720117058,1.1847270085590398,0.9270375014989508,14.50047458207354,44.478653774847814,61.26443203049712,68.57142857142857,65.01632653061225
V2 tol0.5 | B 1.5R tgt,25.0,2.231133117675782,316,44.936708860759495,1.1047009775452932,6.9085354807205235,24.99934082113891,0.27634870575782594,32.19886334122511,62.68888888888889,1.2344839477627731,1.091103976977129,0.8845285914267677,0.8636032345634037,1.0416154920854377,2.750450373993044,12.895410556974133,25.30415795094976,66.45569620253164,16.569620253164558
V2 tol0.5 | B 1.5R tgt,20.0,1.7653814697265622,316,44.936708860759495,1.1117205802333605,5.744145589659833,19.99977773729454,0.28721047129181093,26.161593198496274,28.711111111111112,0.41573970964154944,1.0988156444629236,0.8898420822556042,0.8685616039307408,1.0477792615611876,2.642363870706659,12.539866154125189,24.714800193616018,66.45569620253164,16.569620253164558
V2 tol0.5 | B 2R tgt,25.0,1.7963098144531247,310,39.03225806451613,1.176495983813132,9.323854852742762,24.99889796199981,0.3729706352222293,27.712094530015303,36.93333333333333,1.321054573129054,1.1047768922090109,0.8672835503212843,0.9749842149666207,1.3821987262901547,3.575799569024492,16.694393562297833,31.168653408555166,66.77419354838709,22.26451612903226
V2 tol0.5 | B 2R tgt,20.0,1.407026672363281,310,39.03225806451613,1.1810721472747838,7.522719482161988,19.998631237840634,0.37616171790436287,22.232077096097147,10.777777777777779,0.6118177732416099,1.1118983321324085,0.872593651724241,0.9810571938805941,1.3926988593569736,3.347414840201422,15.840880783525153,30.10875128778229,66.77419354838709,22.26451612903226
V2 tol0.5 | B 3R tgt,25.0,1.7384713745117186,294,32.6530612244898,1.334659864398173,19.331984035212948,24.99923611314973,0.7733029900479328,26.70205471643706,29.755555555555556,0.7390350732584846,1.259365750890247,0.8698969455124463,0.9988978928425144,1.277594513649325,3.8970913985713547,23.741218993691415,41.78724781576686,66.3265306122449,32.993197278911566
V2 tol0.5 | B 3R tgt,20.0,1.3600253295898437,294,32.6530612244898,1.3415490264802592,15.278583091355236,19.999687526970526,0.7639410901171002,21.392606496200813,7.844444444444445,0.981809868194423,1.2715942497807826,0.8767461448089794,1.006409311537918,1.291219058099044,3.4727388671984007,21.736869403409468,39.4616151259766,66.3265306122449,32.993197278911566
V2 tol0.5 | C time 32 + 4ATR,25.0,2.049824829101562,288,49.30555555555556,1.0493200687264999,1.63960048851286,24.99976702195417,0.06558463073167858,26.20822875439896,28.0,0.6182412330330463,1.0087761335450542,0.7438565306586346,0.9324578371188812,0.8054190390466583,7.75682883787038,30.29836695269787,48.28557492801814,67.01388888888889,27.01736111111111
V2 tol0.5 | C time 32 + 4ATR,20.0,1.620724487304687,288,49.30555555555556,1.0548053901330507,1.4314646096595718,19.999858150263247,0.07157373811877411,21.141664409839557,6.6000000000000005,0.4320493798938569,1.0140550722752846,0.746048475026667,0.9383153119800473,0.8076610163606701,7.741919112149597,30.42066831797705,48.33321632544846,67.01388888888889,27.01736111111111
V2 tol0.5 | C time 64 + 4ATR,25.0,1.9178314208984375,251,47.410358565737056,1.39707455019713,12.34548944071272,24.999077316420614,0.49383780386980924,19.895765963130824,4.866666666666666,0.42513614377131104,1.2519716100448492,0.5621988701924124,1.1209077114517427,0.8152090837924548,8.462763422628912,29.030936499382648,48.459348485173784,69.32270916334662,48.876494023904385
V2 tol0.5 | C time 64 + 4ATR,20.0,1.4965240478515622,251,47.410358565737056,1.399163788259713,9.729989171261288,19.998680655038623,0.48653155371076134,15.781999414984435,0.4444444444444445,0.1133115447465063,1.2586146079201102,0.5642785228096225,1.1268708446859532,0.8198657934663458,7.992530935071954,28.281226470073516,47.86074282735463,69.32270916334662,48.876494023904385
V3 tol0.0 | A trail 3.0ATR,25.0,1.2219436645507809,393,37.913486005089055,1.1968313424417514,5.117524810188234,24.999829735390936,0.20470238655040218,16.917823388311504,0.9555555555555556,0.08314794192830982,1.101632037267896,0.673130925635605,0.7145480632534261,1.1107528624697858,10.741888191125769,39.41462832407039,60.13463135894561,100.0,22.890585241730278
V3 tol0.0 | A trail 3.0ATR,20.0,0.9532080078124999,393,37.913486005089055,1.1994177235581702,4.070064792652617,19.999745302284595,0.20350583125614546,13.387428021554408,0.044444444444444446,0.03142696805273545,1.105918261955684,0.6741006492448949,0.7157443114801959,1.1176585494364337,10.495538863242595,39.24436366447571,59.983538097757574,100.0,22.890585241730278
V3 tol0.0 | A trail 4.0ATR,25.0,1.7697650146484372,324,41.66666666666667,1.3103541164008492,8.726190021627044,24.998955888872818,0.34906217925329924,18.357698246083636,2.244444444444444,0.16629588385661978,1.1431938465731837,0.9074815342830214,0.6320530701365515,1.323456963205391,10.40919909627412,37.73631775397092,57.03929156745459,100.0,40.75
V3 tol0.0 | A trail 4.0ATR,20.0,1.3819430541992188,324,41.66666666666667,1.3111564030672729,6.908351485550157,19.99940641962113,0.3454278262365063,14.56428697151406,0.11111111111111112,0.03142696805273545,1.1488360116474485,0.9118478109343182,0.6326863523101253,1.3382258305072627,9.860653097659833,37.30737632821047,56.75188377701081,100.0,40.75
V3 tol0.0 | A trail 5.0ATR,25.0,1.7421243286132813,269,41.63568773234201,1.623021787095408,16.508520979897344,24.99920784472588,0.660361763558047,15.588482342787607,0.48888888888888893,0.12570787221094182,1.5447883915420322,0.658531523085582,0.7701033677304049,1.1201730113520834,13.208702240941582,43.62768636528695,61.32452226651769,100.0,63.71375464684015
V3 tol0.0 | A trail 5.0ATR,20.0,1.3629476928710935,269,41.63568773234201,1.6375151436506128,12.993163268749486,19.999259020691294,0.6496822334920869,12.360220761108799,0.044444444444444446,0.06285393610547088,1.5637631518403787,0.6594380343060824,0.7724210300084142,1.1273274115979626,13.805642857750275,44.079008070056645,61.28402147913201,100.0,63.71375464684015
V3 tol0.0 | B 1.5R tgt,25.0,1.5297659301757813,379,45.64643799472295,1.1824428032183436,7.714557539338585,24.999724839976174,0.30858569799146385,23.215306900684322,14.511111111111111,0.4755763235340605,1.0434251376758579,1.2368447523011183,0.6920853725799446,0.8735270656317154,2.923659350734716,16.42072090214475,30.218545904084355,100.0,17.100263852242744
V3 tol0.0 | B 1.5R tgt,20.0,1.1940594482421876,379,45.64643799472295,1.1806643159270622,6.15963279703311,19.999864635927032,0.3079837243482223,18.488615937636755,2.6,0.2721655269759086,1.0471801920972215,1.243107669112995,0.6925354228493282,0.8759185526934633,2.643650584300882,15.047821219503481,28.304887505932427,100.0,17.100263852242744
V3 tol0.0 | B 2R tgt,25.0,0.9589309692382812,369,38.21138211382114,1.1711156470611492,5.025541193660565,24.99850514490464,0.20103366839456416,17.579533149461678,1.4000000000000001,0.23726840560069584,0.9950524765516897,1.0094115207291048,0.7059277537765194,0.9716488856712728,3.0839221186651744,17.526401675232307,32.19187628159724,100.0,22.67208672086721
V3 tol0.0 | B 2R tgt,20.0,0.7511996459960937,369,38.21138211382114,1.168768266023376,4.010907629016414,19.997439930655815,0.20057105524131338,13.9829227950449,0.1111111111111111,0.0628539361054709,0.998445814155244,1.0125423585684845,0.7070038565169258,0.9744856078351526,2.870438269661762,16.48550852005606,30.799108366872773,100.0,22.67208672086721
V3 tol0.0 | B 3R tgt,25.0,1.18991943359375,347,31.70028818443804,1.3342118194667472,13.439522520836643,24.998337359089664,0.5376166553712777,21.177136371446363,6.711111111111111,0.48787774222444724,1.168327362101391,1.1178960792367791,0.7571154717956128,1.0193874723452472,4.921215011577214,24.775551465801737,43.135591860151976,100.0,32.29106628242075
V3 tol0.0 | B 3R tgt,20.0,0.9407879638671873,347,31.70028818443804,1.3308410917312228,10.714298333940132,19.99816839491279,0.5357639820987644,17.041059759569773,0.9777777777777779,0.06285393610547083,1.1721755027885827,1.1230781723927914,0.7596140988015236,1.0244042928908674,4.414729863239957,22.73300799750572,40.62045753462907,100.0,32.29106628242075
V3 tol0.0 | C time 32 + 4ATR,25.0,1.3687924194335936,327,50.764525993883794,1.2330799773894683,5.243481849014842,24.998710110748597,0.20975009613637316,14.832740114116353,0.24444444444444446,0.13698697784375505,1.1342266207154863,0.819054937215331,0.6384609054039968,0.6383737264644588,7.176082898351245,29.289158757878408,47.762100068108495,100.0,27.382262996941897
V3 tol0.0 | C time 32 + 4ATR,20.0,1.0687631225585936,327,50.764525993883794,1.2346020872317307,4.150518895288147,19.99984854887702,0.20752751627817684,11.717751249284897,0.0,0.0,1.1372294459316892,0.8206674557105954,0.638742532262537,0.6381450989811015,7.270825573999543,29.352030979814774,47.84068095620446,100.0,27.382262996941897
V3 tol0.0 | C time 64 + 4ATR,25.0,1.6201156616210932,278,46.76258992805755,1.3506099633355038,10.179285542805761,24.99938766305538,0.4071813950006833,18.62690565927843,2.6444444444444444,0.031426968052735545,1.1469280221931386,0.7836099123537508,0.7101357314621164,0.9093709192849416,8.58474744021304,29.547512945100568,47.638313764307206,100.0,48.2410071942446
V3 tol0.0 | C time 64 + 4ATR,20.0,1.2644396972656249,278,46.76258992805755,1.3497420397460482,8.034037769647618,19.999770342168812,0.4017065012345733,14.774083760716335,0.20000000000000004,0.14401645996461912,1.1523858037275159,0.7865767434105884,0.7127952044537671,0.9143586173347308,7.901531248906281,28.944750120265976,46.976435787847066,100.0,48.2410071942446
V3 tol0.25 | A trail 3.0ATR,25.0,2.2335684204101565,312,38.46153846153847,1.276201824639903,11.40020806278006,24.99946123419926,0.4560181499905517,24.371943306479483,20.0,0.4455541701280744,1.2351671065464542,0.6766139261355015,0.8420264393234346,1.3278311326376169,10.958107506556685,38.50181105365436,59.54679449043466,100.0,22.916666666666668
V3 tol0.25 | A trail 3.0ATR,20.0,1.7586843872070312,312,38.46153846153847,1.285631629750687,9.160187979897305,19.999645852885052,0.4580175092738405,19.643979202647373,3.9555555555555557,0.5769224438109851,1.2464476161929183,0.6772515920194737,0.846173510096063,1.3454925876729373,10.76594689589521,38.262036189498,59.1080644357684,100.0,22.916666666666668
V3 tol0.25 | A trail 4.0ATR,25.0,2.25560791015625,271,42.066420664206646,1.4043567728027075,12.284711397816395,24.99946125486307,0.49139904546649726,19.703065559117803,3.888888888888889,0.29979416807182296,1.2100477999632577,0.6084556262529663,0.814672010654015,1.6196219408181918,8.740266019961819,34.76510059851537,56.052701538780816,100.0,41.21771217712177
V3 tol0.25 | A trail 4.0ATR,20.0,1.7741485595703121,271,42.066420664206646,1.4068850055347877,9.759620677913205,19.998852791183218,0.48800902630854276,15.75150782234183,0.35555555555555557,0.19116278371205836,1.219049016587255,0.6101179251566913,0.8177156450589368,1.6474511857599439,8.1064541927127,34.20014533360995,55.58621214393939,100.0,41.21771217712177
V3 tol0.25 | A trail 5.0ATR,25.0,2.092077331542969,229,42.79475982532751,1.7192320724720196,20.32607381617513,24.999460178352663,0.8130605089535382,16.253180283599733,0.7999999999999999,0.14401645996461915,1.6307774316798684,0.4232871719765675,0.9991340278594121,1.469911036142352,13.557617965212511,42.21446114989929,59.75511545642803,100.0,65.12663755458516
V3 tol0.25 | A trail 5.0ATR,20.0,1.6385021972656248,229,42.79475982532751,1.741360893719127,15.977620317648933,19.999207060397815,0.7989126903579903,12.908595468951233,0.06666666666666667,0.05443310539518174,1.6606993808227943,0.4229696343174829,1.0039586089866233,1.4865700968062252,14.145727047128773,42.697450388986816,59.89079007580366,100.0,65.12663755458516
V3 tol0.25 | B 1.5R tgt,25.0,1.91271728515625,310,46.774193548387096,1.231293703365027,10.24676426188853,24.99980647009366,0.409873743388628,24.797952458201262,19.933333333333334,1.0512778820013229,1.0978378148811152,1.1538912244397483,0.7321861274383394,0.9619609373039899,3.5547806874870944,16.828958623101396,31.16841811132778,100.0,16.274193548387096
V3 tol0.25 | B 1.5R tgt,20.0,1.4971328735351561,310,46.774193548387096,1.2304619812900597,8.178083407451965,19.99939811681711,0.4089164763701149,19.81088176802679,4.2444444444444445,0.5665577237325318,1.1022881885825169,1.160955789902458,0.734635356751383,0.9664682448571598,3.212608702374794,15.367520344614253,29.068127127039325,100.0,16.274193548387096
V3 tol0.25 | B 2R tgt,25.0,1.2120806884765623,305,38.68852459016394,1.190410658494039,5.881520991394096,24.998781546761084,0.23527230638791366,19.841700799674687,3.7999999999999994,0.4455541701280758,0.9882557711983361,1.063449178625829,0.6537415472948744,1.2812594117428802,3.7020726728171667,17.43227870835272,31.751819277721143,100.0,21.17049180327869
V3 tol0.25 | B 2R tgt,20.0,0.9530862426757811,305,38.68852459016394,1.1887369602419167,4.72191986940893,19.999030887640245,0.23610743420208227,15.865889404476723,0.26666666666666666,0.16329931618554525,0.992247937342391,1.067713471567777,0.6554934525084086,1.2880218121237226,3.448542254294375,16.42887259475844,30.466517392151285,100.0,21.17049180327869
V3 tol0.25 | B 3R tgt,25.0,1.6883041381835935,290,33.10344827586207,1.420214049482381,20.121843153835208,24.999166442995197,0.8049005633735191,25.09069876784618,21.688888888888886,0.9274949668759658,1.2480623704331373,1.0162152080861535,0.7966772351180185,1.296936264584379,4.446260789470797,26.79461820729348,46.48160330286108,100.0,30.52413793103448
V3 tol0.25 | B 3R tgt,20.0,1.3483358764648437,290,33.10344827586207,1.417244462389719,16.17031131204556,19.999492005325447,0.8085361022039831,20.44836887590209,5.466666666666668,0.2880329199292379,1.2539115341869707,1.0230004769117866,0.8010523521801444,1.3099339439645368,3.905972526613336,24.193829873103137,43.292700038961094,100.0,30.52413793103448
V3 tol0.25 | C time 32 + 4ATR,25.0,2.474663391113281,276,50.72463768115942,1.2474643775516523,9.352546812234873,24.99948166521837,0.37410962905071016,23.57693167540509,15.911111111111111,0.4365973934308547,1.2028011625508654,0.6021326528339939,1.141943718513339,0.8216862893655325,5.624518943320811,28.117933406586307,48.03152280060281,100.0,27.184782608695652
V3 tol0.25 | C time 32 + 4ATR,20.0,1.9354873657226563,276,50.72463768115942,1.2560372647521179,7.478996901991253,19.999881384954993,0.3739520629166013,18.815818625732437,2.7777777777777772,0.5995883361436462,1.2115630268879658,0.6017534530328802,1.1521532428681236,0.8246578935156477,5.6375600036802584,28.13030723436453,47.996092700407736,100.0,27.184782608695652
V3 tol0.25 | C time 64 + 4ATR,25.0,1.6936618041992186,243,46.913580246913575,1.4989324406985822,12.912930594970028,24.99844839466742,0.5165492830236843,16.716027228534077,0.8666666666666667,0.05443310539518177,1.2054753932893585,0.5643632441951044,0.7872064171207136,1.329678345609824,7.999464064673623,28.676267346291265,46.49878180049887,100.0,48.01234567901235
V3 tol0.25 | C time 64 + 4ATR,20.0,1.3226434326171872,243,46.913580246913575,1.4940616515758078,10.124904319820761,19.998360215852443,0.5062867260384118,13.237388977894566,0.06666666666666667,0.05443310539518174,1.2124339615149706,0.5645297518384379,0.7910533963204145,1.34565230694959,7.344601677908623,27.7056149474877,45.57671175181936,100.0,48.01234567901235
V3 tol0.5 | A trail 3.0ATR,25.0,3.511493530273437,239,38.912133891213394,1.2954741798486713,16.014948601987534,24.99949555887487,0.6406108700982247,31.276098492539177,58.4,1.0342290025084513,1.3605127843515497,0.6970748876036246,1.2284493159713072,1.1424255383877973,12.141356560762274,39.13356320610064,59.89407343593045,100.0,22.560669456066947
V3 tol0.5 | A trail 3.0ATR,20.0,2.757158508300781,239,38.912133891213394,1.314996697133537,12.945241869825729,19.999821239706243,0.6472678787810939,25.26343173976582,24.444444444444443,0.5971123930019729,1.3792852407124272,0.6992850601667389,1.24721393514367,1.1624662035749382,11.544293667394912,38.458331984923745,59.01275187108716,100.0,22.560669456066947
V3 tol0.5 | A trail 4.0ATR,25.0,3.574811401367187,219,41.55251141552511,1.4526635657477978,18.06225126730949,24.999693301735416,0.7224989142589063,27.968107894993867,37.6,0.1962613525850634,1.283148674423478,0.710866623583244,0.8068262196220345,1.4620458123479572,12.190518920045982,39.66159712251543,58.92037824530116,100.0,40.93150684931507
V3 tol0.5 | A trail 4.0ATR,20.0,2.818041076660156,219,41.55251141552511,1.4613767624279839,14.508953839945082,19.999828920197558,0.7254538975227276,22.588692267684618,12.511111111111111,0.13698697784375521,1.2971901477576442,0.7160619335123558,0.8114206268417163,1.497744024677564,11.362462651774834,38.13140893925429,57.91554584795224,100.0,40.93150684931507
V3 tol0.5 | A trail 5.0ATR,25.0,3.126593933105468,192,44.79166666666667,1.8401614521580896,28.970715726776763,24.999227123028547,1.1588644554570968,20.99189014635574,6.955555555555556,0.422806613120899,1.8653217130877964,0.49639179630416674,1.1747144398783544,1.4056370007989945,6.984454868159645,38.92051997554342,61.390030287218295,100.0,64.90104166666667
V3 tol0.5 | A trail 5.0ATR,20.0,2.441543273925781,192,44.79166666666667,1.8649678873670932,22.672942727020317,19.999220167189595,1.1336913408362386,16.700760221617138,0.8666666666666667,0.09428090415820632,1.8801203113373115,0.4969962884209637,1.1844618949445833,1.4289854380383014,7.461414552758093,38.34496616851492,60.43487962127832,100.0,64.90104166666667
V3 tol0.5 | B 1.5R tgt,25.0,3.2663803100585933,236,47.45762711864407,1.239258302254353,14.57183756466165,24.999548512366694,0.5828840291836991,34.674529829672174,74.82222222222222,0.11331154474650174,1.11876687007748,1.1576529147030485,0.8199693250497316,0.9914580301302529,3.4658425166211178,17.59293430635027,31.939415182388295,100.0,16.372881355932204
V3 tol0.5 | B 1.5R tgt,20.0,2.6073873901367186,236,47.45762711864407,1.2455844720292748,12.022927869565825,19.999570492410545,0.6011593036024597,28.545765449677727,42.37777777777777,0.5971123930019757,1.1291735235222964,1.1683705245969669,0.8245725038632261,0.999016470978025,3.1108094548658825,16.02200291614195,29.79994534515566,100.0,16.372881355932204
V3 tol0.5 | B 2R tgt,25.0,1.8543917846679685,234,39.31623931623932,1.222246450553913,7.877988139109515,24.999500410972438,0.3151258229005175,25.501213167640184,24.555555555555557,1.3923955731396038,1.0284315938903237,0.8962807963985258,0.8183992082596656,1.3240464404708068,3.470564453200466,17.733994911520988,32.94908217796565,100.0,21.294871794871796
V3 tol0.5 | B 2R tgt,20.0,1.470344543457031,234,39.31623931623932,1.221476042055362,6.421147639178604,19.99938882958097,0.3210671932974834,20.64097704168704,6.155555555555556,0.5820355934981684,1.0342604808313054,0.9009854800795721,0.8219539188390064,1.3347781663218568,3.1891882058181724,16.527344721371616,31.38483183903865,100.0,21.294871794871796
V3 tol0.5 | B 3R tgt,25.0,2.3767642211914057,225,34.22222222222222,1.494477852672524,25.504476240221585,24.998836193530146,1.0202265434589433,29.661242983348743,47.800000000000004,1.4817407180595237,1.3160429787004368,0.927041094653682,0.9415034994506836,1.3708888768652818,6.243797278946494,28.848651897521616,47.056678905371086,100.0,30.773333333333333
V3 tol0.5 | B 3R tgt,20.0,1.8906777954101561,225,34.22222222222222,1.491964778099493,20.459758109476887,19.999621096354012,1.0230072865333812,24.214162999335343,18.0,0.519258730913242,1.3253727547989589,0.9351322845723471,0.9497352821248177,1.390855624825643,5.389376149484668,25.70989534612365,43.44820131232903,100.0,30.773333333333333
V3 tol0.5 | C time 32 + 4ATR,25.0,3.8144451904296868,222,50.9009009009009,1.2285959478641155,10.404446970351078,24.999587376357283,0.4161847479207123,32.89248799945511,64.86666666666666,0.5887840577551869,1.2057018024930444,0.7349849162813739,1.1537893124066279,0.7275221289516449,6.456962511640983,29.3144295519794,48.42819999790041,100.0,27.225225225225227
V3 tol0.5 | C time 32 + 4ATR,20.0,3.0032458496093746,222,50.9009009009009,1.2393880795051224,8.543543284393085,19.99976351041869,0.4271822154268177,26.614955179361758,30.755555555555556,1.5475986974649028,1.2145605682236762,0.7374584185749979,1.1686690763450447,0.7293820139452785,6.583419718479835,29.07259943871158,48.10491146164153,100.0,27.225225225225227
V3 tol0.5 | C time 64 + 4ATR,25.0,2.9905822753906253,203,49.26108374384236,1.7039320381568608,25.6306015940188,24.999203977884633,1.0252567088413187,24.123826261254617,17.133333333333336,0.4988876515698587,1.3890582114765166,0.6856465701163861,0.9614244974182289,1.3287220770301311,11.992518253491093,34.066628085837564,51.12720110799597,100.0,48.57142857142857
V3 tol0.5 | C time 64 + 4ATR,20.0,2.3583776855468743,203,49.26108374384236,1.6983984869249569,20.21961761591733,19.999692382907853,1.010996430784977,19.397765338526582,4.066666666666666,0.10886621079036363,1.3965496472807934,0.6881212638647627,0.9685131580558993,1.3555034020836316,10.57898371356391,31.139897337981058,48.34482795029633,100.0,48.57142857142857
