date_utc,status,hours_requested,hours_with_data,hours_empty,hours_error,ticks,first_timestamp_utc,last_timestamp_utc,retries,errors,raw_bytes,sha256_of_day_file_shas
2025-08-20,ok,10,9,1,0,54893,2025-08-20T14:00:00.001000+00:00,2025-08-20T23:59:59.415000+00:00,3,,221017,6009b9420de5687cd9bd3d447f843fcb559ab49e4bbefa27359a46196f96b3a3
2025-08-21,ok,24,23,1,0,148937,2025-08-21T00:00:00.169000+00:00,2025-08-21T23:59:59.707000+00:00,1,,613306,11ce9123a2b6bbcac480190c592cbf577b90481d63e1192f3ae3812ae33ce8c7
2025-08-22,ok,24,21,3,0,177868,2025-08-22T00:00:00.111000+00:00,2025-08-22T20:59:59.088000+00:00,0,,728522,16187ee38aa23532f979ef4b083b6c7f07b0015bcf71a382dc31bbaf518a9f25
2025-08-23,no_data,24,0,24,0,0,,,0,,0,e3b0c44298fc1c149afbf4c8996fb92427ae41e4649b934ca495991b7852b855
2025-08-24,ok,24,2,22,0,5615,2025-08-24T22:00:01.417000+00:00,2025-08-24T23:59:55.990000+00:00,0,,24589,e36f24d1f23623354c352458b17d8859247cf0d0a770812befe12d5e3e907775
2025-08-25,ok,24,23,1,0,120501,2025-08-25T00:00:00.360000+00:00,2025-08-25T23:59:58.175000+00:00,0,,489560,06e1da6ecb8eff86a03078798162a00687ea7e50f6b489e16f265d860a908b53
2025-08-26,ok,24,23,1,0,199492,2025-08-26T00:00:00.135000+00:00,2025-08-26T23:59:59.231000+00:00,0,,811439,94908f4c2b9297b7932383505940dc3abaf10a0aaf45b87cefe6a7b810302f7b
2025-08-27,ok,24,23,1,0,162042,2025-08-27T00:00:00.086000+00:00,2025-08-27T23:59:59.157000+00:00,0,,653057,993e2af00c0de31740a2df86d534896489558133f83e2ba6b4eca5ddfeb842b3
2025-08-28,ok,24,23,1,0,200207,2025-08-28T00:00:00.412000+00:00,2025-08-28T23:59:58.379000+00:00,0,,796932,441c76a75b1a6a48e91e6d16f110ba866e6e848372511142b8ca84112a3badf9
2025-08-29,ok,24,21,3,0,225989,2025-08-29T00:00:00.039000+00:00,2025-08-29T20:59:58.327000+00:00,0,,885943,4fdff144a0dd3b40833d639ed34fcb41d1101ddd3aa4e782364cd1a9ea69a438
2025-08-30,no_data,24,0,24,0,0,,,0,,0,e3b0c44298fc1c149afbf4c8996fb92427ae41e4649b934ca495991b7852b855
2025-08-31,ok,24,2,22,0,9415,2025-08-31T22:00:11.001000+00:00,2025-08-31T23:59:59.986000+00:00,0,,38401,878c0cc79597afc41a4e69deaad40fb820f70d19295c79fa39ab9e3f1c033bb5
2025-09-01,ok,24,21,3,0,212240,2025-09-01T00:00:00.037000+00:00,2025-09-01T23:59:57.635000+00:00,0,,874856,ff4dbbc517069d8719696c4dc0002633a1b95a82bede72d3d5fb23e63dec2994
2025-09-02,ok,24,23,1,0,350936,2025-09-02T00:00:00.071000+00:00,2025-09-02T23:59:59.968000+00:00,0,,1406627,22f59cc7de59b3651fd3a2ed71f7c27b7a48e95ec552c9b4b43744e12bc2bdab
2025-09-03,ok,24,23,1,0,303235,2025-09-03T00:00:00.070000+00:00,2025-09-03T23:59:58.133000+00:00,0,,1233161,f90dbf93ed9489cdd289ca72b41ab6ac1a5328d991581cb9643eadb3266c4226
2025-09-04,ok,24,23,1,0,268191,2025-09-04T00:00:00.093000+00:00,2025-09-04T23:59:58.281000+00:00,0,,1104127,8e70089e8f1c916034b460c9a3b65e8bb82641a7f8f560888611e0cdc2c7933a
2025-09-05,ok,24,21,3,0,272054,2025-09-05T00:00:00.391000+00:00,2025-09-05T20:59:59.050000+00:00,0,,1112330,3b36aca3cd22b42c92528930d20e3d568b0356474ff1864a3e1ad25f131d4de2
2025-09-06,no_data,24,0,24,0,0,,,0,,0,e3b0c44298fc1c149afbf4c8996fb92427ae41e4649b934ca495991b7852b855
2025-09-07,ok,24,2,22,0,23111,2025-09-07T22:00:01.141000+00:00,2025-09-07T23:59:59.751000+00:00,0,,95303,a44e628269bf4d0ad0132da14a56db2748242247e8caf6790d4e993d47c993ea
2025-09-08,ok,24,23,1,0,259155,2025-09-08T00:00:00.057000+00:00,2025-09-08T23:59:59.369000+00:00,0,,1047479,a9fb819043cbfd0725c0ab185fb0f6beca02fff322d95531162b43ae221eb65f
2025-09-09,ok,24,23,1,0,284549,2025-09-09T00:00:00.126000+00:00,2025-09-09T23:59:58.810000+00:00,0,,1162649,8c191685787e8498d088792a8da1a307ed280cc38e1e5d88ab429da52cd47e04
2025-09-10,ok,24,23,1,0,220717,2025-09-10T00:00:00.070000+00:00,2025-09-10T23:59:59.563000+00:00,0,,886767,d2bfd4861fcf0d297b0d32e87a1bce73f5e2e7dd9f9127a0ebd90fe5abf1b24b
2025-09-11,ok,24,23,1,0,233284,2025-09-11T00:00:00.066000+00:00,2025-09-11T23:59:59.317000+00:00,0,,956588,aa6bcc6dbd8e5cec1762924f072d9f6030402d09a45defbb4ccc70744a4f03f7
2025-09-12,ok,24,21,3,0,188050,2025-09-12T00:00:00.175000+00:00,2025-09-12T20:59:58.800000+00:00,0,,754340,6acf2b58fa69d42424960f38759c83d49a11539691f9ac850743d23d03dfdcf4
2025-09-13,no_data,24,0,24,0,0,,,0,,0,e3b0c44298fc1c149afbf4c8996fb92427ae41e4649b934ca495991b7852b855
2025-09-14,ok,24,2,22,0,6938,2025-09-14T22:00:01.641000+00:00,2025-09-14T23:59:50.686000+00:00,2,,28688,4973c8f38243c5184bdc895a5c01a30dd35314913d5b449a8f03f8f7b2fa90e9
2025-09-15,ok,24,23,1,0,209856,2025-09-15T00:00:00.183000+00:00,2025-09-15T23:59:59.800000+00:00,0,,846155,bf0ac33b82b50ff531032df9a2b9a9545c4623a3d9b31757dc1b410dce7b2df5
2025-09-16,ok,24,23,1,0,241696,2025-09-16T00:00:00.103000+00:00,2025-09-16T23:59:59.613000+00:00,0,,968864,de76e7cf1ace7b61faf56262081f91dfd12493970c765c8b07a70f591018ced1
2025-09-17,ok,24,23,1,0,280795,2025-09-17T00:00:00.117000+00:00,2025-09-17T23:59:53.993000+00:00,0,,1173537,94809919c6ca8c52dc8849738b34f43affbc7dc5e52df1e742c8753dfd22face
2025-09-18,ok,24,23,1,0,256019,2025-09-18T00:00:00.094000+00:00,2025-09-18T23:59:50.217000+00:00,0,,1041113,b90c7e60378fc2daaf1059ba3d5b220d33e42657178f3254b937d182c5c8ac14
2025-09-19,ok,24,21,3,0,224197,2025-09-19T00:00:00.165000+00:00,2025-09-19T20:59:59.060000+00:00,0,,907107,41e9871481aabf1da319eaa97077627e3337385425dde1adf3347d09c8961e07
2025-09-20,no_data,24,0,24,0,0,,,0,,0,e3b0c44298fc1c149afbf4c8996fb92427ae41e4649b934ca495991b7852b855
2025-09-21,ok,24,2,22,0,10581,2025-09-21T22:00:00.936000+00:00,2025-09-21T23:59:59.991000+00:00,0,,45577,b451f615de9a224381ad3d43ba7dc090439796b106eb64fd74e2b0e296991e90
2025-09-22,ok,24,23,1,0,244271,2025-09-22T00:00:00.042000+00:00,2025-09-22T23:59:59.978000+00:00,0,,995809,79b18b6094ba1b7ff5f553c08d9079de0351eb24d5badd6e97eba9e1fad96e6c
2025-09-23,ok,24,23,1,0,305456,2025-09-23T00:00:00.080000+00:00,2025-09-23T23:59:59.321000+00:00,0,,1247792,552f681856821a0c61819c21cb3e2277061dbf2bc730ec57bf55cf084c7bb95e
2025-09-24,ok,24,23,1,0,249780,2025-09-24T00:00:00.075000+00:00,2025-09-24T23:59:58.505000+00:00,1,,1021431,1f0286a84e12ddb0ade8157f4825cfda4ea9be641352ca8248381991b77278db
2025-09-25,ok,24,23,1,0,281890,2025-09-25T00:00:00.165000+00:00,2025-09-25T23:59:59.656000+00:00,1,,1167042,603b4cec826ea7a52bddf5ce24ddbf818395bad58f3f945b97b02c247a63fb9e
2025-09-26,ok,24,21,3,0,248134,2025-09-26T00:00:00.107000+00:00,2025-09-26T20:59:59.061000+00:00,1,,1013525,5eea51a7e7f1c628ca85c9dfef144ae115aa23b716c1aa9c33121cc45dfd0216
2025-09-27,no_data,24,0,24,0,0,,,0,,0,e3b0c44298fc1c149afbf4c8996fb92427ae41e4649b934ca495991b7852b855
2025-09-28,ok,24,2,22,0,10742,2025-09-28T22:00:02.426000+00:00,2025-09-28T23:59:59.635000+00:00,0,,45808,471ee09c1904aac9ad7aee4d5fefec5703fea881e40d695e58af45f4a08e8ad1
2025-09-29,ok,24,23,1,0,312442,2025-09-29T00:00:00.088000+00:00,2025-09-29T23:59:59.200000+00:00,5,,1256799,8dfbc5eb70620175c82b65c97081d39dab543d694bf81a3af4374141f860913d
2025-09-30,ok,24,23,1,0,325482,2025-09-30T00:00:00.161000+00:00,2025-09-30T23:59:58.995000+00:00,0,,1336396,c762881a51bde63506dd20b6454f5ac176d4ba5082f0e0101c6bd9e37a04f15d
2025-10-01,ok,24,23,1,0,292132,2025-10-01T00:00:00.050000+00:00,2025-10-01T23:59:59.530000+00:00,0,,1188060,6655cfb34c29db9e74623095f959468f1f2c837206c8016149590c1b1ad5e306
2025-10-02,ok,24,23,1,0,268154,2025-10-02T00:00:00.084000+00:00,2025-10-02T23:59:52.349000+00:00,0,,1084481,7ceb3e6662dca4e367bef788e26ff1e8626a3fda7814fc11f51037e49c0192f1
2025-10-03,ok,24,21,3,0,253601,2025-10-03T00:00:00.086000+00:00,2025-10-03T20:59:58.929000+00:00,0,,1013650,c35b3af901ece0bf97a932b6a3d480062a875e47d3d4a448b45cf4d381bff814
2025-10-04,no_data,24,0,24,0,0,,,9,,0,e3b0c44298fc1c149afbf4c8996fb92427ae41e4649b934ca495991b7852b855
2025-10-05,ok,24,2,22,0,23566,2025-10-05T22:00:01.208000+00:00,2025-10-05T23:59:59.633000+00:00,2,,101557,619b9ebd3bba8f15b8e65f6fbb4610a56dcb2474af2a9d25470df61e04ddcc0f
2025-10-06,ok,24,23,1,0,327379,2025-10-06T00:00:00.085000+00:00,2025-10-06T23:59:57.778000+00:00,0,,1332678,5248aff3b3e65d538ae8160a416e07e794b0a1fdf906c6f01228d7105a7570c2
2025-10-07,ok,24,23,1,0,342185,2025-10-07T00:00:00.143000+00:00,2025-10-07T23:59:58.012000+00:00,0,,1402500,4e5fe3109443e39a216a0054e0ebabca23647031aefb6dddd45c8be3229bc3eb
2025-10-08,ok,24,23,1,0,344446,2025-10-08T00:00:00.174000+00:00,2025-10-08T23:59:58.850000+00:00,0,,1407256,6194daf9ec7d0b67f7f5cf0951a90878ce27230d02a4d6eebf74daf8fc438e9c
2025-10-09,ok,24,23,1,0,438183,2025-10-09T00:00:00.111000+00:00,2025-10-09T23:59:59.621000+00:00,0,,1808575,f686094dff1bd6c57f28faa7d6c9365106edc0af77bbae6f7664ce3f7d82738b
2025-10-10,ok,24,21,3,0,448738,2025-10-10T00:00:00.075000+00:00,2025-10-10T20:59:58.594000+00:00,0,,1814350,5b4d539713a97c1a6ba5aae6fabf9868f62e5261cf22bc6bfd52462e03c28c96
2025-10-11,no_data,24,0,24,0,0,,,0,,0,e3b0c44298fc1c149afbf4c8996fb92427ae41e4649b934ca495991b7852b855
2025-10-12,ok,24,2,22,0,26955,2025-10-12T22:00:04.300000+00:00,2025-10-12T23:59:59.571000+00:00,0,,119538,b1ace3b4af82f100d236be1c571b8a162d4e33666168bdab8a5b2b50b8dd87e5
2025-10-13,ok,24,23,1,0,352264,2025-10-13T00:00:00.126000+00:00,2025-10-13T23:59:59.781000+00:00,0,,1442687,68e30a06d33740f85b81adf26da3c903a0614b5630ae2773e45f70d90f3f9e37
2025-10-14,ok,24,23,1,0,489914,2025-10-14T00:00:00.060000+00:00,2025-10-14T23:59:59.677000+00:00,0,,1984556,daaf8ba5c6874bc3fe20a499c03fa723add6e0258f67a817d6b23c324563fdad
2025-10-15,ok,24,23,1,0,373171,2025-10-15T00:00:00.029000+00:00,2025-10-15T23:59:59.633000+00:00,0,,1560896,b200eee51b1c0ba3b153abf9a1ea99754c36a057003d2ebf5801b6c4f1809205
2025-10-16,ok,24,23,1,0,415967,2025-10-16T00:00:00.086000+00:00,2025-10-16T23:59:59.704000+00:00,0,,1725939,03ab7d36b70c29c457b2e78fc76956eb1c3662e0ccb4bca4abf45ce68441d021
2025-10-17,ok,24,21,3,0,591556,2025-10-17T00:00:00.058000+00:00,2025-10-17T20:59:58.420000+00:00,0,,2531355,b7f1cfb08ab26479dea94e8ebabf6fa77dcef44109a8887de2baec8fdca04977
2025-10-18,no_data,24,0,24,0,0,,,0,,0,e3b0c44298fc1c149afbf4c8996fb92427ae41e4649b934ca495991b7852b855
2025-10-19,ok,24,2,22,0,29243,2025-10-19T22:00:10.971000+00:00,2025-10-19T23:59:59.837000+00:00,2,,122776,4f24edd9469bc67920d61fb7fe72f939865f217dc10b2a71b4368c9c938ac45d
2025-10-20,ok,24,23,1,0,450625,2025-10-20T00:00:00.040000+00:00,2025-10-20T23:59:59.921000+00:00,1,,1850703,638f5f0de9169ae3d79322ec3f2bf9155fac5979870eabc6fb11c8c30ed70ec4
2025-10-21,ok,24,23,1,0,548926,2025-10-21T00:00:00.023000+00:00,2025-10-21T23:59:59.561000+00:00,2,,2386494,033c625f2641ad6f3056533f87bf5e62ba0d189c9cc2b3f5b68a97683d3c7232
2025-10-22,ok,24,23,1,0,566221,2025-10-22T00:00:00.065000+00:00,2025-10-22T23:59:59.999000+00:00,12,,2481994,efe5a1dd82257b8211b3510c30ec1813bb673639dd7f85486a6dafc54ad162dc
2025-10-23,ok,24,23,1,0,389447,2025-10-23T00:00:00.051000+00:00,2025-10-23T23:59:59.902000+00:00,0,,1634977,6ffbaab0bbb2eac00d9cc4f723a5f8e75d7f2c0c40fb7015d60cb0f443ad49a7
2025-10-24,ok,24,21,3,0,352681,2025-10-24T00:00:00.156000+00:00,2025-10-24T20:59:58.706000+00:00,5,,1476765,c82eb572235815b40173eea656941d56d4df9cb9865504de73c20781245b113b
2025-10-25,no_data,24,0,24,0,0,,,0,,0,e3b0c44298fc1c149afbf4c8996fb92427ae41e4649b934ca495991b7852b855
2025-10-26,ok,24,2,22,0,27309,2025-10-26T22:00:11.400000+00:00,2025-10-26T23:59:59.534000+00:00,4,,121855,cde8e661b823e17775e5ce7700f7a36b35d369bceb6a5d9564276637992fce6a
2025-10-27,ok,24,23,1,0,428889,2025-10-27T00:00:00.087000+00:00,2025-10-27T23:59:59.838000+00:00,5,,1791502,9cc8ae13e39dd9ccebc95bbf72c7678708513d767e32c3f96a3b5b64fd423c12
2025-10-28,ok,24,23,1,0,380886,2025-10-28T00:00:00.093000+00:00,2025-10-28T23:59:58.758000+00:00,0,,1599010,8e185205cccfb8198485eee5010f135b66457a50b9bff7bc7a4e08a6503ec79b
2025-10-29,ok,24,23,1,0,395127,2025-10-29T00:00:00.068000+00:00,2025-10-29T23:59:59.046000+00:00,0,,1641018,8142d11bab43605224e54fcf59c0ef7f59ae5d81445edafd80a00335c69274e8
2025-10-30,ok,24,23,1,0,395854,2025-10-30T00:00:00.057000+00:00,2025-10-30T23:59:59.809000+00:00,4,,1667305,7000b619fdbc70602fba79b8e04a479dda4544f65846289e9c39e103e1ad045a
2025-10-31,ok,24,21,3,0,342809,2025-10-31T00:00:00.112000+00:00,2025-10-31T20:59:58.982000+00:00,0,,1389596,7df627810479106b56356a5668d93e559d2ac69a174a2a453bc650ce43b2a0b4
2025-11-01,no_data,24,0,24,0,0,,,0,,0,e3b0c44298fc1c149afbf4c8996fb92427ae41e4649b934ca495991b7852b855
2025-11-02,ok,24,1,23,0,8978,2025-11-02T23:00:00.693000+00:00,2025-11-02T23:59:59.993000+00:00,0,,41323,9e57b416e81860f91d6896018912f413999478209eb85bcab7b05949696feb8a
2025-11-03,ok,24,23,1,0,341761,2025-11-03T00:00:00.043000+00:00,2025-11-03T23:59:59.760000+00:00,2,,1412128,dd483a758c98355f10911cda85c92e061500ee9adc5587d5fbcd84474c5f08bf
2025-11-04,ok,24,23,1,0,319114,2025-11-04T00:00:00.062000+00:00,2025-11-04T23:59:59.860000+00:00,0,,1294010,a4bd03825908328bab962445c9a57ffebcce88917b3fabf6b314a8b398692872
2025-11-05,ok,24,23,1,0,253961,2025-11-05T00:00:00.062000+00:00,2025-11-05T23:59:52.860000+00:00,0,,1051659,daf26b7d243c38f076c9c78aaa917bc9e8b464366487711e2e3dfcd0ba95c7a6
2025-11-06,ok,24,23,1,0,292691,2025-11-06T00:00:00.401000+00:00,2025-11-06T23:59:57.061000+00:00,2,,1182339,6d8506e49945c1e0dfeafbb71115722d7de619b073361dadb32e8e7c1052dde9
2025-11-07,ok,24,22,2,0,249365,2025-11-07T00:00:00.071000+00:00,2025-11-07T21:59:59.056000+00:00,1,,999897,ba5df005f20a44ced83141a67d46a19a545c29db99d01266c67a5433c627ad77
2025-11-08,no_data,24,0,24,0,0,,,4,,0,e3b0c44298fc1c149afbf4c8996fb92427ae41e4649b934ca495991b7852b855
2025-11-09,ok,24,1,23,0,6628,2025-11-09T23:00:00.327000+00:00,2025-11-09T23:59:59.509000+00:00,0,,30173,4d7638905be24f98a6056a85532ef1fc57a6328bd8a3ec2c8d8b11522281f726
2025-11-10,ok,24,23,1,0,285935,2025-11-10T00:00:00.062000+00:00,2025-11-10T23:59:59.650000+00:00,0,,1160319,665a9c39aff310e4f8517ac3894d23cd953364a825e33fbcf266e582e0a34728
2025-11-11,ok,24,23,1,0,271884,2025-11-11T00:00:00.102000+00:00,2025-11-11T23:59:57.288000+00:00,2,,1114202,b6681c5026417d494ec703660e78f952283fde05bdd54f13f1e6546732455725
2025-11-12,ok,24,23,1,0,383460,2025-11-12T00:00:00.045000+00:00,2025-11-12T23:59:59.909000+00:00,0,,1558633,2455743c56e96b15f035eccd0b040c0eb65a06d801f2890519a2b580d23b49d7
2025-11-13,ok,24,23,1,0,436166,2025-11-13T00:00:00.064000+00:00,2025-11-13T23:59:59.971000+00:00,0,,1789151,2464338b7ada15ef920d66f21b25f9e8b8b5f06e6b0a911d97872c098b4dd13b
2025-11-14,ok,24,22,2,0,412394,2025-11-14T00:00:00.072000+00:00,2025-11-14T21:59:58.394000+00:00,0,,1702338,0e053955506d1901c626fde247d33c2d92b414a1ee228679ccd2fb5c620c37d0
2025-11-15,no_data,24,0,24,0,0,,,7,,0,e3b0c44298fc1c149afbf4c8996fb92427ae41e4649b934ca495991b7852b855
2025-11-16,ok,24,1,23,0,11155,2025-11-16T23:00:00.863000+00:00,2025-11-16T23:59:59.606000+00:00,0,,50830,5cd23fba69326f6790f281e9ab674c043d1206520c10e4973e75406389f0e413
2025-11-17,ok,24,23,1,0,357269,2025-11-17T00:00:00.212000+00:00,2025-11-17T23:59:59.170000+00:00,0,,1453293,99f90a1530ac1268e071542410391bc9a969c1716b6133844b16491230fad990
2025-11-18,ok,24,23,1,0,359972,2025-11-18T00:00:00.075000+00:00,2025-11-18T23:59:58.449000+00:00,0,,1506759,8dc452d285261476193f63a36f392d81952546677ba912ea07a6606baae7f1a5
2025-11-19,ok,24,23,1,0,368976,2025-11-19T00:00:00.006000+00:00,2025-11-19T23:59:59.456000+00:00,0,,1516626,b7e05cf634f27e8cf2397adc8faac66b4a2955b6030cacd32bbabf6e7b9ad5b4
2025-11-20,ok,24,23,1,0,413088,2025-11-20T00:00:00.061000+00:00,2025-11-20T23:59:59.917000+00:00,11,,1704870,ab726109a19f09202c5435384045f1c14842ad86d7238246e7f233ced439b745
2025-11-21,ok,24,22,2,0,427408,2025-11-21T00:00:00.068000+00:00,2025-11-21T21:59:59.062000+00:00,0,,1736604,9e13219d774d010605b02c263ee1b2bccc7ac6a7e404534b13081f13ea7c20c7
2025-11-22,no_data,24,0,24,0,0,,,0,,0,e3b0c44298fc1c149afbf4c8996fb92427ae41e4649b934ca495991b7852b855
2025-11-23,ok,24,1,23,0,8419,2025-11-23T23:00:00.596000+00:00,2025-11-23T23:59:59.574000+00:00,0,,39599,87ffaaab06aa6ac6fb3e2a393babbf8c9f61be2f73236be4a5193dc56ad627ad
2025-11-24,ok,24,23,1,0,320036,2025-11-24T00:00:00.077000+00:00,2025-11-24T23:59:58.905000+00:00,0,,1334949,7e3ce7e1b7ffb9519e1cae7184535d32312a22b6e30981c8fdf2dadf0aaec90e
2025-11-25,ok,24,23,1,0,328547,2025-11-25T00:00:00.008000+00:00,2025-11-25T23:59:59.577000+00:00,0,,1356825,e9fe0f9f56bc9a6d498533b78dc5f1c974de1deb1ea8f3b58e97991902ea0055
2025-11-26,ok,24,23,1,0,260431,2025-11-26T00:00:00.784000+00:00,2025-11-26T23:59:59.961000+00:00,0,,1030400,e259a729df6fb93e3d8950536505980d75881aba9bbbf79b3bd837b2b9084a36
2025-11-27,ok,24,21,3,0,178806,2025-11-27T00:00:00.085000+00:00,2025-11-27T23:59:59.765000+00:00,0,,712670,f2425c42f5a78ea41ec7e16a440a209fb55abceadf1a411b8671b06ef5a70cee
2025-11-28,ok,24,20,4,0,228171,2025-11-28T00:00:00.218000+00:00,2025-11-28T19:43:59.978000+00:00,0,,963943,2ed2fd3978dcca4659d5161e06bd11184871a980812c25e26f22a12e2da32157
2025-11-29,no_data,24,0,24,0,0,,,0,,0,e3b0c44298fc1c149afbf4c8996fb92427ae41e4649b934ca495991b7852b855
2025-11-30,ok,24,1,23,0,13282,2025-11-30T23:00:01.135000+00:00,2025-11-30T23:59:59.985000+00:00,0,,57981,89d748209d4667557df7ffbcb1ea0722e731cc5889c2dc4878850ed450638e0a
2025-12-01,ok,24,23,1,0,408776,2025-12-01T00:00:00.036000+00:00,2025-12-01T23:59:57.296000+00:00,0,,1645732,4add71a66e8e35c6014569f1e34f98f9abc3a791d41c3dde2ba5912aaef895e3
2025-12-02,ok,24,23,1,0,312400,2025-12-02T00:00:00.009000+00:00,2025-12-02T23:59:57.997000+00:00,0,,1290019,4309b944598a0ca54e9421569f4459aad55d7809305f4f321d86c5f9f4b98f60
2025-12-03,ok,24,23,1,0,352845,2025-12-03T00:00:00.080000+00:00,2025-12-03T23:59:59.752000+00:00,0,,1433406,07a1baa6f23d9a7f81a92bc93f8213a33d5d9d5c707eba6854f8b683263764be
2025-12-04,ok,24,23,1,0,333670,2025-12-04T00:00:00.075000+00:00,2025-12-04T23:59:58.413000+00:00,0,,1319328,ea4bf95bca74b687215954b0ecf530ec5bd1ede7f164089e030c2302a3968a3b
2025-12-05,ok,24,22,2,0,312302,2025-12-05T00:00:00.068000+00:00,2025-12-05T21:59:58.427000+00:00,2,,1254688,16018842c94634d340313bb2a104b3f66226ee972611fc63bffb56677565ccde
2025-12-06,no_data,24,0,24,0,0,,,0,,0,e3b0c44298fc1c149afbf4c8996fb92427ae41e4649b934ca495991b7852b855
2025-12-07,ok,24,1,23,0,2577,2025-12-07T23:00:01.197000+00:00,2025-12-07T23:59:59.368000+00:00,0,,12035,9608735042e9775b95d9e5aba5b940be014f0d0b57c5c7b6845f37b8897a3805
2025-12-08,ok,24,23,1,0,285387,2025-12-08T00:00:00.071000+00:00,2025-12-08T23:59:58.209000+00:00,0,,1148417,8a57c20ccbea4abb4a789d5529d9b2cfa9dc0c29619a53412c5f1c8ea1e97713
2025-12-09,ok,24,23,1,0,321658,2025-12-09T00:00:00.117000+00:00,2025-12-09T23:59:58.677000+00:00,0,,1259286,d8faaa70a9b1d2d77007ac1fb6e6346eb7d501d609b3a55eb8c558ac5017b213
2025-12-10,ok,24,23,1,0,342432,2025-12-10T00:00:00.081000+00:00,2025-12-10T23:59:59.644000+00:00,0,,1366149,d788bc12628ad0003b481f6ab5c8bfa5fa7495026b7232bf92cea7d870fddab0
2025-12-11,ok,24,23,1,0,329866,2025-12-11T00:00:00.050000+00:00,2025-12-11T23:59:59.609000+00:00,0,,1334949,025cde7352258e9fac78cf0c1215f2552e6834784a459195d4db902fd45f9fc0
2025-12-12,ok,24,22,2,0,396190,2025-12-12T00:00:00.063000+00:00,2025-12-12T21:59:58.419000+00:00,3,,1629566,e29827187158e1c577ac43255322f1c52261770d4d1b869ff8cc67a446d5ba9c
2025-12-13,no_data,24,0,24,0,0,,,0,,0,e3b0c44298fc1c149afbf4c8996fb92427ae41e4649b934ca495991b7852b855
2025-12-14,ok,24,1,23,0,6883,2025-12-14T23:00:00.610000+00:00,2025-12-14T23:59:59.719000+00:00,0,,30608,9410e03465d055c4b2fb38e29d05f3cebab59dddc6f24d4ec7cd9fb7fbede186
2025-12-15,ok,24,23,1,0,335725,2025-12-15T00:00:00.072000+00:00,2025-12-15T23:59:59.501000+00:00,0,,1356151,39f86d959e9b95766a4c987551941b96770da5c9a3803acf4ba06a10b932922b
2025-12-16,ok,24,23,1,0,351207,2025-12-16T00:00:00.053000+00:00,2025-12-16T23:59:59.712000+00:00,2,,1415895,2258d9221074c586ee6f0511b06ced02afa4cb2ad80bb685372b0552897c320a
2025-12-17,ok,24,23,1,0,343527,2025-12-17T00:00:00.064000+00:00,2025-12-17T23:59:59.913000+00:00,0,,1398090,40f48af461dfd0a3cca726f37c9dcea66e14dbcc38809d8627b69fe9d24c76ff
2025-12-18,ok,24,23,1,0,371815,2025-12-18T00:00:00.014000+00:00,2025-12-18T23:59:59.428000+00:00,0,,1465350,1d3e7fe8869ac172e1a3efa868dab35be308cbb7c621ff72b5f9f172faa82351
2025-12-19,ok,24,22,2,0,284621,2025-12-19T00:00:00.082000+00:00,2025-12-19T21:59:59.052000+00:00,0,,1154620,5837364024f91bc805a63f469f292d13ca28f8fecd1bd7c10616121dd5a08430
2025-12-20,no_data,24,0,24,0,0,,,0,,0,e3b0c44298fc1c149afbf4c8996fb92427ae41e4649b934ca495991b7852b855
2025-12-21,ok,24,1,23,0,7293,2025-12-21T23:00:00.607000+00:00,2025-12-21T23:59:59.880000+00:00,0,,31070,aa72289037d61cbe8bde35e9d1b48ae6fb121d5ea6132f03b702278595f4a6e6
2025-12-22,ok,24,23,1,0,277230,2025-12-22T00:00:00.132000+00:00,2025-12-22T23:59:57.516000+00:00,0,,1098828,4317d75d31faa3f70123fe485944c357799238b7ed908d313efa070de5c4d8ea
2025-12-23,ok,24,23,1,0,370110,2025-12-23T00:00:00.080000+00:00,2025-12-23T23:59:59.014000+00:00,0,,1476241,a2455d63f0db24ebecf9261f9bf007f5428d7d054cce3d3dc34ccd56c8305b98
2025-12-24,ok,24,19,5,0,339473,2025-12-24T00:00:00.070000+00:00,2025-12-24T18:43:59.795000+00:00,0,,1367202,ca6d602cdb6c664904c702f0a0208925a31e3eaf3564e5e935474bb5fa1b3f1d
2025-12-25,ok,24,1,23,0,9779,2025-12-25T23:04:07.432000+00:00,2025-12-25T23:59:59.417000+00:00,0,,44847,3b02c9820252ede0b3e8b3b50c456d1f65b3870f73e9d04de9d6bec9c5cdf893
2025-12-26,ok,24,22,2,0,456445,2025-12-26T00:00:00.069000+00:00,2025-12-26T21:59:58.938000+00:00,6,,1878622,9a60d37aebc19e07c5617f81cbf90da66aed142fe3ca588b459778fa76bc9f75
2025-12-27,no_data,24,0,24,0,0,,,0,,0,e3b0c44298fc1c149afbf4c8996fb92427ae41e4649b934ca495991b7852b855
2025-12-28,ok,24,1,23,0,18132,2025-12-28T23:00:01.198000+00:00,2025-12-28T23:59:59.534000+00:00,0,,81045,98b2b39ba8b47499d1905aceb2ad52236b12dd5a61c11d60b4bfdc3f36972feb
2025-12-29,ok,24,23,1,0,510189,2025-12-29T00:00:00.092000+00:00,2025-12-29T23:59:57.370000+00:00,0,,2139350,42c0e05f84c72569d4068f171908e15ca8412bd44c614046306af33fbcadb30b
2025-12-30,ok,24,23,1,0,461015,2025-12-30T00:00:00.082000+00:00,2025-12-30T23:59:59.455000+00:00,0,,1853830,a724664f42e6c24623791fd6d96993e3b94d773e1dadf746f6d3e8fee2a0e616
2025-12-31,ok,24,22,2,0,440904,2025-12-31T00:00:00.007000+00:00,2025-12-31T21:58:59.943000+00:00,0,,1783755,f0161465412a0d9400715e2b7ce5b93475001dd58536b55763a7423376471fe5
2026-01-01,ok,24,1,23,0,7245,2026-01-01T23:00:00.596000+00:00,2026-01-01T23:59:58.401000+00:00,0,,34143,29c9a3dc0dff3bbb53787ec6ba0fbaa91d0e637746a09db19e7d2f16aaabe440
2026-01-02,ok,24,22,2,0,336704,2026-01-02T00:00:00.108000+00:00,2026-01-02T21:59:58.578000+00:00,0,,1296798,febb2106cc3fc4dde405b22b5c797d223e9666a6e3c75b53cca70ddfda1491bd
2026-01-03,no_data,24,0,24,0,0,,,0,,0,e3b0c44298fc1c149afbf4c8996fb92427ae41e4649b934ca495991b7852b855
2026-01-04,ok,24,1,23,0,13649,2026-01-04T23:00:01.144000+00:00,2026-01-04T23:59:59.996000+00:00,4,,62007,27e7655d451c959c6f826544f7392f4c83d6b716220df903f0a812f135fa4646
2026-01-05,ok,24,23,1,0,404125,2026-01-05T00:00:00.199000+00:00,2026-01-05T23:59:58.686000+00:00,5,,1625931,6f5a116e0d95c60b47970d52326dca241b2e945e58a0aac31978e4beff0d7fb8
2026-01-06,ok,24,23,1,0,389627,2026-01-06T00:00:00.093000+00:00,2026-01-06T23:59:59.802000+00:00,2,,1556402,bc925c9ca6d884f5ba3f31c2c79375fc8c191dca1ec707fa33634c3ab116b318
2026-01-07,ok,24,23,1,0,391382,2026-01-07T00:00:00.110000+00:00,2026-01-07T23:59:59.958000+00:00,0,,1544320,c3f4987a5def7c133bbd4ba3931f77fb9a90868bb274147ba3e2dbf05149968e
2026-01-08,ok,24,23,1,0,388478,2026-01-08T00:00:00.109000+00:00,2026-01-08T23:59:59.622000+00:00,2,,1511294,e4c0994bb5f7bd0545901e46be72c3a8111ae5b4f91ff56cf00599f5c0ef5b76
2026-01-09,ok,24,22,2,0,342891,2026-01-09T00:00:00.074000+00:00,2026-01-09T21:59:59.063000+00:00,0,,1400267,85033fa570eb51ce6414756d885f2a2cc669a68b43b5cdcb0ff49808ecdd8778
2026-01-10,no_data,24,0,24,0,0,,,0,,0,e3b0c44298fc1c149afbf4c8996fb92427ae41e4649b934ca495991b7852b855
2026-01-11,ok,24,1,23,0,12470,2026-01-11T23:00:00.676000+00:00,2026-01-11T23:59:59.553000+00:00,0,,54174,d6f6b003e8e48cdf718875cd8e3b3fb17c56016371a25b9e84ff245e27c76a6b
2026-01-12,ok,24,23,1,0,399518,2026-01-12T00:00:00.107000+00:00,2026-01-12T23:59:59.976000+00:00,0,,1637653,8da10dd34d1918f531ab198b510cb6178693c828978f1c635ceb4d88988dfb4b
2026-01-13,ok,24,23,1,0,372440,2026-01-13T00:00:00.077000+00:00,2026-01-13T23:59:59.822000+00:00,1,,1490711,8445f2699b67d0be9608ce0474d5957cd3883587f88621b380abcfea577f0af4
2026-01-14,ok,24,23,1,0,400740,2026-01-14T00:00:00.073000+00:00,2026-01-14T23:59:59.600000+00:00,0,,1615495,9b57604490096b23e5e316bf23e90e6056b7bb29e9d2bad962bff7c9ddab8e2f
2026-01-15,ok,24,23,1,0,402589,2026-01-15T00:00:00.152000+00:00,2026-01-15T23:59:58.869000+00:00,1,,1596795,82fec1fca32c4ae6e76153d2733f7b89f4e21d0b094e9dd8b941438a9eeb197d
2026-01-16,ok,24,22,2,0,343851,2026-01-16T00:00:00.072000+00:00,2026-01-16T21:59:59.050000+00:00,0,,1361337,2ff1823eda594119b8ec60f06cca8b71c79bc85b4b31b1e2d527429a9f800255
2026-01-17,no_data,24,0,24,0,0,,,0,,0,e3b0c44298fc1c149afbf4c8996fb92427ae41e4649b934ca495991b7852b855
2026-01-18,ok,24,1,23,0,21442,2026-01-18T23:00:01.736000+00:00,2026-01-18T23:59:59.558000+00:00,0,,98837,1643a9dca3a94ba56c09f491ea340fa296736660a210441853654db97c194296
2026-01-19,ok,24,21,3,0,217236,2026-01-19T00:00:00.060000+00:00,2026-01-19T23:59:59.389000+00:00,0,,882941,36a43c8b3ffbd9c1f6135924cfc9611c9cd8b3cf88151e94329209deeac44ea8
2026-01-20,ok,24,23,1,0,349893,2026-01-20T00:00:00.092000+00:00,2026-01-20T23:59:59.332000+00:00,0,,1415590,35a477e5ce0edb72eeaf723d6d2f899631a87c1a75e553a03f558af1c28fca1a
2026-01-21,ok,24,23,1,0,439902,2026-01-21T00:00:00.085000+00:00,2026-01-21T23:59:59.994000+00:00,0,,1855662,58d5ef31529ac6264de00aa6c5c9fef2fce747e7e5407260f552d5dcb06207d4
2026-01-22,ok,24,23,1,0,336446,2026-01-22T00:00:00.095000+00:00,2026-01-22T23:59:53.079000+00:00,0,,1371087,c7f22239881b2583aedd05b7013073726fa64a28f926eeeae89827f49c52cb27
2026-01-23,ok,24,22,2,0,315512,2026-01-23T00:00:00.077000+00:00,2026-01-23T21:59:58.487000+00:00,0,,1295680,50e67db94b7cedbd12404eda87dc70dee319c397065eff2399e15159e34ca7f6
2026-01-24,no_data,24,0,24,0,0,,,0,,0,e3b0c44298fc1c149afbf4c8996fb92427ae41e4649b934ca495991b7852b855
2026-01-25,ok,24,1,23,0,17830,2026-01-25T23:00:03.340000+00:00,2026-01-25T23:59:59.993000+00:00,0,,81400,72c0d1745311b2995a2ef37c80053294f5cb65ab176a973595ec7fc57f8c3970
2026-01-26,ok,24,23,1,0,546901,2026-01-26T00:00:00.094000+00:00,2026-01-26T23:59:59.903000+00:00,0,,2301031,955eddec0b9a1d151ea6fed6cee333885f66aa607d3f614a8ee264c7dc7fba21
2026-01-27,ok,24,23,1,0,508274,2026-01-27T00:00:00.104000+00:00,2026-01-27T23:59:58.900000+00:00,0,,2132299,6120a3f7448c0f8e862980c52614874c21b0483bfe8b2f4f51c86ba66793d98c
2026-01-28,ok,24,23,1,0,625600,2026-01-28T00:00:00.055000+00:00,2026-01-28T23:59:59.915000+00:00,0,,2714112,f76939695b0e6df7bd55987ecf6852bfd73f96f9db85058a3e75791f0840bf8f
2026-01-29,ok,24,23,1,0,727072,2026-01-29T00:00:00.066000+00:00,2026-01-29T23:59:59.910000+00:00,0,,3307257,825747aca656945fc04e35f577bf6fb300c0fc2a89102f7674ca7525b04446a3
2026-01-30,ok,24,22,2,0,823245,2026-01-30T00:00:00.061000+00:00,2026-01-30T21:59:51.954000+00:00,0,,3879378,e980e438748e7f05012d6df98ef58ccea5af6034c146556ed273e903853d5e84
2026-01-31,no_data,24,0,24,0,0,,,0,,0,e3b0c44298fc1c149afbf4c8996fb92427ae41e4649b934ca495991b7852b855
2026-02-01,ok,24,1,23,0,16077,2026-02-01T23:06:26.655000+00:00,2026-02-01T23:59:59.985000+00:00,0,,75144,c80f6cb7a0e563e1593726d6183aaccca0fb22a1e62fa50a0a63b5f50bce0745
2026-02-02,ok,24,23,1,0,846229,2026-02-02T00:00:00.036000+00:00,2026-02-02T23:59:59.718000+00:00,0,,3913359,aad0b1db9c69965fa4a2b5af65ff8baf95049da805e3d1c94d1acb177dd90254
2026-02-03,ok,24,23,1,0,642235,2026-02-03T00:00:00.070000+00:00,2026-02-03T23:59:59.866000+00:00,0,,2894389,0058f87f397aefc792f1a403c00083bda24f2a7daae27bc6cb0cf159937ef1b0
2026-02-04,ok,24,23,1,0,531429,2026-02-04T00:00:00.171000+00:00,2026-02-04T23:59:59.947000+00:00,0,,2372882,bf277d150b0b0547d5cb5adb0c97be7b2493d175895a3b6f81c5e5a0b7a0963d
2026-02-05,ok,24,23,1,0,662550,2026-02-05T00:00:00.099000+00:00,2026-02-05T23:59:59.519000+00:00,0,,3001151,7409c7b2be0350b675a26f6e52a0f703259f0367ba47a892c0a3c9d6b584cbb4
2026-02-06,ok,24,22,2,0,452897,2026-02-06T00:00:00.122000+00:00,2026-02-06T21:59:58.310000+00:00,0,,2033981,677f060f5f4c1102cd13db3a612f08fc9c1fc7562da4dcf4327c8e305bd26bda
2026-02-07,no_data,24,0,24,0,0,,,0,,0,e3b0c44298fc1c149afbf4c8996fb92427ae41e4649b934ca495991b7852b855
2026-02-08,ok,24,1,23,0,19227,2026-02-08T23:00:00.863000+00:00,2026-02-08T23:59:59.149000+00:00,0,,88236,1ee79fa0393b8e45c7e340d600fe389018d1e681d13b743ce2e8c0cbf5c85942
2026-02-09,ok,24,23,1,0,361106,2026-02-09T00:00:00.054000+00:00,2026-02-09T23:59:59.945000+00:00,0,,1603227,4420e6d12d658c79d80d1c1fad6664eff1314154a30945d8221f84488d07e6f3
2026-02-10,ok,24,23,1,0,331666,2026-02-10T00:00:00.297000+00:00,2026-02-10T23:59:56.371000+00:00,0,,1431448,46f2ca474c5ab2882332be4afe7aa1fc024e327049a5a537c4f749a2c7ce3d19
2026-02-11,ok,24,23,1,0,328180,2026-02-11T00:00:00.291000+00:00,2026-02-11T23:59:59.999000+00:00,0,,1437021,8f95a230c41465a0a6a1b5562260db008b8d437a68a106df4290e2aadb15049b
2026-02-12,ok,24,23,1,0,358650,2026-02-12T00:00:00.100000+00:00,2026-02-12T23:59:59.957000+00:00,0,,1561278,9fc1ca4c9c0470a7e9a73af44af9c3ae41be665a7b4f662ef8cf60884b22426b
2026-02-13,ok,24,22,2,0,317882,2026-02-13T00:00:00.058000+00:00,2026-02-13T21:59:58.760000+00:00,1,,1398075,9c1edb252f39964d68280beee043594c2a7730998cbf1dae98de8fd30fe45f2b
2026-02-14,no_data,24,0,24,0,0,,,0,,0,e3b0c44298fc1c149afbf4c8996fb92427ae41e4649b934ca495991b7852b855
2026-02-15,ok,24,1,23,0,14984,2026-02-15T23:00:01.643000+00:00,2026-02-15T23:59:59.321000+00:00,0,,66622,540756c195b5db8c8d9e398de5946141e065436f63475004d42341c6a6a83d09
2026-02-16,ok,24,21,3,0,144023,2026-02-16T00:00:00.226000+00:00,2026-02-16T23:59:59.459000+00:00,2,,632079,8e1a90bac1c1bf73b2653be38dbdf7c5ca4f73cf63d142b4c566be6d55a4c62b
2026-02-17,ok,24,23,1,0,324507,2026-02-17T00:00:00.665000+00:00,2026-02-17T23:59:58.756000+00:00,0,,1390903,b1533a517c375e8ef3566c4217ef5ee2ecc6a6e3c7d78dc27fb8a09823e15928
2026-02-18,ok,24,23,1,0,218539,2026-02-18T00:00:00.264000+00:00,2026-02-18T23:59:59.234000+00:00,5,,944627,3a189818a74cd9088f3480368c29f2ab4e044940ea4f3d8398b81c050309f08b
2026-02-19,ok,24,23,1,0,217449,2026-02-19T00:00:00.189000+00:00,2026-02-19T23:59:59.246000+00:00,0,,917482,7f6854edf07c12123bb27a4725b6096edfe3875e645c5e6d670718fc53c06766
2026-02-20,ok,24,22,2,0,264015,2026-02-20T00:00:00.154000+00:00,2026-02-20T21:59:58.314000+00:00,0,,1115968,99fbbf3145932156d98af26bde92dbdb5fd94f302af2700aa82eff86d092d8d5
2026-02-21,no_data,24,0,24,0,0,,,0,,0,e3b0c44298fc1c149afbf4c8996fb92427ae41e4649b934ca495991b7852b855
2026-02-22,ok,24,1,23,0,16249,2026-02-22T23:00:00.736000+00:00,2026-02-22T23:59:56.989000+00:00,0,,71903,424d2c102a26af92389f4d44b96b69545260a03eb56d8c8c80e5e19a364abef4
2026-02-23,ok,24,23,1,0,295925,2026-02-23T00:00:00.202000+00:00,2026-02-23T23:59:59.809000+00:00,0,,1250789,9ccad13be6a44b3dbfa726f670826a0e85634e77366e5877db2335f0917c6771
2026-02-24,ok,24,23,1,0,306409,2026-02-24T00:00:00.011000+00:00,2026-02-24T23:59:53.954000+00:00,0,,1318107,c496bb862cda6861cbfef915a793e7b2d5d598100024f294142733cb1862de2d
2026-02-25,ok,24,23,1,0,260782,2026-02-25T00:00:00.352000+00:00,2026-02-25T23:59:59.987000+00:00,0,,1135138,2ba76e06f29c45bf4f368a4df74b1bd1a7ffbf7f159d0029ac92829429f33aa4
2026-02-26,ok,24,23,1,0,284190,2026-02-26T00:00:00.189000+00:00,2026-02-26T23:59:51.289000+00:00,0,,1227393,f8a0ab4d9392b54bc79c686f75a1aa64d2243f06093a34a133a49e8916ff1f1a
2026-02-27,ok,24,22,2,0,323139,2026-02-27T00:00:00.166000+00:00,2026-02-27T21:59:59.799000+00:00,0,,1330390,5d84c75504631199e85f2fc1b8043752db118cf9f0273a18adee971c3fbf17d9
2026-02-28,no_data,24,0,24,0,0,,,0,,0,e3b0c44298fc1c149afbf4c8996fb92427ae41e4649b934ca495991b7852b855
2026-03-01,ok,24,1,23,0,24985,2026-03-01T23:00:15.012000+00:00,2026-03-01T23:59:59.102000+00:00,0,,117509,0fc6e9aa75f96309aa9a3df59577973e487b51b17c92327d6396af5e7eea891e
2026-03-02,ok,24,23,1,0,436455,2026-03-02T00:00:00.159000+00:00,2026-03-02T23:59:59.477000+00:00,0,,1940510,c975212bdef2ca4d34d550a31782408373cc9b1a557be45b495604f560db8ee0
2026-03-03,ok,24,23,1,0,554076,2026-03-03T00:00:01.086000+00:00,2026-03-03T23:59:59.247000+00:00,0,,2515973,53d7c5b43b276d8fdf4459f0ead8dc8854016d88d9dbb19896e58a77408d316e
2026-03-04,ok,24,23,1,0,413864,2026-03-04T00:00:00.051000+00:00,2026-03-04T23:59:56.517000+00:00,0,,1796782,2b99598c172c9eeec92aeb4ccfce143b0d7c76411a7a21800f612b966ce0f552
2026-03-05,ok,24,23,1,0,376627,2026-03-05T00:00:00.080000+00:00,2026-03-05T23:59:57.202000+00:00,0,,1571191,bb9adb0a7e2c2a9a9b8bbb0fd0a95e1e85d394caf90367f7b1770e5f7fcd480d
2026-03-06,ok,24,22,2,0,336645,2026-03-06T00:00:00.065000+00:00,2026-03-06T21:59:49.173000+00:00,2,,1404685,44692988099bb1a58410fcf35a3dfb5b0fd8e07474897fb7edeea08e4ffc74dd
2026-03-07,no_data,24,0,24,0,0,,,1,,0,e3b0c44298fc1c149afbf4c8996fb92427ae41e4649b934ca495991b7852b855
2026-03-08,ok,24,2,22,0,51930,2026-03-08T22:00:01.991000+00:00,2026-03-08T23:59:59.788000+00:00,21,,243920,94178e4ae6ab6168d069310a45cbb6b5a37f67c905035e119571e0bed732b0c4
2026-03-09,ok,24,23,1,0,416802,2026-03-09T00:00:00.191000+00:00,2026-03-09T23:59:59.964000+00:00,32,,1762874,227addbc2570645508ead19c7d23a10714b5bd52a7df41f748e3c017d62da5fd
2026-03-10,ok,24,23,1,0,313745,2026-03-10T00:00:00.065000+00:00,2026-03-10T23:59:59.292000+00:00,4,,1284478,7046817af34ced21defc956dcf08df3746a22d106ab49cc580e01ffaf30df504
2026-03-11,ok,24,23,1,0,296659,2026-03-11T00:00:00.096000+00:00,2026-03-11T23:59:59.989000+00:00,0,,1205010,0359a3fc4059bbce496a65a1f298849c85a0e081867fe5a6c1faffc2635202b0
2026-03-12,ok,24,23,1,0,298578,2026-03-12T00:00:00.140000+00:00,2026-03-12T23:59:59.720000+00:00,0,,1230222,3959eaf67cb0593e94413b142a3fe75fd99eab024a1b135b9a0f7e57760a25ef
2026-03-13,ok,24,21,3,0,287266,2026-03-13T00:00:00.072000+00:00,2026-03-13T20:59:57.914000+00:00,0,,1187347,31b211be5c0cc1a6f95c973d1842ad8053365410036113fa53cd2ca1588e63db
2026-03-14,no_data,24,0,24,0,0,,,0,,0,e3b0c44298fc1c149afbf4c8996fb92427ae41e4649b934ca495991b7852b855
2026-03-15,ok,24,2,22,0,34729,2026-03-15T22:00:01.361000+00:00,2026-03-15T23:59:59.893000+00:00,0,,150873,c4528f66e486eb7444ad37769331cbcd12ee4af3056acc38c59e298e71463fae
2026-03-16,ok,24,23,1,0,323966,2026-03-16T00:00:00.094000+00:00,2026-03-16T23:59:59.955000+00:00,14,,1337870,79e4845961d5801a896f350e96903a8c45f26d8019e3dd88bc9b089746699dd5
2026-03-17,ok,24,23,1,0,257423,2026-03-17T00:00:00.107000+00:00,2026-03-17T23:59:57.283000+00:00,4,,1032013,472e18957649ba92bd28e8ad2396504083936e7f3a1a8d7f7bb0c7af979a2b19
2026-03-18,ok,24,23,1,0,363363,2026-03-18T00:00:00.198000+00:00,2026-03-18T23:59:59.948000+00:00,6,,1518787,cc70ef892c3e10132eb88d938afa54b3c48007dff1b682510005447cedc10857
2026-03-19,ok,24,23,1,0,537292,2026-03-19T00:00:00.070000+00:00,2026-03-19T23:59:59.640000+00:00,7,,2336644,5b25609f215f8df5acc17440026a0f0ca99b55edb02a8af498cd6b2feae015bb
2026-03-20,ok,24,21,3,0,484554,2026-03-20T00:00:00.092000+00:00,2026-03-20T20:59:53.585000+00:00,0,,2051738,cb8123970fa5192ba4160d61319f733571a8b2692c5257d687768f00f3e4975a
2026-03-21,no_data,24,0,24,0,0,,,0,,0,e3b0c44298fc1c149afbf4c8996fb92427ae41e4649b934ca495991b7852b855
2026-03-22,ok,24,2,22,0,40170,2026-03-22T22:00:04.225000+00:00,2026-03-22T23:59:59.909000+00:00,0,,183465,f1f065c53c2a4e1f52dd6c0e379b92de9d846c1572bc87e5a82d24e68bdb015e
2026-03-23,ok,24,23,1,0,794667,2026-03-23T00:00:00.060000+00:00,2026-03-23T23:59:59.852000+00:00,0,,3645026,b17846bce51e5b3a1f410d65216b758abe086e678b14036db1f3970acbbe624a
2026-03-24,ok,24,23,1,0,703749,2026-03-24T00:00:00.054000+00:00,2026-03-24T23:59:59.419000+00:00,0,,2989266,0e6fcfa46c54e52fbda34b846d08a2c9db9ae3012327565ee768868d9ccadbea
2026-03-25,ok,24,23,1,0,425410,2026-03-25T00:00:00.123000+00:00,2026-03-25T23:59:58.579000+00:00,0,,1827621,793f2c50f4a8a9c88a9a319d97a2e45658711c71dacf77ba4c6b81ae9616e2f3
2026-03-26,ok,24,23,1,0,480416,2026-03-26T00:00:00.086000+00:00,2026-03-26T23:59:55.845000+00:00,0,,2023392,3bb138fd880ca783e4ea8de6a1254190bb26404500595fc554ad148afebef827
2026-03-27,ok,24,21,3,0,339095,2026-03-27T00:00:00.111000+00:00,2026-03-27T20:59:58.466000+00:00,0,,1414952,d8086027f55321128aedd0ebc555d7e4c2229004b68a111a9593286068f6353d
2026-03-28,no_data,24,0,24,0,0,,,0,,0,e3b0c44298fc1c149afbf4c8996fb92427ae41e4649b934ca495991b7852b855
2026-03-29,ok,24,2,22,0,37301,2026-03-29T22:00:00.568000+00:00,2026-03-29T23:59:59.962000+00:00,0,,163859,9f038ead95bdb645e58e5d4955599f84f0884fa2b4b49806e273af6511524c1c
2026-03-30,ok,24,23,1,0,383496,2026-03-30T00:00:00.063000+00:00,2026-03-30T23:59:59.532000+00:00,0,,1612348,25602df5e39e8eff6faf236e4e130db84a4eb92b4b53f4411ec4a909710209bf
2026-03-31,ok,24,23,1,0,419916,2026-03-31T00:00:00.087000+00:00,2026-03-31T23:59:59.956000+00:00,0,,1686752,c1de862a54b66c6747ab8b0bea45fcc2ce5618785dbce17df84948e1c55ded0c
2026-04-01,ok,24,23,1,0,363876,2026-04-01T00:00:00.107000+00:00,2026-04-01T23:59:59.466000+00:00,7,,1479236,cb693fca08a902f3def9f8af263305235f2964a7289cc931b0739efe7a6d2c1a
2026-04-02,ok,24,21,3,0,476729,2026-04-02T00:00:00.119000+00:00,2026-04-02T20:58:58.311000+00:00,3,,2024519,44a748e4f7676cadf02295631e82a475925ea18c16db11829a4a78290fe7730e
2026-04-03,no_data,24,0,24,0,0,,,0,,0,e3b0c44298fc1c149afbf4c8996fb92427ae41e4649b934ca495991b7852b855
2026-04-04,no_data,24,0,24,0,0,,,0,,0,e3b0c44298fc1c149afbf4c8996fb92427ae41e4649b934ca495991b7852b855
2026-04-05,ok,24,2,22,0,37337,2026-04-05T22:00:11.413000+00:00,2026-04-05T23:59:59.892000+00:00,4,,163105,4aef622fb6678181069fb9ecb28ad32cb0a0c7b830a702b8995bd4bac33020fa
2026-04-06,ok,24,23,1,0,316875,2026-04-06T00:00:00.093000+00:00,2026-04-06T23:59:59.533000+00:00,0,,1300305,d84afa83901e0337b37c0033f2ac767426556979df277f4b164a2d026c348458
2026-04-07,ok,24,23,1,0,494517,2026-04-07T00:00:00.186000+00:00,2026-04-07T23:59:59.954000+00:00,4,,2041629,c60fe5efad598d3b327c98cd39aba14a60503e06e230bd13b4f33f385744975b
2026-04-08,ok,24,23,1,0,387036,2026-04-08T00:00:00.055000+00:00,2026-04-08T23:59:59.905000+00:00,0,,1595760,1e85bec9e58face7cc47aeb1394ae338c6ffd3baa28216d2c12d15f11637a54f
2026-04-09,ok,24,23,1,0,296405,2026-04-09T00:00:00.006000+00:00,2026-04-09T23:59:59.578000+00:00,0,,1176365,ba7c107b5f0985b94474677f89356a7a3ce210bced5e33653b6d33be5cb978f6
2026-04-10,ok,24,21,3,0,260802,2026-04-10T00:00:00.081000+00:00,2026-04-10T20:59:59.140000+00:00,4,,1040146,e6a72f8149b23d0868c635561e52b5aa0169e77c90cd8fab5d0d77cf7f8eb49b
2026-04-11,no_data,24,0,24,0,0,,,0,,0,e3b0c44298fc1c149afbf4c8996fb92427ae41e4649b934ca495991b7852b855
2026-04-12,ok,24,2,22,0,35482,2026-04-12T22:00:19.033000+00:00,2026-04-12T23:59:59.924000+00:00,0,,150251,a6c30398627f9a9d88d1f4e0e7736fcbd726abd58740e4f191aea92dbd9bcd63
2026-04-13,ok,24,23,1,0,283944,2026-04-13T00:00:00.126000+00:00,2026-04-13T23:59:59.607000+00:00,0,,1147784,35283d8b83d2c4b1c16435c5b5f490b309886635e26c56ba4e9bb5c99c2ba26f
2026-04-14,ok,24,23,1,0,287369,2026-04-14T00:00:00.010000+00:00,2026-04-14T23:59:59.997000+00:00,3,,1149688,6e8ba841a7ecb7c90dafd84438529f66fe9ce77bd38a3d0661c68f10d0f1cb47
2026-04-15,ok,24,23,1,0,272265,2026-04-15T00:00:00.148000+00:00,2026-04-15T23:59:59.581000+00:00,0,,1138820,9d6d7accfa4d5d38703ec96e2a1218401e63c63ee2ea5160ee53a4227a740d39
2026-04-16,ok,24,23,1,0,262653,2026-04-16T00:00:00.134000+00:00,2026-04-16T23:59:59.862000+00:00,0,,1052445,db074774a3c7bc148d2e566b544ce1173a2294cd3b4ffb9c7d41f1943bf06f2e
2026-04-17,ok,24,21,3,0,279413,2026-04-17T00:00:00.014000+00:00,2026-04-17T20:59:58.420000+00:00,0,,1141556,7fcafeb0698046c1e6b5eb5ce09be009d451d27d22da5e6693be4580ef73ecc9
2026-04-18,no_data,24,0,24,0,0,,,0,,0,e3b0c44298fc1c149afbf4c8996fb92427ae41e4649b934ca495991b7852b855
2026-04-19,ok,24,2,22,0,30367,2026-04-19T22:00:04.595000+00:00,2026-04-19T23:59:59.942000+00:00,0,,135629,02978d7176172f2fe2cd86821591f4742f1f0a1a284206110ef8854eb395de17
2026-04-20,ok,24,23,1,0,283728,2026-04-20T00:00:00.043000+00:00,2026-04-20T23:59:59.623000+00:00,0,,1130134,36d1700519bc2973d9920103b5b495601cfe6e8fd89c6fde1e65ec2c311cb6fa
2026-04-21,ok,24,23,1,0,358179,2026-04-21T00:00:00.076000+00:00,2026-04-21T23:59:59.845000+00:00,0,,1460358,ac4bef3b7705153578029a5d8bd8f1abc8728351ae58dbaf21f473de4a79f04e
2026-04-22,ok,24,23,1,0,281241,2026-04-22T00:00:00.046000+00:00,2026-04-22T23:59:59.655000+00:00,0,,1117068,51dfaadb2658acfaa9204f3228f7b5338be2188abd7a0b38c680b2bb5b791f3d
2026-04-23,ok,24,23,1,0,443955,2026-04-23T00:00:00.058000+00:00,2026-04-23T23:59:59.965000+00:00,0,,1769556,662ec78d726cade4c12b18a56c8b07148a6720d32e8afeb8678801927e5887da
2026-04-24,ok,24,21,3,0,386833,2026-04-24T00:00:00.066000+00:00,2026-04-24T20:59:58.924000+00:00,0,,1497975,3ff4da6c2fd6c710280127105b1f671f0885533d3d0f30c24b2ef894a2c84ee1
2026-04-25,no_data,24,0,24,0,0,,,0,,0,e3b0c44298fc1c149afbf4c8996fb92427ae41e4649b934ca495991b7852b855
2026-04-26,ok,24,2,22,0,17922,2026-04-26T22:00:01.114000+00:00,2026-04-26T23:59:59.998000+00:00,3,,75325,6e9a4c9f3eba19d790bab6458556b29bd27f4c625dcd0551c7df205b8c5c907d
2026-04-27,ok,24,23,1,0,312243,2026-04-27T00:00:00.099000+00:00,2026-04-27T23:59:59.318000+00:00,0,,1218351,f14f046551dc5013c5e4b050e10c7e070e4c16ebbdbebb91bfa109ef29b6ca1a
2026-04-28,ok,24,23,1,0,420468,2026-04-28T00:00:00.173000+00:00,2026-04-28T23:59:59.683000+00:00,0,,1653537,231409e99132befec9de42bc8e78b9b8d97b195133905a530159194c1295fcce
2026-04-29,ok,24,23,1,0,436170,2026-04-29T00:00:00.087000+00:00,2026-04-29T23:59:56.370000+00:00,1,,1708974,4152c5545712331882d069bd351c75478f3debddfc7e47bdb74ce91f97b3bc60
2026-04-30,ok,24,23,1,0,444761,2026-04-30T00:00:00.087000+00:00,2026-04-30T23:59:55.859000+00:00,0,,1716323,f28c529ad53e24b3eed6ecdfa9da146aeda4d1c6d4e0d8f8e008e1e9df922674
2026-05-01,ok,24,21,3,0,303190,2026-05-01T00:00:00.086000+00:00,2026-05-01T20:59:55.123000+00:00,0,,1199112,d7d34afd2b1770cc93203011da9a74b696409174896851d73fafd48e416e6c1a
2026-05-02,no_data,24,0,24,0,0,,,0,,0,e3b0c44298fc1c149afbf4c8996fb92427ae41e4649b934ca495991b7852b855
2026-05-03,ok,24,2,22,0,15792,2026-05-03T22:00:01.510000+00:00,2026-05-03T23:59:59.143000+00:00,0,,69778,6004860355025c7f09cf8f417eb371d141e625f9a1ad87a3cb7a8094fe0f34dd
2026-05-04,ok,24,23,1,0,393827,2026-05-04T00:00:00.120000+00:00,2026-05-04T23:59:59.919000+00:00,0,,1570180,b2954eb7b70b1c62a0f3ec22a48e14f11ad7f580e914505a3b97718caae3eb25
2026-05-05,ok,24,23,1,0,308170,2026-05-05T00:00:00.070000+00:00,2026-05-05T23:59:59.819000+00:00,0,,1211350,776575b0787b7ffb63019c2f87f59f9fc8d0887b58f428b3e4ca2a12941ecbe1
2026-05-06,ok,24,23,1,0,410110,2026-05-06T00:00:00.039000+00:00,2026-05-06T23:59:59.178000+00:00,0,,1601044,21b5bee4b667e919a6fb98ab39a90fe30d89fef72ff37257a54960e1084a22f7
2026-05-07,ok,24,23,1,0,492581,2026-05-07T00:00:00.086000+00:00,2026-05-07T23:59:59.886000+00:00,0,,1900475,981917a0ae779bf5b0a60a9617a405888506f547f11f06d6d261698627066194
2026-05-08,ok,24,21,3,0,362266,2026-05-08T00:00:00.089000+00:00,2026-05-08T20:59:59.702000+00:00,0,,1437094,d8fba7ec9de62b1194d34349d3610ea307c0ffecc511d297faea9953fa5d24f1
2026-05-09,no_data,24,0,24,0,0,,,0,,0,e3b0c44298fc1c149afbf4c8996fb92427ae41e4649b934ca495991b7852b855
2026-05-10,ok,24,2,22,0,18029,2026-05-10T22:00:02.395000+00:00,2026-05-10T23:59:59.878000+00:00,0,,78255,76d58f82b6f7d5c0e6a288e1f0c1881339d61ce8ec27e857119e4c456075bf73
2026-05-11,ok,24,23,1,0,375053,2026-05-11T00:00:00.079000+00:00,2026-05-11T23:59:59.494000+00:00,0,,1498967,ce0c1cfd0815fdeb603375fee80a72f62fa40c0c271d1adcef4bcd1215944557
2026-05-12,ok,24,23,1,0,427714,2026-05-12T00:00:00.097000+00:00,2026-05-12T23:59:59.825000+00:00,0,,1668870,7c412dfb07fb61d4a18453859e86e752648c5164a76db2f30baf684aad065ea1
2026-05-13,ok,24,23,1,0,365191,2026-05-13T00:00:00.078000+00:00,2026-05-13T23:59:59.617000+00:00,0,,1411136,01c2abd2e6af3ffd85737e800fc9ee329b94879e406936dc6f695428fbb3c844
2026-05-14,ok,24,23,1,0,411846,2026-05-14T00:00:00.069000+00:00,2026-05-14T23:59:59.682000+00:00,0,,1589166,58c7bc037a15a0b5893d54da32cc06dda4f260ed84c1ecdb2094cfb7ccc276f5
2026-05-15,ok,24,21,3,0,525361,2026-05-15T00:00:00.086000+00:00,2026-05-15T20:59:58.107000+00:00,0,,2045360,308809005ae16fe055165d5cad2a5b9983149e7304841b3623b7331aa0aa0cf5
2026-05-16,no_data,24,0,24,0,0,,,0,,0,e3b0c44298fc1c149afbf4c8996fb92427ae41e4649b934ca495991b7852b855
2026-05-17,ok,24,2,22,0,24472,2026-05-17T22:00:01.233000+00:00,2026-05-17T23:59:59.856000+00:00,0,,108090,72b5385553ea89444f9db0052c61a935e3592906083ef61bfdd2a0e9cc0cb19c
2026-05-18,ok,24,23,1,0,519165,2026-05-18T00:00:00.058000+00:00,2026-05-18T23:59:59.047000+00:00,0,,2037658,968cf8c98893ab5978415b98b93894a6e6194cc22b23ebb6a2c431daf17860c4
2026-05-19,ok,24,23,1,0,433948,2026-05-19T00:00:00.102000+00:00,2026-05-19T23:59:59.859000+00:00,2,,1707990,1db347f89bd537b4674db1f3ffab0e33b3d9b825ca8bf4c2b68dfa7905909443
2026-05-20,ok,24,23,1,0,454836,2026-05-20T00:00:00.061000+00:00,2026-05-20T23:59:59.914000+00:00,0,,1767995,c2d0fc825d4f4e6663f210d5ecb99f226b7cb8d57ffad282e7c0410bb7d915a6
2026-05-21,ok,24,23,1,0,473693,2026-05-21T00:00:00.066000+00:00,2026-05-21T23:59:58.165000+00:00,0,,1829238,eb3e9d09e58e1f2558f10934cac3667c0cb44e543d2d28a49e600384bcb5db59
2026-05-22,ok,24,21,3,0,370022,2026-05-22T00:00:00.076000+00:00,2026-05-22T20:59:59.132000+00:00,2,,1428810,2fb070baff837943f9744cf0e9588b9f0342fc73607581a67ff98dc59af54a4d
2026-05-23,no_data,24,0,24,0,0,,,0,,0,e3b0c44298fc1c149afbf4c8996fb92427ae41e4649b934ca495991b7852b855
2026-05-24,ok,24,2,22,0,32030,2026-05-24T22:00:02.048000+00:00,2026-05-24T23:59:59.985000+00:00,0,,127269,700d7de510f98d42dc7ee11f3c579b3cef79119d573ca42143b89a1358151e74
2026-05-25,ok,24,21,3,0,187101,2026-05-25T00:00:00.036000+00:00,2026-05-25T23:59:59.325000+00:00,0,,744968,c25ef44fa317d62eabb42aa6063cfb53cf6bb86d59caa9004b5b2d20e05867d0
2026-05-26,ok,24,23,1,0,376379,2026-05-26T00:00:00.029000+00:00,2026-05-26T23:59:59.927000+00:00,0,,1458265,dfd2db183392da99f4c364c75178128c366963099f1673b2bff3ad66e9a53395
2026-05-27,ok,24,23,1,0,368483,2026-05-27T00:00:00.078000+00:00,2026-05-27T23:59:59.856000+00:00,0,,1446931,9e4ecab315fa4084354bb33380cd2ee3ffef10b9e88f6fea1858fd1d8c95b0dc
2026-05-28,ok,24,23,1,0,392541,2026-05-28T00:00:00.058000+00:00,2026-05-28T23:59:59.970000+00:00,0,,1557930,c1ee4b1f200f2154ba71d2b6d6258061c4c2d327fbad6526bf3a1fcf3982094b
2026-05-29,ok,24,21,3,0,272070,2026-05-29T00:00:00.071000+00:00,2026-05-29T20:59:58.020000+00:00,0,,1122026,44c2f3c0790ad0ca7deb768330f5608753c70a81ac66e1d60d77f9a449c9b1b1
2026-05-30,no_data,24,0,24,0,0,,,0,,0,e3b0c44298fc1c149afbf4c8996fb92427ae41e4649b934ca495991b7852b855
2026-05-31,ok,24,2,22,0,16938,2026-05-31T22:00:03.851000+00:00,2026-05-31T23:59:58.982000+00:00,0,,73891,d91f91462c478f3c30a519da98a092710e5ea8b3d950452221ec982371cb6890
2026-06-01,ok,24,23,1,0,288983,2026-06-01T00:00:00.089000+00:00,2026-06-01T23:59:58.392000+00:00,0,,1184635,613e2b83fb827a1bd4b8b01d9e3232ff54e82bb685c8195c3a6ed28cc66b1235
2026-06-02,ok,24,23,1,0,280756,2026-06-02T00:00:00.100000+00:00,2026-06-02T23:59:59.756000+00:00,2,,1141372,08e52cfc1cab97071ab2f22e6e604d33bed1444d8040200c0c860fdc5f7c877c
2026-06-03,ok,24,23,1,0,323267,2026-06-03T00:00:00.059000+00:00,2026-06-03T23:59:57.999000+00:00,0,,1312763,7f023b110d657fdde2be27e69ef04796f422ea970c4a093f442639143b3a669a
2026-06-04,ok,24,23,1,0,337946,2026-06-04T00:00:00.113000+00:00,2026-06-04T23:59:59.922000+00:00,0,,1368118,126b780adc88d9179c8d91781ba45cb93ac80f351ee5cab0376145d6be672e51
2026-06-05,ok,24,21,3,0,424646,2026-06-05T00:00:00.073000+00:00,2026-06-05T20:59:58.277000+00:00,0,,1713869,5b2a25a0a7a738800db962e9c4ee319b727bee420e87fe1ba3e9a8e910f4e37e
2026-06-06,no_data,24,0,24,0,0,,,0,,0,e3b0c44298fc1c149afbf4c8996fb92427ae41e4649b934ca495991b7852b855
2026-06-07,ok,24,2,22,0,32585,2026-06-07T22:00:00.835000+00:00,2026-06-07T23:59:59.978000+00:00,0,,140142,f03fd8d52b9211cd2de95d05054d78bee44d0da13e2a87fc60148e119b64ea74
2026-06-08,ok,24,23,1,0,426797,2026-06-08T00:00:00.079000+00:00,2026-06-08T23:59:59.956000+00:00,0,,1743363,4155bfaa6fc128a596262b13efad67bc1839eb87fd6932be9ab7ff42818be855
2026-06-09,ok,24,23,1,0,442725,2026-06-09T00:00:00.058000+00:00,2026-06-09T23:59:59.908000+00:00,5,,1803657,9ef265d4b6bcda3c87c16f7dec7fd3b60475af62a7726faad3c78e9be6bcd781
2026-06-10,ok,24,23,1,0,512726,2026-06-10T00:00:00.062000+00:00,2026-06-10T23:59:59.746000+00:00,0,,2088809,b7f222d7e79d71d473dec2a4e8726abed31e79140be2da702a96aad6f2236a12
2026-06-11,ok,24,23,1,0,512220,2026-06-11T00:00:00.050000+00:00,2026-06-11T23:59:59.103000+00:00,3,,2129356,43a649fd04457e41840883eca2f3e49f52e412df97332e94278c6a27ffd30a14
2026-06-12,ok,24,21,3,0,382703,2026-06-12T00:00:00.059000+00:00,2026-06-12T20:59:59.091000+00:00,0,,1554350,4e41f37881d09bf69021f556fd23ef3077506679f29203a9c0c7ea65faadcb40
2026-06-13,no_data,24,0,24,0,0,,,0,,0,e3b0c44298fc1c149afbf4c8996fb92427ae41e4649b934ca495991b7852b855
2026-06-14,ok,24,2,22,0,24335,2026-06-14T22:00:04.134000+00:00,2026-06-14T23:59:58.812000+00:00,0,,108313,cac3b7a4475ff8205d7a2c149fc6d912f4e38a3e6d94239399737c92422d3666
2026-06-15,ok,24,23,1,0,288795,2026-06-15T00:00:00.322000+00:00,2026-06-15T23:59:59.543000+00:00,0,,1194222,74bf03245c7c439a73c2e050ee962f7e508ea85c0ec0587079b28bf8cf6b3a07
2026-06-16,ok,24,23,1,0,288894,2026-06-16T00:00:00.196000+00:00,2026-06-16T23:59:59.745000+00:00,0,,1146989,ef0c461197b9a55118fc5fe943ab649403629503a89e0698b013c947731a51b9
2026-06-17,ok,24,23,1,0,344971,2026-06-17T00:00:00.097000+00:00,2026-06-17T23:59:59.930000+00:00,0,,1430404,7a535597844ffdb9c3ad7e4bf577742053fb4f696741768d691b308fbd6cabba
2026-06-18,ok,24,23,1,0,364642,2026-06-18T00:00:00.033000+00:00,2026-06-18T23:59:59.763000+00:00,1,,1478574,6a92c755a5760dc858c89ee783774034933b36848b7733d3139486d05b383a23
2026-06-19,ok,24,17,7,0,203189,2026-06-19T00:00:00.115000+00:00,2026-06-19T16:58:59.181000+00:00,0,,844440,a183b97492179802f7adf1ffb33268acb300d54b68c0a9dfdf5033c82970b4b9
2026-06-20,no_data,24,0,24,0,0,,,0,,0,e3b0c44298fc1c149afbf4c8996fb92427ae41e4649b934ca495991b7852b855
2026-06-21,ok,24,2,22,0,23136,2026-06-21T22:00:01.445000+00:00,2026-06-21T23:59:59.813000+00:00,0,,97844,4737d6449af6854174d7234586b833f6709dcf82f89087b991829599bb11ab1f
2026-06-22,ok,24,23,1,0,333741,2026-06-22T00:00:00.066000+00:00,2026-06-22T23:59:59.730000+00:00,0,,1356123,6e16669c24a1ebe5eef3a66c3f7893a3599cb6a3f627c70baf193cd279fdaf76
2026-06-23,ok,24,23,1,0,412179,2026-06-23T00:00:00.082000+00:00,2026-06-23T23:59:59.959000+00:00,0,,1687299,7ad4289ae08a1d5692bc49362f88c9e7e81c9af5445d7ad11c1aebbd6a1f5c3e
2026-06-24,ok,24,23,1,0,443371,2026-06-24T00:00:00.061000+00:00,2026-06-24T23:59:59.365000+00:00,0,,1805595,81f9238125137eaf38e55578c53b68ba127ccc250060752a822adcd99fd13d6c
2026-06-25,ok,24,23,1,0,428127,2026-06-25T00:00:00.069000+00:00,2026-06-25T23:59:59.852000+00:00,0,,1748221,74c940001948d431c87b5451c7677c309f3311a714c7eb93d623323f0a91cec1
2026-06-26,ok,24,21,3,0,365774,2026-06-26T00:00:00.054000+00:00,2026-06-26T20:59:58.849000+00:00,0,,1482396,faa2e557370692b8f6051fc07e5bca8671a9abcae849b3046a89c6b64d8e9167
2026-06-27,no_data,24,0,24,0,0,,,0,,0,e3b0c44298fc1c149afbf4c8996fb92427ae41e4649b934ca495991b7852b855
2026-06-28,ok,24,2,22,0,23428,2026-06-28T22:00:00.646000+00:00,2026-06-28T23:59:59.914000+00:00,0,,102397,416f9a313d386ae31ee7a4765718572802813011d62f60efa39bf2ee1dac4868
2026-06-29,ok,24,23,1,0,350634,2026-06-29T00:00:00.065000+00:00,2026-06-29T23:59:59.681000+00:00,0,,1406574,0441014e99a1d53ecdaeb081b5708b179fa02b066336d7d7f4ca1df51e955a97
2026-06-30,ok,24,23,1,0,340836,2026-06-30T00:00:00.084000+00:00,2026-06-30T23:59:59.678000+00:00,0,,1363988,5076bdb6a3fce62f2a0ba64dc4f78b69e38750689ca5d6bca785aa3a6a796502
2026-07-01,ok,24,23,1,0,322080,2026-07-01T00:00:00.330000+00:00,2026-07-01T23:59:59.803000+00:00,0,,1285912,b7a67c27bc82337860e915e5dcaa59433d8ccb232261b1729c1dc2ecdb297eee
2026-07-02,ok,24,23,1,0,372252,2026-07-02T00:00:00.055000+00:00,2026-07-02T23:59:59.991000+00:00,0,,1480743,a47640b82f7c6957f82155daa7c12f1352ae6992fe142078ab9defd1e9a42418
2026-07-03,ok,24,17,7,0,195021,2026-07-03T00:00:00.092000+00:00,2026-07-03T16:58:58.207000+00:00,0,,774351,36827181a9b89456812a77d8a72ff016b093098bec5c73c782d4aed4bc532913
2026-07-04,no_data,24,0,24,0,0,,,0,,0,e3b0c44298fc1c149afbf4c8996fb92427ae41e4649b934ca495991b7852b855
2026-07-05,ok,24,2,22,0,17183,2026-07-05T22:00:01.514000+00:00,2026-07-05T23:59:59.836000+00:00,2,,74633,1e9789e62a377654748ec675396b26ce7d8e3ec66dd209db3886643023787c5e
2026-07-06,ok,24,23,1,0,281977,2026-07-06T00:00:00.137000+00:00,2026-07-06T23:59:59.535000+00:00,0,,1130454,c6e925e7260aaaf675893d31d4465a1ac1b23ba49aa4db157007b9c117070ebf
2026-07-07,ok,24,23,1,0,318230,2026-07-07T00:00:00.087000+00:00,2026-07-07T23:59:59.870000+00:00,0,,1266446,f002eb05faf14fd674c89c2bb0575440711c2ce3bb242747b5fb98cbd9579f28
2026-07-08,ok,24,23,1,0,489950,2026-07-08T00:00:00.020000+00:00,2026-07-08T23:59:59.077000+00:00,0,,1914303,16eb8fdada16b40f07ef5cde423fb42e747ab0199fb74d32db9f3a69ac649417
2026-07-09,ok,24,23,1,0,323694,2026-07-09T00:00:00.080000+00:00,2026-07-09T23:59:59.801000+00:00,0,,1261645,6b06c7b64f0e9ae437adef78ba6466d12ede5e9afc7cda71d543368571184981
2026-07-10,ok,24,21,3,0,263334,2026-07-10T00:00:00.052000+00:00,2026-07-10T20:59:59.116000+00:00,0,,1028328,303553c17478f89abc40fbc439e9e49f6a3a6919d6cad42e2c81667f9290bb25
2026-07-11,no_data,24,0,24,0,0,,,0,,0,e3b0c44298fc1c149afbf4c8996fb92427ae41e4649b934ca495991b7852b855
2026-07-12,ok,24,2,22,0,19372,2026-07-12T22:00:09.539000+00:00,2026-07-12T23:59:59.904000+00:00,0,,80375,193a1766d3442692b39f2df79305028551114971e923767ddd43d0254e0a1cc0
2026-07-13,ok,24,23,1,0,397784,2026-07-13T00:00:00.005000+00:00,2026-07-13T23:59:59.954000+00:00,0,,1547579,27d8c026d890fec60cbc62a5db3396c086a51f8dd78b54d00241c3aac64f4c81
2026-07-14,ok,24,23,1,0,349717,2026-07-14T00:00:00.055000+00:00,2026-07-14T23:59:59.585000+00:00,0,,1362621,723646eb1169226607cad5f7f8b42b9f2e630dc6fcc91163ea7a51f82df7b2d8
2026-07-15,ok,24,23,1,0,367079,2026-07-15T00:00:00.087000+00:00,2026-07-15T23:59:59.952000+00:00,0,,1437542,b06ac521cb570359033fef51d28064bc5856bdd3c8491b39972cc3377b078f1a
2026-07-16,ok,24,23,1,0,429422,2026-07-16T00:00:00.002000+00:00,2026-07-16T23:59:56.063000+00:00,0,,1642920,dd1c29b155315a965f0b875257deeecbd53bc7c985b21777ddbda3dc98bb32e6
2026-07-17,ok,24,21,3,0,414365,2026-07-17T00:00:00.080000+00:00,2026-07-17T20:59:02.662000+00:00,0,,1597390,f77fae1942eb4181f68f99a916a7a709e195d6b5307415672a6c27595ea0c020
2026-07-18,no_data,24,0,24,0,0,,,0,,0,e3b0c44298fc1c149afbf4c8996fb92427ae41e4649b934ca495991b7852b855
2026-07-19,ok,24,2,22,0,14817,2026-07-19T22:00:03.067000+00:00,2026-07-19T23:59:59.964000+00:00,0,,59792,717eefeceacb21fa9b8c41da185f47e28f3056ec736b3edef01d9c5282b47eb0
2026-07-20,ok,24,23,1,0,382849,2026-07-20T00:00:00.065000+00:00,2026-07-20T23:59:59.878000+00:00,0,,1490062,24efd3e2286fda75c63420f538455832a96488b422a0188ff9bd6ef774391383
2026-07-21,ok,24,23,1,0,305925,2026-07-21T00:00:00.079000+00:00,2026-07-21T23:59:59.994000+00:00,0,,1189277,f0da5be20b5358af854f5b40a00a5bf57d386b989176998a50cd12e07a50c387
2026-07-22,ok,24,23,1,0,386962,2026-07-22T00:00:00.096000+00:00,2026-07-22T23:59:59.878000+00:00,0,,1477945,94dd3d2e9744671acc77ad85abf3dfbd2e81bdfe2df380089d23830817597422
2026-07-23,ok,24,23,1,0,379956,2026-07-23T00:00:00.079000+00:00,2026-07-23T23:59:59.920000+00:00,0,,1469199,565ec850e76b98b37efd9de8ac0d81b4546a11725c75e4649830b35bab3f963d
2026-07-24,ok,24,21,3,0,245086,2026-07-24T00:00:00.021000+00:00,2026-07-24T20:59:01.103000+00:00,0,,981321,febbbd7964e46048a9fb57e8dad71d947e0a70c1f9af1001ef679f07476af438
2026-07-25,no_data,24,0,24,0,0,,,0,,0,e3b0c44298fc1c149afbf4c8996fb92427ae41e4649b934ca495991b7852b855
2026-07-26,ok,24,2,22,0,7943,2026-07-26T22:00:04.075000+00:00,2026-07-26T23:59:57.055000+00:00,0,,36352,910354f3edf0a7fcb224c31f6681817db1720a5b53d8b1467b09ecf9a179bdeb
2026-07-27,ok,24,23,1,0,208501,2026-07-27T00:00:00.110000+00:00,2026-07-27T23:59:59.826000+00:00,0,,857922,62b97e498f38e7b73f9fc4a41e21149b53afb59834acb558051b8be99e7c52c9
2026-07-28,ok,24,23,1,0,161823,2026-07-28T00:00:00.077000+00:00,2026-07-28T23:59:59.092000+00:00,1,,708624,3311ce858986e95143d7335e981611c04b844818f373fa37f6229e6622497f03
2026-07-29,ok,24,23,1,0,253211,2026-07-29T00:00:00.096000+00:00,2026-07-29T23:59:59.906000+00:00,0,,1070474,508aaa897e74494a09cb86c8b858fa47590ea0bc8dfe3e1052d5cb7388f0d056
2026-07-30,ok,24,23,1,0,285783,2026-07-30T00:00:00.106000+00:00,2026-07-30T23:59:59.679000+00:00,0,,1205632,ae9694067f2ea0a61e193d2ec112a62e9d9d5424d4f3b12f139523c367d1cbcd
2026-07-31,ok,24,21,3,0,221525,2026-07-31T00:00:00.131000+00:00,2026-07-31T20:59:02.882000+00:00,0,,925459,4bfb052eb9f2f16a604a3ab1824b836d191227978e210abff2d705ec1325948a
2026-08-01,no_data,24,0,24,0,0,,,0,,0,e3b0c44298fc1c149afbf4c8996fb92427ae41e4649b934ca495991b7852b855
2026-08-02,ok,24,2,22,0,9651,2026-08-02T22:00:01.623000+00:00,2026-08-02T23:59:59.713000+00:00,0,,43688,3219cd21779eb8e2fde82d43cdcfa1351c4f2c65cc91fc3fb6f6efeb55718215
2026-08-03,ok,24,23,1,0,204368,2026-08-03T00:00:00.064000+00:00,2026-08-03T23:59:59.437000+00:00,0,,869016,e700925eba63d845436f43206623dafd26e67e404da4c6d0c20aa61ce8275309
2026-08-04,ok,24,23,1,0,216802,2026-08-04T00:00:00.089000+00:00,2026-08-04T23:59:59.423000+00:00,0,,932367,4e8b750e6e4d9d7b2c086b8b65dd3d5a94b2f8b0c51c75c0db1286ea88c90079
2026-08-05,ok,24,23,1,0,239332,2026-08-05T00:00:00.127000+00:00,2026-08-05T23:59:59.656000+00:00,0,,1029774,fa26ff5a7049a9d0b9c40526b8ca90ddc8764ae951221e4950fdb4b7680d547a
2026-08-06,ok,24,23,1,0,254985,2026-08-06T00:00:00.007000+00:00,2026-08-06T23:59:57.262000+00:00,0,,1101664,c744f57212a7cd3f1c01a0c077bc8957989266a6df2c8a163a27384bfe16522b
2026-08-07,ok,24,21,3,0,258234,2026-08-07T00:00:00.071000+00:00,2026-08-07T20:59:49.302000+00:00,0,,1108668,559de37b5cdbdf6aab606ef4fb39d46ada8405e4daa38e1105335430586cc281
2026-08-08,no_data,24,0,24,0,0,,,0,,0,e3b0c44298fc1c149afbf4c8996fb92427ae41e4649b934ca495991b7852b855
2026-08-09,ok,24,2,22,0,7186,2026-08-09T22:00:01.132000+00:00,2026-08-09T23:59:59.951000+00:00,0,,32937,ab7ff526c6f8d12568b61e6939af23b1615e089201b9362804dfe615cb6ee009
2026-08-10,ok,24,23,1,0,186734,2026-08-10T00:00:00.102000+00:00,2026-08-10T23:59:59.774000+00:00,0,,809333,bd9c7f443bbbe28c5112d20fb45996a29bf07958f1a61f94e64f36f117d378c8
2026-08-11,ok,24,23,1,0,247837,2026-08-11T00:00:00.076000+00:00,2026-08-11T23:59:56.814000+00:00,0,,1061751,f33706009c8e6e3280faee709a654d4c62f43d4361eacd8aaa2aa1921951225d
2026-08-12,ok,24,23,1,0,232170,2026-08-12T00:00:00.071000+00:00,2026-08-12T23:59:59.578000+00:00,0,,988066,9c976242779bca23a8d858c8e0cc21db4d2ab9ed773e4b0cb8620ecddd3491d9
2026-08-13,ok,24,23,1,0,240208,2026-08-13T00:00:00.079000+00:00,2026-08-13T23:59:59.921000+00:00,0,,1018135,6570880253826b193a5959eee25bb069635bd03210f453709a892a1442be6999
2026-08-14,ok,24,21,3,0,203612,2026-08-14T00:00:00.123000+00:00,2026-08-14T20:59:01.732000+00:00,0,,859606,487e9d4e22ea2bd0a414e9b6b7af5846a642d4ad1dfc16981baa93ab4c34e663
2026-08-15,no_data,24,0,24,0,0,,,0,,0,e3b0c44298fc1c149afbf4c8996fb92427ae41e4649b934ca495991b7852b855
2026-08-16,ok,24,2,22,0,7609,2026-08-16T22:00:02.399000+00:00,2026-08-16T23:59:57.249000+00:00,0,,36059,bfbb0e12bc77a296020632251d82924e284fb5745cc32e47541a0e0deb7e6974
2026-08-17,ok,24,23,1,0,193820,2026-08-17T00:00:00.161000+00:00,2026-08-17T23:59:59.253000+00:00,0,,850983,4586b88eec5e6a5e1e4d1830b07548f905377090ec3f65f2042cef5af2881a48
2026-08-18,ok,24,23,1,0,239868,2026-08-18T00:00:00.106000+00:00,2026-08-18T23:59:59.720000+00:00,0,,1020907,6033aab6e676cb8765f55c8acadb7ee0e2e5b4fb67e43c954346126fd0a228fb
2026-08-19,ok,24,23,1,0,255579,2026-08-19T00:00:00.125000+00:00,2026-08-19T23:59:57.063000+00:00,0,,1094762,3c7500c641a0711efb4179efe7a4b4039f3bf194369a2966f8a37b3c5a54a10f
2026-08-20,ok,14,14,0,0,161413,2026-08-20T00:00:00.120000+00:00,2026-08-20T13:59:59.926000+00:00,0,,690387,f518ee081ea3eb35b07c9498e0619ba75313561ba1833fb2d64c14411768758c
