date,weekday,dst,year,month,ref,body,ref_minutes,body_minutes,n_bars,n_minutes
2024-08-20,Tue,AEST,2024,2024-08,False,True,0,5,168,840
2024-08-21,Wed,AEST,2024,2024-08,True,True,5,5,276,1380
2024-08-22,Thu,AEST,2024,2024-08,True,True,5,5,276,1380
2024-08-23,Fri,AEST,2024,2024-08,True,True,5,5,276,1380
2024-08-24,Sat,AEST,2024,2024-08,False,False,0,0,84,420
2024-08-26,Mon,AEST,2024,2024-08,True,True,5,5,192,960
2024-08-27,Tue,AEST,2024,2024-08,True,True,5,5,276,1380
2024-08-28,Wed,AEST,2024,2024-08,True,True,5,5,276,1380
2024-08-29,Thu,AEST,2024,2024-08,True,True,5,5,276,1380
2024-08-30,Fri,AEST,2024,2024-08,True,True,5,5,276,1380
2024-08-31,Sat,AEST,2024,2024-08,False,False,0,0,84,420
2024-09-02,Mon,AEST,2024,2024-09,True,True,5,5,192,960
2024-09-03,Tue,AEST,2024,2024-09,True,True,5,5,246,1227
2024-09-04,Wed,AEST,2024,2024-09,True,True,5,5,276,1380
2024-09-05,Thu,AEST,2024,2024-09,True,True,5,5,276,1380
2024-09-06,Fri,AEST,2024,2024-09,True,True,5,5,276,1380
2024-09-07,Sat,AEST,2024,2024-09,False,False,0,0,84,420
2024-09-09,Mon,AEST,2024,2024-09,True,True,5,5,192,960
2024-09-10,Tue,AEST,2024,2024-09,True,True,5,5,276,1379
2024-09-11,Wed,AEST,2024,2024-09,True,True,5,5,276,1380
2024-09-12,Thu,AEST,2024,2024-09,True,True,5,5,276,1380
2024-09-13,Fri,AEST,2024,2024-09,True,True,5,5,276,1380
2024-09-14,Sat,AEST,2024,2024-09,False,False,0,0,84,420
2024-09-16,Mon,AEST,2024,2024-09,True,True,5,5,192,960
2024-09-17,Tue,AEST,2024,2024-09,True,True,5,5,276,1380
2024-09-18,Wed,AEST,2024,2024-09,True,True,5,5,276,1380
2024-09-19,Thu,AEST,2024,2024-09,True,True,5,5,276,1380
2024-09-20,Fri,AEST,2024,2024-09,True,True,5,5,276,1380
2024-09-21,Sat,AEST,2024,2024-09,False,False,0,0,84,420
2024-09-23,Mon,AEST,2024,2024-09,True,True,5,5,192,960
2024-09-24,Tue,AEST,2024,2024-09,True,True,5,5,276,1379
2024-09-25,Wed,AEST,2024,2024-09,True,True,5,5,276,1380
2024-09-26,Thu,AEST,2024,2024-09,True,True,5,5,276,1380
2024-09-27,Fri,AEST,2024,2024-09,True,True,5,5,276,1380
2024-09-28,Sat,AEST,2024,2024-09,False,False,0,0,84,420
2024-09-30,Mon,AEST,2024,2024-09,True,True,5,5,192,960
2024-10-01,Tue,AEST,2024,2024-10,True,True,5,5,276,1380
2024-10-02,Wed,AEST,2024,2024-10,True,True,5,5,276,1380
2024-10-03,Thu,AEST,2024,2024-10,True,True,5,5,276,1380
2024-10-04,Fri,AEST,2024,2024-10,True,True,5,5,276,1380
2024-10-05,Sat,AEST,2024,2024-10,False,False,0,0,84,420
2024-10-07,Mon,AEDT,2024,2024-10,True,True,5,5,180,900
2024-10-08,Tue,AEDT,2024,2024-10,True,True,5,5,276,1380
2024-10-09,Wed,AEDT,2024,2024-10,True,True,4,5,276,1379
2024-10-10,Thu,AEDT,2024,2024-10,True,True,5,5,264,1315
2024-10-11,Fri,AEDT,2024,2024-10,True,True,5,5,276,1380
2024-10-12,Sat,AEDT,2024,2024-10,False,False,0,0,96,480
2024-10-14,Mon,AEDT,2024,2024-10,True,True,5,5,180,900
2024-10-15,Tue,AEDT,2024,2024-10,True,True,5,5,276,1379
2024-10-16,Wed,AEDT,2024,2024-10,True,True,5,5,276,1379
2024-10-17,Thu,AEDT,2024,2024-10,True,True,5,5,276,1380
2024-10-18,Fri,AEDT,2024,2024-10,True,True,5,5,276,1380
2024-10-19,Sat,AEDT,2024,2024-10,False,False,0,0,96,480
2024-10-21,Mon,AEDT,2024,2024-10,True,True,5,5,180,900
2024-10-22,Tue,AEDT,2024,2024-10,True,True,5,5,276,1380
2024-10-23,Wed,AEDT,2024,2024-10,True,True,5,5,276,1379
2024-10-24,Thu,AEDT,2024,2024-10,True,True,5,5,276,1380
2024-10-25,Fri,AEDT,2024,2024-10,True,True,5,5,276,1380
2024-10-26,Sat,AEDT,2024,2024-10,False,False,0,0,96,480
2024-10-28,Mon,AEDT,2024,2024-10,True,True,5,5,180,900
2024-10-29,Tue,AEDT,2024,2024-10,True,True,5,5,276,1380
2024-10-30,Wed,AEDT,2024,2024-10,True,True,5,5,276,1380
2024-10-31,Thu,AEDT,2024,2024-10,True,True,5,5,276,1380
2024-11-01,Fri,AEDT,2024,2024-11,True,True,5,5,276,1380
2024-11-02,Sat,AEDT,2024,2024-11,False,False,0,0,96,480
2024-11-04,Mon,AEDT,2024,2024-11,False,True,0,5,168,840
2024-11-05,Tue,AEDT,2024,2024-11,False,True,0,5,276,1380
2024-11-06,Wed,AEDT,2024,2024-11,False,True,0,5,276,1380
2024-11-07,Thu,AEDT,2024,2024-11,False,True,0,5,276,1380
2024-11-08,Fri,AEDT,2024,2024-11,False,True,0,5,276,1380
2024-11-09,Sat,AEDT,2024,2024-11,False,False,0,0,108,540
2024-11-11,Mon,AEDT,2024,2024-11,False,True,0,5,168,840
2024-11-12,Tue,AEDT,2024,2024-11,False,True,0,5,276,1380
2024-11-13,Wed,AEDT,2024,2024-11,False,True,0,5,276,1380
2024-11-14,Thu,AEDT,2024,2024-11,False,True,0,5,276,1380
2024-11-15,Fri,AEDT,2024,2024-11,False,True,0,5,276,1380
2024-11-16,Sat,AEDT,2024,2024-11,False,False,0,0,108,540
2024-11-18,Mon,AEDT,2024,2024-11,False,True,0,5,168,840
2024-11-19,Tue,AEDT,2024,2024-11,False,True,0,5,276,1380
2024-11-20,Wed,AEDT,2024,2024-11,False,True,0,5,276,1380
2024-11-21,Thu,AEDT,2024,2024-11,False,True,0,5,276,1380
2024-11-22,Fri,AEDT,2024,2024-11,False,True,0,5,275,1371
2024-11-23,Sat,AEDT,2024,2024-11,False,False,0,0,108,540
2024-11-25,Mon,AEDT,2024,2024-11,False,True,0,5,168,840
2024-11-26,Tue,AEDT,2024,2024-11,False,True,0,5,276,1380
2024-11-27,Wed,AEDT,2024,2024-11,False,True,0,4,276,1379
2024-11-28,Thu,AEDT,2024,2024-11,False,True,0,5,276,1380
2024-11-29,Fri,AEDT,2024,2024-11,False,True,0,5,246,1229
2024-11-30,Sat,AEDT,2024,2024-11,False,False,0,0,81,404
2024-12-02,Mon,AEDT,2024,2024-12,False,True,0,5,168,840
2024-12-03,Tue,AEDT,2024,2024-12,False,True,0,5,276,1380
2024-12-04,Wed,AEDT,2024,2024-12,False,True,0,5,276,1380
2024-12-05,Thu,AEDT,2024,2024-12,False,True,0,5,276,1380
2024-12-06,Fri,AEDT,2024,2024-12,False,True,0,5,276,1380
2024-12-07,Sat,AEDT,2024,2024-12,False,False,0,0,108,540
2024-12-09,Mon,AEDT,2024,2024-12,False,True,0,5,168,840
2024-12-10,Tue,AEDT,2024,2024-12,False,True,0,5,276,1380
2024-12-11,Wed,AEDT,2024,2024-12,False,True,0,5,276,1380
2024-12-12,Thu,AEDT,2024,2024-12,False,True,0,3,276,1376
2024-12-13,Fri,AEDT,2024,2024-12,False,True,0,5,276,1380
2024-12-14,Sat,AEDT,2024,2024-12,False,False,0,0,108,540
2024-12-16,Mon,AEDT,2024,2024-12,False,True,0,5,168,840
2024-12-17,Tue,AEDT,2024,2024-12,False,True,0,5,276,1380
2024-12-18,Wed,AEDT,2024,2024-12,False,True,0,5,256,1274
2024-12-19,Thu,AEDT,2024,2024-12,False,True,0,5,276,1380
2024-12-20,Fri,AEDT,2024,2024-12,False,True,0,5,276,1380
2024-12-21,Sat,AEDT,2024,2024-12,False,False,0,0,108,540
2024-12-23,Mon,AEDT,2024,2024-12,False,True,0,4,168,839
2024-12-24,Tue,AEDT,2024,2024-12,False,True,0,5,276,1380
2024-12-25,Wed,AEDT,2024,2024-12,False,False,0,0,69,344
2024-12-26,Thu,AEDT,2024,2024-12,False,True,0,5,168,840
2024-12-27,Fri,AEDT,2024,2024-12,False,False,0,0,275,1375
2024-12-28,Sat,AEDT,2024,2024-12,False,False,0,0,108,540
2024-12-30,Mon,AEDT,2024,2024-12,False,True,0,5,168,840
2024-12-31,Tue,AEDT,2024,2024-12,False,True,0,5,276,1380
2025-01-01,Wed,AEDT,2025,2025-01,False,False,0,0,108,539
2025-01-02,Thu,AEDT,2025,2025-01,False,True,0,5,168,840
2025-01-03,Fri,AEDT,2025,2025-01,False,True,0,5,276,1380
2025-01-04,Sat,AEDT,2025,2025-01,False,False,0,0,108,540
2025-01-06,Mon,AEDT,2025,2025-01,False,True,0,5,168,840
2025-01-07,Tue,AEDT,2025,2025-01,False,True,0,5,276,1380
2025-01-08,Wed,AEDT,2025,2025-01,False,True,0,5,276,1380
2025-01-09,Thu,AEDT,2025,2025-01,False,True,0,5,276,1380
2025-01-10,Fri,AEDT,2025,2025-01,False,True,0,5,276,1380
2025-01-11,Sat,AEDT,2025,2025-01,False,False,0,0,108,540
2025-01-13,Mon,AEDT,2025,2025-01,False,True,0,4,168,839
2025-01-14,Tue,AEDT,2025,2025-01,False,True,0,5,276,1380
2025-01-15,Wed,AEDT,2025,2025-01,False,True,0,5,276,1380
2025-01-16,Thu,AEDT,2025,2025-01,False,True,0,2,276,1377
2025-01-17,Fri,AEDT,2025,2025-01,False,True,0,5,276,1380
2025-01-18,Sat,AEDT,2025,2025-01,False,False,0,0,108,540
2025-01-20,Mon,AEDT,2025,2025-01,False,False,0,0,167,835
2025-01-21,Tue,AEDT,2025,2025-01,False,True,0,5,246,1229
2025-01-22,Wed,AEDT,2025,2025-01,False,True,0,5,276,1380
2025-01-23,Thu,AEDT,2025,2025-01,False,True,0,5,276,1380
2025-01-24,Fri,AEDT,2025,2025-01,False,True,0,5,276,1380
2025-01-25,Sat,AEDT,2025,2025-01,False,False,0,0,108,540
2025-01-27,Mon,AEDT,2025,2025-01,False,True,0,5,168,840
2025-01-28,Tue,AEDT,2025,2025-01,False,True,0,5,276,1380
2025-01-29,Wed,AEDT,2025,2025-01,False,True,0,5,276,1380
2025-01-30,Thu,AEDT,2025,2025-01,False,True,0,5,276,1380
2025-01-31,Fri,AEDT,2025,2025-01,False,True,0,2,276,1377
2025-02-01,Sat,AEDT,2025,2025-02,False,False,0,0,108,540
2025-02-03,Mon,AEDT,2025,2025-02,False,True,0,2,168,837
2025-02-04,Tue,AEDT,2025,2025-02,False,True,0,3,276,1378
2025-02-05,Wed,AEDT,2025,2025-02,False,True,0,5,276,1380
2025-02-06,Thu,AEDT,2025,2025-02,False,True,0,5,276,1380
2025-02-07,Fri,AEDT,2025,2025-02,False,True,0,5,276,1380
2025-02-08,Sat,AEDT,2025,2025-02,False,False,0,0,108,540
2025-02-10,Mon,AEDT,2025,2025-02,False,True,0,5,168,840
2025-02-11,Tue,AEDT,2025,2025-02,False,True,0,5,276,1380
2025-02-12,Wed,AEDT,2025,2025-02,False,True,0,5,276,1380
2025-02-13,Thu,AEDT,2025,2025-02,False,True,0,5,276,1380
2025-02-14,Fri,AEDT,2025,2025-02,False,True,0,5,276,1380
2025-02-15,Sat,AEDT,2025,2025-02,False,False,0,0,108,540
2025-02-17,Mon,AEDT,2025,2025-02,False,True,0,5,168,840
2025-02-18,Tue,AEDT,2025,2025-02,False,True,0,4,246,1228
2025-02-19,Wed,AEDT,2025,2025-02,False,True,0,4,276,1379
2025-02-20,Thu,AEDT,2025,2025-02,False,True,0,5,276,1380
2025-02-21,Fri,AEDT,2025,2025-02,False,True,0,5,276,1380
2025-02-22,Sat,AEDT,2025,2025-02,False,False,0,0,108,540
2025-02-24,Mon,AEDT,2025,2025-02,False,True,0,5,168,840
2025-02-25,Tue,AEDT,2025,2025-02,False,True,0,5,276,1380
2025-02-26,Wed,AEDT,2025,2025-02,False,True,0,5,276,1380
2025-02-27,Thu,AEDT,2025,2025-02,False,True,0,5,276,1380
2025-02-28,Fri,AEDT,2025,2025-02,False,True,0,5,276,1380
2025-03-01,Sat,AEDT,2025,2025-03,False,False,0,0,108,540
2025-03-03,Mon,AEDT,2025,2025-03,False,True,0,5,168,840
2025-03-04,Tue,AEDT,2025,2025-03,False,True,0,5,276,1380
2025-03-05,Wed,AEDT,2025,2025-03,False,True,0,5,276,1380
2025-03-06,Thu,AEDT,2025,2025-03,False,True,0,4,276,1379
2025-03-07,Fri,AEDT,2025,2025-03,False,True,0,5,276,1380
2025-03-08,Sat,AEDT,2025,2025-03,False,False,0,0,108,540
2025-03-10,Mon,AEDT,2025,2025-03,True,True,5,5,180,900
2025-03-11,Tue,AEDT,2025,2025-03,True,True,5,5,276,1380
2025-03-12,Wed,AEDT,2025,2025-03,True,True,5,5,276,1380
2025-03-13,Thu,AEDT,2025,2025-03,True,True,5,5,276,1380
2025-03-14,Fri,AEDT,2025,2025-03,True,True,5,5,276,1380
2025-03-15,Sat,AEDT,2025,2025-03,False,False,0,0,96,480
2025-03-17,Mon,AEDT,2025,2025-03,True,True,5,5,180,900
2025-03-18,Tue,AEDT,2025,2025-03,True,True,5,5,276,1379
2025-03-19,Wed,AEDT,2025,2025-03,True,True,5,5,276,1380
2025-03-20,Thu,AEDT,2025,2025-03,True,True,5,5,276,1380
2025-03-21,Fri,AEDT,2025,2025-03,True,True,5,5,276,1380
2025-03-22,Sat,AEDT,2025,2025-03,False,False,0,0,96,480
2025-03-24,Mon,AEDT,2025,2025-03,True,True,5,5,180,900
2025-03-25,Tue,AEDT,2025,2025-03,True,True,5,5,276,1380
2025-03-26,Wed,AEDT,2025,2025-03,True,True,5,5,276,1380
2025-03-27,Thu,AEDT,2025,2025-03,True,True,5,5,276,1380
2025-03-28,Fri,AEDT,2025,2025-03,True,True,5,5,276,1380
2025-03-29,Sat,AEDT,2025,2025-03,False,False,0,0,96,480
2025-03-31,Mon,AEDT,2025,2025-03,True,True,5,5,180,900
2025-04-01,Tue,AEDT,2025,2025-04,True,True,5,5,276,1380
2025-04-02,Wed,AEDT,2025,2025-04,True,True,5,5,276,1380
2025-04-03,Thu,AEDT,2025,2025-04,True,True,5,5,276,1378
2025-04-04,Fri,AEDT,2025,2025-04,True,True,5,5,276,1380
2025-04-05,Sat,AEDT,2025,2025-04,False,False,0,0,96,480
2025-04-07,Mon,AEST,2025,2025-04,True,True,5,5,192,956
2025-04-08,Tue,AEST,2025,2025-04,True,True,5,5,276,1380
2025-04-09,Wed,AEST,2025,2025-04,True,True,5,5,276,1380
2025-04-10,Thu,AEST,2025,2025-04,True,True,5,5,276,1380
2025-04-11,Fri,AEST,2025,2025-04,True,True,5,5,276,1380
2025-04-12,Sat,AEST,2025,2025-04,False,False,0,0,84,420
2025-04-14,Mon,AEST,2025,2025-04,True,True,5,5,192,960
2025-04-15,Tue,AEST,2025,2025-04,True,True,5,5,276,1380
2025-04-16,Wed,AEST,2025,2025-04,True,True,5,5,276,1380
2025-04-17,Thu,AEST,2025,2025-04,True,True,5,5,276,1376
2025-04-18,Fri,AEST,2025,2025-04,False,False,0,0,84,419
2025-04-21,Mon,AEST,2025,2025-04,True,True,5,5,192,960
2025-04-22,Tue,AEST,2025,2025-04,True,True,5,5,276,1380
2025-04-23,Wed,AEST,2025,2025-04,True,True,5,5,276,1380
2025-04-24,Thu,AEST,2025,2025-04,True,True,5,5,276,1380
2025-04-25,Fri,AEST,2025,2025-04,True,True,5,5,275,1366
2025-04-26,Sat,AEST,2025,2025-04,False,False,0,0,84,420
2025-04-28,Mon,AEST,2025,2025-04,True,True,5,5,192,960
2025-04-29,Tue,AEST,2025,2025-04,True,True,5,5,276,1380
2025-04-30,Wed,AEST,2025,2025-04,True,True,5,5,275,1375
2025-05-01,Thu,AEST,2025,2025-05,True,True,5,5,276,1380
2025-05-02,Fri,AEST,2025,2025-05,True,True,5,5,276,1380
2025-05-03,Sat,AEST,2025,2025-05,False,False,0,0,84,420
2025-05-05,Mon,AEST,2025,2025-05,True,True,5,5,192,960
2025-05-06,Tue,AEST,2025,2025-05,True,True,5,5,276,1380
2025-05-07,Wed,AEST,2025,2025-05,True,True,5,5,276,1380
2025-05-08,Thu,AEST,2025,2025-05,True,True,5,5,276,1380
2025-05-09,Fri,AEST,2025,2025-05,True,True,5,5,276,1380
2025-05-10,Sat,AEST,2025,2025-05,False,False,0,0,84,420
2025-05-12,Mon,AEST,2025,2025-05,True,True,5,5,192,958
2025-05-13,Tue,AEST,2025,2025-05,True,True,5,5,276,1380
2025-05-14,Wed,AEST,2025,2025-05,True,True,5,5,276,1380
2025-05-15,Thu,AEST,2025,2025-05,True,True,5,5,276,1380
2025-05-16,Fri,AEST,2025,2025-05,True,True,5,5,276,1380
2025-05-17,Sat,AEST,2025,2025-05,False,False,0,0,84,420
2025-05-19,Mon,AEST,2025,2025-05,True,True,5,5,192,960
2025-05-20,Tue,AEST,2025,2025-05,True,True,5,5,276,1380
2025-05-21,Wed,AEST,2025,2025-05,True,True,5,5,276,1380
2025-05-22,Thu,AEST,2025,2025-05,True,True,5,5,276,1380
2025-05-23,Fri,AEST,2025,2025-05,True,True,5,5,276,1380
2025-05-24,Sat,AEST,2025,2025-05,False,False,0,0,84,420
2025-05-26,Mon,AEST,2025,2025-05,True,True,5,5,192,960
2025-05-27,Tue,AEST,2025,2025-05,True,True,5,5,246,1229
2025-05-28,Wed,AEST,2025,2025-05,True,True,5,5,276,1380
2025-05-29,Thu,AEST,2025,2025-05,True,True,5,5,276,1380
2025-05-30,Fri,AEST,2025,2025-05,True,True,5,5,276,1380
2025-05-31,Sat,AEST,2025,2025-05,False,False,0,0,84,420
2025-06-02,Mon,AEST,2025,2025-06,True,True,5,5,192,960
2025-06-03,Tue,AEST,2025,2025-06,True,True,5,5,276,1380
2025-06-04,Wed,AEST,2025,2025-06,True,True,5,5,276,1380
2025-06-05,Thu,AEST,2025,2025-06,True,True,5,5,276,1380
2025-06-06,Fri,AEST,2025,2025-06,True,True,5,5,276,1380
2025-06-07,Sat,AEST,2025,2025-06,False,False,0,0,84,420
2025-06-09,Mon,AEST,2025,2025-06,True,True,5,5,192,960
2025-06-10,Tue,AEST,2025,2025-06,True,True,5,5,276,1380
2025-06-11,Wed,AEST,2025,2025-06,True,True,5,5,276,1380
2025-06-12,Thu,AEST,2025,2025-06,True,True,5,5,276,1380
2025-06-13,Fri,AEST,2025,2025-06,True,True,5,5,276,1380
2025-06-14,Sat,AEST,2025,2025-06,False,False,0,0,84,420
2025-06-16,Mon,AEST,2025,2025-06,True,True,5,5,192,960
2025-06-17,Tue,AEST,2025,2025-06,True,True,5,5,276,1380
2025-06-18,Wed,AEST,2025,2025-06,True,True,5,5,276,1380
2025-06-19,Thu,AEST,2025,2025-06,True,True,5,5,276,1380
2025-06-20,Fri,AEST,2025,2025-06,True,True,5,5,246,1229
2025-06-21,Sat,AEST,2025,2025-06,False,False,0,0,84,420
2025-06-23,Mon,AEST,2025,2025-06,True,True,5,5,192,960
2025-06-24,Tue,AEST,2025,2025-06,True,True,5,5,276,1380
2025-06-25,Wed,AEST,2025,2025-06,True,True,5,5,276,1380
2025-06-26,Thu,AEST,2025,2025-06,True,True,5,5,276,1380
2025-06-27,Fri,AEST,2025,2025-06,True,True,5,5,276,1380
2025-06-28,Sat,AEST,2025,2025-06,False,False,0,0,84,420
2025-06-30,Mon,AEST,2025,2025-06,True,True,5,5,192,960
2025-07-01,Tue,AEST,2025,2025-07,True,True,5,5,276,1380
2025-07-02,Wed,AEST,2025,2025-07,True,True,5,5,276,1379
2025-07-03,Thu,AEST,2025,2025-07,True,True,5,5,276,1380
2025-07-04,Fri,AEST,2025,2025-07,True,True,5,5,276,1379
2025-07-05,Sat,AEST,2025,2025-07,False,False,0,0,36,179
2025-07-07,Mon,AEST,2025,2025-07,True,True,5,5,192,960
2025-07-08,Tue,AEST,2025,2025-07,True,True,5,5,276,1380
2025-07-09,Wed,AEST,2025,2025-07,True,True,5,5,276,1380
2025-07-10,Thu,AEST,2025,2025-07,True,True,5,5,276,1380
2025-07-11,Fri,AEST,2025,2025-07,True,True,5,5,276,1380
2025-07-12,Sat,AEST,2025,2025-07,False,False,0,0,84,420
2025-07-14,Mon,AEST,2025,2025-07,True,True,5,5,192,960
2025-07-15,Tue,AEST,2025,2025-07,True,True,5,5,276,1380
2025-07-16,Wed,AEST,2025,2025-07,True,True,5,5,276,1380
2025-07-17,Thu,AEST,2025,2025-07,True,True,5,5,276,1380
2025-07-18,Fri,AEST,2025,2025-07,True,True,5,5,276,1380
2025-07-19,Sat,AEST,2025,2025-07,False,False,0,0,84,420
2025-07-21,Mon,AEST,2025,2025-07,True,True,5,5,192,960
2025-07-22,Tue,AEST,2025,2025-07,True,True,5,5,276,1380
2025-07-23,Wed,AEST,2025,2025-07,True,True,5,5,276,1380
2025-07-24,Thu,AEST,2025,2025-07,True,True,5,5,276,1380
2025-07-25,Fri,AEST,2025,2025-07,True,True,5,5,276,1380
2025-07-26,Sat,AEST,2025,2025-07,False,False,0,0,84,420
2025-07-28,Mon,AEST,2025,2025-07,True,True,5,5,192,960
2025-07-29,Tue,AEST,2025,2025-07,True,True,5,5,276,1380
2025-07-30,Wed,AEST,2025,2025-07,True,True,5,5,276,1380
2025-07-31,Thu,AEST,2025,2025-07,True,True,5,5,276,1380
2025-08-01,Fri,AEST,2025,2025-08,True,True,5,5,276,1380
2025-08-02,Sat,AEST,2025,2025-08,False,False,0,0,84,420
2025-08-04,Mon,AEST,2025,2025-08,True,True,5,5,192,960
2025-08-05,Tue,AEST,2025,2025-08,True,True,5,5,276,1380
2025-08-06,Wed,AEST,2025,2025-08,True,True,5,5,276,1380
2025-08-07,Thu,AEST,2025,2025-08,True,True,5,5,276,1380
2025-08-08,Fri,AEST,2025,2025-08,True,True,5,5,275,1373
2025-08-09,Sat,AEST,2025,2025-08,False,False,0,0,84,420
2025-08-11,Mon,AEST,2025,2025-08,True,True,5,5,192,960
2025-08-12,Tue,AEST,2025,2025-08,True,True,5,5,276,1380
2025-08-13,Wed,AEST,2025,2025-08,True,True,5,5,276,1380
2025-08-14,Thu,AEST,2025,2025-08,True,True,5,5,276,1380
2025-08-15,Fri,AEST,2025,2025-08,True,True,5,5,276,1380
2025-08-16,Sat,AEST,2025,2025-08,False,False,0,0,84,420
2025-08-18,Mon,AEST,2025,2025-08,True,True,5,5,192,960
2025-08-19,Tue,AEST,2025,2025-08,True,True,5,5,276,1380
2025-08-20,Wed,AEST,2025,2025-08,True,True,5,5,276,1380
2025-08-21,Thu,AEST,2025,2025-08,True,True,5,5,276,1380
2025-08-22,Fri,AEST,2025,2025-08,True,True,5,5,276,1380
2025-08-23,Sat,AEST,2025,2025-08,False,False,0,0,84,420
2025-08-25,Mon,AEST,2025,2025-08,True,True,5,5,192,959
2025-08-26,Tue,AEST,2025,2025-08,True,True,5,5,276,1379
2025-08-27,Wed,AEST,2025,2025-08,True,True,5,5,276,1380
2025-08-28,Thu,AEST,2025,2025-08,True,True,5,5,276,1380
2025-08-29,Fri,AEST,2025,2025-08,True,True,5,5,276,1378
2025-08-30,Sat,AEST,2025,2025-08,False,False,0,0,84,420
2025-09-01,Mon,AEST,2025,2025-09,True,True,5,5,192,960
2025-09-02,Tue,AEST,2025,2025-09,True,True,5,5,246,1229
2025-09-03,Wed,AEST,2025,2025-09,True,True,5,5,276,1380
2025-09-04,Thu,AEST,2025,2025-09,True,True,5,5,276,1380
2025-09-05,Fri,AEST,2025,2025-09,True,True,5,5,276,1380
2025-09-06,Sat,AEST,2025,2025-09,False,False,0,0,84,420
2025-09-08,Mon,AEST,2025,2025-09,True,True,5,5,192,960
2025-09-09,Tue,AEST,2025,2025-09,True,True,5,5,276,1380
2025-09-10,Wed,AEST,2025,2025-09,True,True,5,5,276,1380
2025-09-11,Thu,AEST,2025,2025-09,True,True,5,5,276,1380
2025-09-12,Fri,AEST,2025,2025-09,True,True,5,5,276,1380
2025-09-13,Sat,AEST,2025,2025-09,False,False,0,0,84,420
2025-09-15,Mon,AEST,2025,2025-09,True,True,5,5,192,960
2025-09-16,Tue,AEST,2025,2025-09,True,True,5,5,276,1380
2025-09-17,Wed,AEST,2025,2025-09,True,True,5,5,276,1380
2025-09-18,Thu,AEST,2025,2025-09,True,True,5,5,276,1380
2025-09-19,Fri,AEST,2025,2025-09,True,True,5,5,276,1380
2025-09-20,Sat,AEST,2025,2025-09,False,False,0,0,84,420
2025-09-22,Mon,AEST,2025,2025-09,True,True,5,5,192,960
2025-09-23,Tue,AEST,2025,2025-09,True,True,5,5,276,1380
2025-09-24,Wed,AEST,2025,2025-09,True,True,5,5,276,1380
2025-09-25,Thu,AEST,2025,2025-09,True,True,5,5,276,1380
2025-09-26,Fri,AEST,2025,2025-09,True,True,5,5,276,1380
2025-09-27,Sat,AEST,2025,2025-09,False,False,0,0,84,420
2025-09-29,Mon,AEST,2025,2025-09,True,True,5,5,192,960
2025-09-30,Tue,AEST,2025,2025-09,True,True,5,5,276,1380
2025-10-01,Wed,AEST,2025,2025-10,True,True,5,5,276,1380
2025-10-02,Thu,AEST,2025,2025-10,True,True,5,5,276,1380
2025-10-03,Fri,AEST,2025,2025-10,True,True,5,5,276,1380
2025-10-04,Sat,AEST,2025,2025-10,False,False,0,0,84,420
2025-10-06,Mon,AEDT,2025,2025-10,True,True,5,5,180,900
2025-10-07,Tue,AEDT,2025,2025-10,True,True,5,5,276,1380
2025-10-08,Wed,AEDT,2025,2025-10,True,True,5,5,276,1380
2025-10-09,Thu,AEDT,2025,2025-10,True,True,5,5,276,1380
2025-10-10,Fri,AEDT,2025,2025-10,True,True,5,5,276,1380
2025-10-11,Sat,AEDT,2025,2025-10,False,False,0,0,96,480
2025-10-13,Mon,AEDT,2025,2025-10,True,True,5,5,180,900
2025-10-14,Tue,AEDT,2025,2025-10,True,True,5,5,276,1380
2025-10-15,Wed,AEDT,2025,2025-10,True,True,5,5,276,1380
2025-10-16,Thu,AEDT,2025,2025-10,True,True,5,5,276,1380
2025-10-17,Fri,AEDT,2025,2025-10,True,True,5,5,276,1380
2025-10-18,Sat,AEDT,2025,2025-10,False,False,0,0,96,480
2025-10-20,Mon,AEDT,2025,2025-10,True,True,5,5,180,900
2025-10-21,Tue,AEDT,2025,2025-10,True,True,5,5,276,1380
2025-10-22,Wed,AEDT,2025,2025-10,True,True,5,5,276,1380
2025-10-23,Thu,AEDT,2025,2025-10,True,True,5,5,276,1380
2025-10-24,Fri,AEDT,2025,2025-10,True,True,5,5,276,1380
2025-10-25,Sat,AEDT,2025,2025-10,False,False,0,0,96,480
2025-10-27,Mon,AEDT,2025,2025-10,True,True,5,5,180,900
2025-10-28,Tue,AEDT,2025,2025-10,True,True,5,5,276,1380
2025-10-29,Wed,AEDT,2025,2025-10,True,True,5,5,276,1380
2025-10-30,Thu,AEDT,2025,2025-10,True,True,5,5,276,1380
2025-10-31,Fri,AEDT,2025,2025-10,True,True,5,5,276,1380
2025-11-01,Sat,AEDT,2025,2025-11,False,False,0,0,96,480
2025-11-03,Mon,AEDT,2025,2025-11,False,True,0,5,168,840
2025-11-04,Tue,AEDT,2025,2025-11,False,True,0,5,276,1380
2025-11-05,Wed,AEDT,2025,2025-11,False,True,0,5,276,1380
2025-11-06,Thu,AEDT,2025,2025-11,False,True,0,5,276,1380
2025-11-07,Fri,AEDT,2025,2025-11,False,True,0,5,276,1380
2025-11-08,Sat,AEDT,2025,2025-11,False,False,0,0,108,540
2025-11-10,Mon,AEDT,2025,2025-11,False,True,0,5,168,840
2025-11-11,Tue,AEDT,2025,2025-11,False,True,0,5,276,1380
2025-11-12,Wed,AEDT,2025,2025-11,False,True,0,5,276,1380
2025-11-13,Thu,AEDT,2025,2025-11,False,True,0,5,276,1380
2025-11-14,Fri,AEDT,2025,2025-11,False,True,0,5,276,1380
2025-11-15,Sat,AEDT,2025,2025-11,False,False,0,0,108,540
2025-11-17,Mon,AEDT,2025,2025-11,False,True,0,5,168,840
2025-11-18,Tue,AEDT,2025,2025-11,False,True,0,5,276,1380
2025-11-19,Wed,AEDT,2025,2025-11,False,True,0,5,276,1380
2025-11-20,Thu,AEDT,2025,2025-11,False,True,0,5,276,1380
2025-11-21,Fri,AEDT,2025,2025-11,False,True,0,5,276,1380
2025-11-22,Sat,AEDT,2025,2025-11,False,False,0,0,108,540
2025-11-24,Mon,AEDT,2025,2025-11,False,True,0,5,168,840
2025-11-25,Tue,AEDT,2025,2025-11,False,True,0,5,276,1380
2025-11-26,Wed,AEDT,2025,2025-11,False,True,0,5,276,1380
2025-11-27,Thu,AEDT,2025,2025-11,False,True,0,5,276,1380
2025-11-28,Fri,AEDT,2025,2025-11,False,True,0,5,245,1214
2025-11-29,Sat,AEDT,2025,2025-11,False,False,0,0,81,404
2025-12-01,Mon,AEDT,2025,2025-12,False,True,0,5,168,839
2025-12-02,Tue,AEDT,2025,2025-12,False,True,0,5,276,1380
2025-12-03,Wed,AEDT,2025,2025-12,False,True,0,5,276,1380
2025-12-04,Thu,AEDT,2025,2025-12,False,True,0,5,276,1380
2025-12-05,Fri,AEDT,2025,2025-12,False,True,0,5,276,1380
2025-12-06,Sat,AEDT,2025,2025-12,False,False,0,0,108,540
2025-12-08,Mon,AEDT,2025,2025-12,False,True,0,2,165,808
2025-12-09,Tue,AEDT,2025,2025-12,False,True,0,5,276,1380
2025-12-10,Wed,AEDT,2025,2025-12,False,True,0,5,276,1380
2025-12-11,Thu,AEDT,2025,2025-12,False,True,0,5,276,1380
2025-12-12,Fri,AEDT,2025,2025-12,False,True,0,5,276,1380
2025-12-13,Sat,AEDT,2025,2025-12,False,False,0,0,108,540
2025-12-15,Mon,AEDT,2025,2025-12,False,True,0,5,168,840
2025-12-16,Tue,AEDT,2025,2025-12,False,True,0,5,276,1380
2025-12-17,Wed,AEDT,2025,2025-12,False,True,0,5,276,1380
2025-12-18,Thu,AEDT,2025,2025-12,False,True,0,4,276,1379
2025-12-19,Fri,AEDT,2025,2025-12,False,True,0,5,276,1380
2025-12-20,Sat,AEDT,2025,2025-12,False,False,0,0,108,540
2025-12-22,Mon,AEDT,2025,2025-12,False,True,0,5,168,840
2025-12-23,Tue,AEDT,2025,2025-12,False,True,0,5,276,1380
2025-12-24,Wed,AEDT,2025,2025-12,False,True,0,5,276,1380
2025-12-25,Thu,AEDT,2025,2025-12,False,False,0,0,69,344
2025-12-26,Fri,AEDT,2025,2025-12,False,True,0,1,168,836
2025-12-27,Sat,AEDT,2025,2025-12,False,False,0,0,108,540
2025-12-29,Mon,AEDT,2025,2025-12,False,True,0,5,168,840
2025-12-30,Tue,AEDT,2025,2025-12,False,True,0,5,276,1380
2025-12-31,Wed,AEDT,2025,2025-12,False,True,0,5,276,1380
2026-01-01,Thu,AEDT,2026,2026-01,False,False,0,0,108,539
2026-01-02,Fri,AEDT,2026,2026-01,False,True,0,5,168,840
2026-01-03,Sat,AEDT,2026,2026-01,False,False,0,0,108,540
2026-01-05,Mon,AEDT,2026,2026-01,False,True,0,5,168,840
2026-01-06,Tue,AEDT,2026,2026-01,False,True,0,5,276,1380
2026-01-07,Wed,AEDT,2026,2026-01,False,True,0,5,276,1380
2026-01-08,Thu,AEDT,2026,2026-01,False,True,0,5,276,1380
2026-01-09,Fri,AEDT,2026,2026-01,False,True,0,5,276,1380
2026-01-10,Sat,AEDT,2026,2026-01,False,False,0,0,108,540
2026-01-12,Mon,AEDT,2026,2026-01,False,True,0,5,168,840
2026-01-13,Tue,AEDT,2026,2026-01,False,True,0,5,276,1380
2026-01-14,Wed,AEDT,2026,2026-01,False,True,0,5,276,1380
2026-01-15,Thu,AEDT,2026,2026-01,False,True,0,5,276,1380
2026-01-16,Fri,AEDT,2026,2026-01,False,True,0,5,276,1380
2026-01-17,Sat,AEDT,2026,2026-01,False,False,0,0,108,540
2026-01-19,Mon,AEDT,2026,2026-01,False,True,0,5,168,840
2026-01-20,Tue,AEDT,2026,2026-01,False,True,0,5,246,1229
2026-01-21,Wed,AEDT,2026,2026-01,False,True,0,5,276,1379
2026-01-22,Thu,AEDT,2026,2026-01,False,True,0,5,276,1380
2026-01-23,Fri,AEDT,2026,2026-01,False,True,0,5,276,1380
2026-01-24,Sat,AEDT,2026,2026-01,False,False,0,0,108,540
2026-01-26,Mon,AEDT,2026,2026-01,False,True,0,5,168,840
2026-01-27,Tue,AEDT,2026,2026-01,False,True,0,5,276,1380
2026-01-28,Wed,AEDT,2026,2026-01,False,True,0,5,276,1380
2026-01-29,Thu,AEDT,2026,2026-01,False,True,0,5,276,1380
2026-01-30,Fri,AEDT,2026,2026-01,False,True,0,5,276,1380
2026-01-31,Sat,AEDT,2026,2026-01,False,False,0,0,108,540
2026-02-02,Mon,AEDT,2026,2026-02,False,False,0,0,167,831
2026-02-03,Tue,AEDT,2026,2026-02,False,True,0,5,276,1380
2026-02-04,Wed,AEDT,2026,2026-02,False,True,0,5,276,1380
2026-02-05,Thu,AEDT,2026,2026-02,False,True,0,5,276,1380
2026-02-06,Fri,AEDT,2026,2026-02,False,True,0,5,276,1380
2026-02-07,Sat,AEDT,2026,2026-02,False,False,0,0,108,540
2026-02-09,Mon,AEDT,2026,2026-02,False,True,0,5,168,840
2026-02-10,Tue,AEDT,2026,2026-02,False,True,0,5,276,1380
2026-02-11,Wed,AEDT,2026,2026-02,False,True,0,5,276,1380
2026-02-12,Thu,AEDT,2026,2026-02,False,True,0,5,276,1380
2026-02-13,Fri,AEDT,2026,2026-02,False,True,0,2,276,1373
2026-02-14,Sat,AEDT,2026,2026-02,False,False,0,0,108,540
2026-02-16,Mon,AEDT,2026,2026-02,False,True,0,5,168,840
2026-02-17,Tue,AEDT,2026,2026-02,False,True,0,5,246,1229
2026-02-18,Wed,AEDT,2026,2026-02,False,True,0,3,276,1378
2026-02-19,Thu,AEDT,2026,2026-02,False,True,0,5,276,1380
2026-02-20,Fri,AEDT,2026,2026-02,False,True,0,5,276,1380
2026-02-21,Sat,AEDT,2026,2026-02,False,False,0,0,108,540
2026-02-23,Mon,AEDT,2026,2026-02,False,True,0,5,168,840
2026-02-24,Tue,AEDT,2026,2026-02,False,True,0,5,276,1380
2026-02-25,Wed,AEDT,2026,2026-02,False,True,0,4,276,1379
2026-02-26,Thu,AEDT,2026,2026-02,False,True,0,5,276,1380
2026-02-27,Fri,AEDT,2026,2026-02,False,True,0,5,276,1380
2026-02-28,Sat,AEDT,2026,2026-02,False,False,0,0,108,540
2026-03-02,Mon,AEDT,2026,2026-03,False,True,0,4,168,839
2026-03-03,Tue,AEDT,2026,2026-03,False,True,0,5,276,1380
2026-03-04,Wed,AEDT,2026,2026-03,False,True,0,5,276,1380
2026-03-05,Thu,AEDT,2026,2026-03,False,True,0,5,276,1380
2026-03-06,Fri,AEDT,2026,2026-03,False,True,0,3,276,1378
2026-03-07,Sat,AEDT,2026,2026-03,False,False,0,0,108,540
2026-03-09,Mon,AEDT,2026,2026-03,True,True,5,5,180,900
2026-03-10,Tue,AEDT,2026,2026-03,True,True,5,5,276,1380
2026-03-11,Wed,AEDT,2026,2026-03,True,True,5,5,276,1379
2026-03-12,Thu,AEDT,2026,2026-03,True,True,5,5,276,1380
2026-03-13,Fri,AEDT,2026,2026-03,True,True,5,5,276,1380
2026-03-14,Sat,AEDT,2026,2026-03,False,False,0,0,96,480
2026-03-16,Mon,AEDT,2026,2026-03,True,True,5,5,180,900
2026-03-17,Tue,AEDT,2026,2026-03,True,True,5,5,276,1380
2026-03-18,Wed,AEDT,2026,2026-03,True,True,5,5,276,1380
2026-03-19,Thu,AEDT,2026,2026-03,True,True,5,5,276,1380
2026-03-20,Fri,AEDT,2026,2026-03,True,True,5,5,276,1380
2026-03-21,Sat,AEDT,2026,2026-03,False,False,0,0,96,480
2026-03-23,Mon,AEDT,2026,2026-03,True,True,5,5,180,900
2026-03-24,Tue,AEDT,2026,2026-03,True,True,5,5,276,1379
2026-03-25,Wed,AEDT,2026,2026-03,True,True,5,5,276,1377
2026-03-26,Thu,AEDT,2026,2026-03,True,True,5,5,276,1380
2026-03-27,Fri,AEDT,2026,2026-03,True,True,5,5,276,1380
2026-03-28,Sat,AEDT,2026,2026-03,False,False,0,0,96,480
2026-03-30,Mon,AEDT,2026,2026-03,True,True,5,5,180,900
2026-03-31,Tue,AEDT,2026,2026-03,True,True,5,5,276,1380
2026-04-01,Wed,AEDT,2026,2026-04,True,True,5,5,276,1380
2026-04-02,Thu,AEDT,2026,2026-04,True,True,5,5,276,1378
2026-04-03,Fri,AEDT,2026,2026-04,False,False,0,0,96,479
2026-04-06,Mon,AEST,2026,2026-04,True,True,5,5,192,960
2026-04-07,Tue,AEST,2026,2026-04,True,True,5,5,276,1380
2026-04-08,Wed,AEST,2026,2026-04,True,True,5,5,276,1380
2026-04-09,Thu,AEST,2026,2026-04,True,True,5,5,276,1380
2026-04-10,Fri,AEST,2026,2026-04,True,True,5,5,276,1380
2026-04-11,Sat,AEST,2026,2026-04,False,False,0,0,84,420
2026-04-13,Mon,AEST,2026,2026-04,True,True,5,5,192,960
2026-04-14,Tue,AEST,2026,2026-04,True,True,5,5,276,1380
2026-04-15,Wed,AEST,2026,2026-04,True,True,5,5,276,1380
2026-04-16,Thu,AEST,2026,2026-04,True,True,5,5,276,1380
2026-04-17,Fri,AEST,2026,2026-04,True,True,5,5,276,1380
2026-04-18,Sat,AEST,2026,2026-04,False,False,0,0,84,420
2026-04-20,Mon,AEST,2026,2026-04,True,True,5,5,192,960
2026-04-21,Tue,AEST,2026,2026-04,True,True,5,5,276,1380
2026-04-22,Wed,AEST,2026,2026-04,True,True,5,5,276,1380
2026-04-23,Thu,AEST,2026,2026-04,True,True,5,5,276,1380
2026-04-24,Fri,AEST,2026,2026-04,True,True,5,5,276,1380
2026-04-25,Sat,AEST,2026,2026-04,False,False,0,0,84,420
2026-04-27,Mon,AEST,2026,2026-04,True,True,5,5,192,960
2026-04-28,Tue,AEST,2026,2026-04,True,True,5,5,276,1380
2026-04-29,Wed,AEST,2026,2026-04,True,True,5,5,276,1380
2026-04-30,Thu,AEST,2026,2026-04,True,True,5,5,276,1380
2026-05-01,Fri,AEST,2026,2026-05,True,True,5,5,276,1380
2026-05-02,Sat,AEST,2026,2026-05,False,False,0,0,84,420
2026-05-04,Mon,AEST,2026,2026-05,True,True,5,5,192,960
2026-05-05,Tue,AEST,2026,2026-05,True,True,5,5,276,1380
2026-05-06,Wed,AEST,2026,2026-05,True,True,5,5,276,1380
2026-05-07,Thu,AEST,2026,2026-05,True,True,5,5,276,1380
2026-05-08,Fri,AEST,2026,2026-05,True,True,5,5,276,1380
2026-05-09,Sat,AEST,2026,2026-05,False,False,0,0,84,420
2026-05-11,Mon,AEST,2026,2026-05,True,True,5,5,192,960
2026-05-12,Tue,AEST,2026,2026-05,True,True,5,5,276,1380
2026-05-13,Wed,AEST,2026,2026-05,True,True,5,5,276,1380
2026-05-14,Thu,AEST,2026,2026-05,True,True,5,5,276,1380
2026-05-15,Fri,AEST,2026,2026-05,True,True,5,5,276,1380
2026-05-16,Sat,AEST,2026,2026-05,False,False,0,0,84,420
2026-05-18,Mon,AEST,2026,2026-05,True,True,5,5,192,960
2026-05-19,Tue,AEST,2026,2026-05,True,True,5,5,276,1380
2026-05-20,Wed,AEST,2026,2026-05,True,True,5,5,276,1380
2026-05-21,Thu,AEST,2026,2026-05,True,True,5,5,276,1380
2026-05-22,Fri,AEST,2026,2026-05,True,True,5,5,276,1380
2026-05-23,Sat,AEST,2026,2026-05,False,False,0,0,84,420
2026-05-25,Mon,AEST,2026,2026-05,True,True,5,5,192,960
2026-05-26,Tue,AEST,2026,2026-05,True,True,5,5,246,1229
2026-05-27,Wed,AEST,2026,2026-05,True,True,5,5,276,1378
2026-05-28,Thu,AEST,2026,2026-05,True,True,5,5,276,1380
2026-05-29,Fri,AEST,2026,2026-05,True,True,5,5,276,1380
2026-05-30,Sat,AEST,2026,2026-05,False,False,0,0,84,420
2026-06-01,Mon,AEST,2026,2026-06,True,True,5,5,192,960
2026-06-02,Tue,AEST,2026,2026-06,True,True,5,5,276,1380
2026-06-03,Wed,AEST,2026,2026-06,True,True,5,5,276,1380
2026-06-04,Thu,AEST,2026,2026-06,True,True,5,5,276,1380
2026-06-05,Fri,AEST,2026,2026-06,True,True,5,5,276,1380
2026-06-06,Sat,AEST,2026,2026-06,False,False,0,0,84,420
2026-06-08,Mon,AEST,2026,2026-06,True,True,5,5,192,960
2026-06-09,Tue,AEST,2026,2026-06,True,True,5,5,276,1380
2026-06-10,Wed,AEST,2026,2026-06,True,True,5,5,276,1380
2026-06-11,Thu,AEST,2026,2026-06,True,True,5,5,276,1380
2026-06-12,Fri,AEST,2026,2026-06,True,True,5,5,276,1380
2026-06-13,Sat,AEST,2026,2026-06,False,False,0,0,84,420
2026-06-15,Mon,AEST,2026,2026-06,True,True,5,5,192,960
2026-06-16,Tue,AEST,2026,2026-06,True,True,5,5,276,1380
2026-06-17,Wed,AEST,2026,2026-06,True,True,5,5,276,1380
2026-06-18,Thu,AEST,2026,2026-06,True,True,5,5,276,1380
2026-06-19,Fri,AEST,2026,2026-06,True,True,5,5,276,1380
2026-06-20,Sat,AEST,2026,2026-06,False,False,0,0,36,179
2026-06-22,Mon,AEST,2026,2026-06,True,True,5,5,192,960
2026-06-23,Tue,AEST,2026,2026-06,True,True,5,5,276,1380
2026-06-24,Wed,AEST,2026,2026-06,True,True,5,5,276,1380
2026-06-25,Thu,AEST,2026,2026-06,True,True,5,5,276,1380
2026-06-26,Fri,AEST,2026,2026-06,True,True,5,5,276,1380
2026-06-27,Sat,AEST,2026,2026-06,False,False,0,0,84,420
2026-06-29,Mon,AEST,2026,2026-06,True,True,5,5,192,960
2026-06-30,Tue,AEST,2026,2026-06,True,True,5,5,276,1380
2026-07-01,Wed,AEST,2026,2026-07,True,True,5,5,276,1380
2026-07-02,Thu,AEST,2026,2026-07,True,True,5,5,276,1380
2026-07-03,Fri,AEST,2026,2026-07,True,True,5,5,276,1380
2026-07-04,Sat,AEST,2026,2026-07,False,False,0,0,36,179
2026-07-06,Mon,AEST,2026,2026-07,True,True,5,5,192,960
2026-07-07,Tue,AEST,2026,2026-07,True,True,5,5,276,1380
2026-07-08,Wed,AEST,2026,2026-07,True,True,5,5,276,1380
2026-07-09,Thu,AEST,2026,2026-07,True,True,5,5,276,1380
2026-07-10,Fri,AEST,2026,2026-07,True,True,5,5,276,1380
2026-07-11,Sat,AEST,2026,2026-07,False,False,0,0,84,420
2026-07-13,Mon,AEST,2026,2026-07,True,True,5,5,192,960
2026-07-14,Tue,AEST,2026,2026-07,True,True,5,5,276,1380
2026-07-15,Wed,AEST,2026,2026-07,True,True,5,5,276,1380
2026-07-16,Thu,AEST,2026,2026-07,True,True,5,5,276,1380
2026-07-17,Fri,AEST,2026,2026-07,True,True,5,5,276,1380
2026-07-18,Sat,AEST,2026,2026-07,False,False,0,0,84,420
2026-07-20,Mon,AEST,2026,2026-07,True,True,5,5,192,960
2026-07-21,Tue,AEST,2026,2026-07,True,True,5,5,276,1380
2026-07-22,Wed,AEST,2026,2026-07,True,True,5,5,276,1380
2026-07-23,Thu,AEST,2026,2026-07,True,True,5,5,276,1380
2026-07-24,Fri,AEST,2026,2026-07,True,True,5,5,276,1380
2026-07-25,Sat,AEST,2026,2026-07,False,False,0,0,84,420
2026-07-27,Mon,AEST,2026,2026-07,True,True,5,5,192,960
2026-07-28,Tue,AEST,2026,2026-07,True,True,5,5,276,1380
2026-07-29,Wed,AEST,2026,2026-07,True,True,5,5,276,1380
2026-07-30,Thu,AEST,2026,2026-07,True,True,5,5,276,1380
2026-07-31,Fri,AEST,2026,2026-07,True,True,5,5,276,1380
2026-08-01,Sat,AEST,2026,2026-08,False,False,0,0,84,420
2026-08-03,Mon,AEST,2026,2026-08,True,True,5,5,192,960
2026-08-04,Tue,AEST,2026,2026-08,True,True,5,5,276,1380
2026-08-05,Wed,AEST,2026,2026-08,True,True,5,5,276,1380
2026-08-06,Thu,AEST,2026,2026-08,True,True,5,5,276,1380
2026-08-07,Fri,AEST,2026,2026-08,True,True,5,5,276,1380
2026-08-08,Sat,AEST,2026,2026-08,False,False,0,0,84,420
2026-08-10,Mon,AEST,2026,2026-08,True,True,5,5,192,960
2026-08-11,Tue,AEST,2026,2026-08,True,True,5,5,276,1380
2026-08-12,Wed,AEST,2026,2026-08,True,True,5,5,276,1380
2026-08-13,Thu,AEST,2026,2026-08,True,True,5,5,276,1380
2026-08-14,Fri,AEST,2026,2026-08,True,True,5,5,276,1380
2026-08-15,Sat,AEST,2026,2026-08,False,False,0,0,84,420
2026-08-17,Mon,AEST,2026,2026-08,True,True,5,5,192,960
2026-08-18,Tue,AEST,2026,2026-08,True,True,5,5,276,1380
2026-08-19,Wed,AEST,2026,2026-08,True,True,5,5,276,1380
2026-08-20,Thu,AEST,2026,2026-08,True,False,5,0,108,540
