date,kind,side,entry,mfe,mae,min_to_mfe,min_to_mae,mfe_first,eod_pnl
2025-08-21,A_S,short,3344.298,18.813,2.504,653.8572833333334,92.92195,False,2.113
2025-08-22,F_L,long,3339.525,0.55,18.48,25.738166666666668,718.13245,True,-16.2
2025-08-22,A_S,short,3336.285,14.47,4.367,738.1181333333334,45.750733333333336,False,12.45
2025-08-25,F_L,long,3369.715,1.66,7.89,276.8143,137.44056666666665,False,-5.43
2025-08-25,A_S,short,3365.065,4.96,6.837,121.81195,696.81345,True,0.28
2025-08-26,A_L,long,3360.355,26.07,1.22,47.78678333333333,0.3793166666666667,False,11.25
2025-08-27,A_L,long,3392.385,0.91,18.72,9.706683333333334,425.39166666666665,True,-11.36
2025-08-27,F_S,short,3389.575,15.418,2.14,257.759,18.2501,False,8.06
2025-08-28,A_L,long,3397.745,10.77,13.3,706.0459833333333,131.93506666666667,False,-0.84
2025-08-28,F_S,short,3394.758,9.753,14.354,146.93506666666667,734.7891666666667,True,-2.657
2025-08-29,A_L,long,3417.105,0.54,12.92,5.741366666666667,661.7468166666666,True,-0.76
2025-08-29,F_S,short,3413.268,8.603,3.907,646.7468166666666,754.7078666666666,True,-3.567
2025-09-01,F_L,long,3448.705,40.89,0.61,290.73498333333333,0.0377,False,20.62
2025-09-01,A_S,short,3443.515,6.08,46.707,76.99321666666667,388.54678333333334,True,-26.22
2025-09-02,A_L,long,3482.265,25.963,12.46,97.3024,476.33211666666665,True,-0.536
2025-09-02,F_S,short,3478.755,8.14,30.48,436.33211666666665,57.3467,False,-3.69
2025-09-03,F_L,long,3530.715,20.62,4.207,769.0612166666666,345.59855,False,19.66
2025-09-04,F_L,long,3561.885,1.263,51.46,0.1426,134.05695,True,-13.76
2025-09-04,A_S,short,3554.505,42.653,9.37,184.05865,50.1426,False,5.86
2025-09-05,A_L,long,3555.125,31.45,10.52,676.2529166666667,452.1313166666667,False,25.04
2025-09-05,F_S,short,3551.475,6.35,36.27,527.1313166666666,751.2461,True,-29.31
2025-09-08,F_L,long,3592.875,32.94,13.51,721.9478833333334,188.08923333333334,False,31.11
2025-09-08,A_S,short,3587.185,7.08,39.18,173.079,706.9478833333334,True,-37.39
2025-09-09,F_L,long,3637.512,21.613,1.717,336.18156666666664,55.1748,False,9.743
2025-09-09,A_S,short,3633.435,-0.56,26.33,0.018583333333333334,341.1713833333333,True,-14.42
2025-09-10,F_L,long,3634.685,22.553,3.44,518.18675,19.960283333333333,False,9.13
2025-09-10,A_S,short,3630.298,9.546,29.187,74.76575,735.0647833333334,True,-14.017
2025-09-11,A_L,long,3646.915,1.98,35.45,75.28061666666666,735.1035166666667,True,-18.167
2025-09-11,F_S,short,3644.665,30.08,4.977,531.4623666666666,65.28061666666666,False,15.35
2025-09-12,A_L,long,3636.205,20.23,1.22,268.7411833333333,0.8508666666666667,False,9.02
2025-09-12,F_S,short,3630.925,0.073,26.05,0.33416666666666667,288.7411833333333,True,-14.86
2025-09-15,F_L,long,3638.835,11.963,12.687,761.4544,62.96243333333334,False,11.36
2025-09-15,A_S,short,3635.775,8.9,15.55,37.96073333333333,736.4544,True,-14.98
2025-09-16,A_L,long,3678.235,21.13,3.78,702.97115,156.62633333333332,False,10.82
2025-09-17,F_L,long,3695.255,-0.07,35.44,0.22635,650.87415,True,-16.7
2025-09-17,A_S,short,3692.835,32.533,1.58,625.87585,7.1025833333333335,False,13.81
2025-09-18,F_L,long,3672.045,0.74,9.33,6.8738166666666665,214.72581666666667,True,-8.897
2025-09-18,A_S,short,3663.625,29.28,9.375,360.9246166666667,561.4735666666667,True,-0.04
2025-09-19,A_L,long,3644.375,16.65,12.437,243.0622,46.95421666666667,False,4.75
2025-09-19,F_S,short,3639.675,6.9,21.92,101.95421666666667,298.0622,True,-10.01
2025-09-22,A_L,long,3690.865,37.28,5.63,640.2995,151.80031666666667,False,30.51
2025-09-23,A_L,long,3749.315,41.55,12.86,534.82565,146.1338,False,34.75
2025-09-23,F_S,short,3746.648,9.623,44.837,161.1372,549.8474833333333,True,-38.017
2025-09-24,F_L,long,3765.365,13.633,15.036,438.7142666666667,132.09205,False,2.51
2025-09-24,A_S,short,3759.725,8.71,19.79,147.09205,452.20941666666664,True,-8.66
2025-09-25,A_L,long,3748.055,13.37,18.69,488.27998333333335,116.41943333333333,False,-9.49
2025-09-25,F_S,short,3741.065,11.14,20.937,51.41943333333333,423.2816833333333,True,1.94
2025-09-26,A_L,long,3748.025,9.18,13.75,701.2688666666667,140.88256666666666,False,3.76
2025-09-26,F_S,short,3741.548,6.773,16.197,165.88256666666666,726.2688666666667,True,-10.807
2025-09-29,A_L,long,3773.295,57.91,5.67,707.9936333333334,74.9958,False,40.21
2025-09-30,A_L,long,3838.915,32.59,46.04,355.35658333333333,572.00715,True,-19.87
2025-09-30,F_S,short,3832.298,38.783,1.407,87.00715,0.7281333333333333,False,12.546
2025-10-01,A_L,long,3865.495,29.65,12.44,485.7694833333333,366.73493333333334,False,4.8
2025-10-01,F_S,short,3860.998,7.303,34.777,351.7307,470.7644,True,-9.787
2025-10-02,F_L,long,3864.692,27.193,3.377,643.0810666666666,39.99555,False,19.553
2025-10-02,A_S,short,3859.225,6.053,33.3,50.49418333333333,718.0810666666666,True,-25.627
2025-10-03,F_L,long,3862.865,12.01,8.317,334.02501666666666,249.15381666666667,False,10.813
2025-10-03,A_S,short,3859.755,21.33,15.587,204.448,768.95375,True,-14.44
2025-10-06,A_L,long,3922.335,26.97,3.817,363.10116666666664,30.6119,False,15.67
2025-10-07,A_L,long,3967.205,9.92,26.52,72.7883,526.5835333333333,True,-0.38
2025-10-07,F_S,short,3962.548,21.306,15.167,536.5835333333333,82.7883,False,-4.787
2025-10-08,A_L,long,3992.235,57.163,8.19,639.85575,109.77183333333333,False,45.56
2025-10-08,F_S,short,3988.785,4.01,61.16,99.77183333333333,629.8220166666666,True,-49.72
2025-10-09,F_L,long,4022.055,24.4,19.66,640.4005833333333,117.6587,False,22.18
2025-10-09,A_S,short,4013.595,11.96,33.43,21.6874,690.4005833333333,True,-31.21
2025-10-10,A_L,long,3977.395,28.99,30.72,627.3373,294.83871666666664,False,9.45
2025-10-10,F_S,short,3974.578,27.046,32.477,304.8378666666667,637.3254666666667,True,-12.857
2025-10-13,A_L,long,4060.375,24.69,36.08,702.4785666666667,72.35748333333333,False,13.37
2025-10-13,F_S,short,4041.088,16.123,44.557,47.3026,677.4785666666667,True,-33.207
2025-10-14,A_L,long,4116.052,63.303,26.247,371.9053333333333,456.25945,True,14.103
2025-10-14,F_S,short,4114.525,23.573,66.43,451.25945,354.22523333333334,False,-16.24
2025-10-15,A_L,long,4161.802,56.193,8.337,549.0438833333334,79.34956666666666,False,36.663
2025-10-15,F_S,short,4155.715,0.36,63.037,0.6675333333333333,468.9493,True,-43.42
2025-10-16,F_L,long,4215.355,32.0,12.18,689.6191333333334,344.41266666666667,False,24.91
2025-10-16,A_S,short,4208.958,5.053,39.047,410.01945,754.6283666666667,True,-31.957
2025-10-17,A_L,long,4361.352,17.553,83.057,41.75555,154.20941666666667,True,-74.557
2025-10-17,F_S,short,4336.565,56.874,42.44,24.235866666666666,220.90375,True,48.884
2025-10-20,F_L,long,4256.195,23.04,35.19,634.9791333333334,305.8890333333333,False,22.71
2025-10-20,A_S,short,4251.925,32.32,28.04,79.7652,769.9791333333334,True,-27.69
2025-10-21,F_S,short,4366.895,121.294,5.67,544.9784,111.34778333333334,False,113.16
2025-10-22,F_L,long,4125.762,35.403,122.464,465.5955,62.985683333333334,False,-98.357
2025-10-22,A_S,short,4116.525,111.1,45.23,57.95165,460.5955,True,88.023
2025-10-23,F_L,long,4106.405,31.043,14.84,19.26705,102.31001666666667,True,2.97
2025-10-23,A_S,short,4095.108,28.556,42.947,71.99525,424.26705,True,-14.767
2025-10-24,A_L,long,4120.075,24.07,76.457,85.15111666666667,673.84925,True,-58.82
2025-10-24,F_S,short,4114.375,70.395,30.45,713.84925,125.14436666666667,False,52.63
2025-10-27,A_L,long,4085.702,11.843,70.647,136.60665,749.78535,True,-61.877
2025-10-27,F_S,short,4079.945,64.17,18.267,734.78535,121.60835,False,55.43
2025-10-28,F_L,long,3992.555,26.85,106.356,117.0749,588.9452,True,-69.5
2025-10-28,A_S,short,3985.008,98.113,35.164,598.9418166666667,125.37211666666667,False,61.233
2025-10-29,A_L,long,3945.592,83.933,1.987,696.8914666666667,206.31726666666665,False,70.803
2025-10-30,A_L,long,3946.625,64.873,31.56,602.58655,227.0115,False,27.6
2025-10-30,F_S,short,3937.115,21.2,74.88,57.0115,432.58913333333334,True,-37.82
2025-10-31,F_L,long,4040.925,1.91,52.16,7.412066666666667,260.32466666666664,True,-30.78
2025-10-31,A_S,short,4027.025,37.5,16.57,295.32466666666664,42.41206666666667,False,16.13
2025-11-03,A_L,long,3996.735,31.13,34.41,530.5148666666666,65.1726,False,10.63
2025-11-03,F_S,short,3978.565,15.48,49.997,35.1726,500.51486666666665,True,-29.55
2025-11-04,F_S,short,3997.785,30.81,3.31,417.4529166666667,558.1456166666667,True,2.49
2025-11-05,A_L,long,3938.245,48.67,8.597,529.6775,85.90573333333333,False,28.44
2025-11-05,F_S,short,3931.635,1.75,56.0,55.90573333333333,499.6775,True,-35.6
2025-11-06,F_L,long,3977.445,41.73,2.95,587.15335,1.6455333333333333,False,40.34
2025-11-06,A_S,short,3966.455,1.52,53.42,0.5120666666666667,642.13395,True,-52.08
2025-11-07,A_L,long,3981.552,32.423,1.067,608.4043333333333,6.025266666666667,False,21.173
2025-11-10,A_L,long,4010.402,75.713,6.404,630.1010333333334,24.926183333333334,False,74.763
2025-11-11,A_L,long,4120.562,28.193,4.947,293.83893333333333,10.140366666666667,False,22.037
2025-11-12,A_L,long,4133.525,11.73,34.86,51.48486666666667,378.3380333333333,True,-7.76
2025-11-12,F_S,short,4127.125,27.9,8.727,238.33803333333333,17.621933333333335,False,0.84
2025-11-13,A_L,long,4208.025,31.88,28.4,671.4411166666666,129.33713333333333,False,22.29
2025-11-13,F_S,short,4196.698,16.373,43.837,119.33713333333333,661.4376833333333,True,-34.037
2025-11-14,A_L,long,4178.105,32.91,47.42,260.4343333333333,767.0077666666666,True,-45.38
2025-11-14,F_S,short,4170.955,39.75,16.49,277.00776666666667,78.05573333333334,False,37.633
2025-11-17,F_L,long,4100.252,6.043,50.747,13.605166666666667,387.4207166666667,True,-21.997
2025-11-17,A_S,short,4078.005,27.93,18.35,146.97561666666667,300.2660833333333,True,-0.73
2025-11-18,F_S,short,4036.985,38.66,13.76,473.70391666666666,708.4756166666666,True,-2.84
2025-11-19,F_L,long,4073.002,45.903,17.754,656.5553833333333,174.18951666666666,False,39.733
2025-11-19,A_S,short,4067.045,11.14,52.38,59.19121666666667,541.5553833333333,True,-46.37
2025-11-20,A_L,long,4090.905,18.9,52.3,41.728116666666665,543.2548666666667,True,-30.39
2025-11-20,F_S,short,4070.775,31.56,15.14,378.25486666666666,63.12931666666667,False,9.57
2025-11-21,F_L,long,4080.525,8.12,58.45,35.406483333333334,533.9835666666667,True,-44.2
2025-11-21,A_S,short,4072.495,49.74,7.96,448.98525,9.562383333333333,False,35.42
2025-11-24,F_L,long,4072.852,4.433,32.907,3.6190333333333333,372.2603833333333,True,-3.117
2025-11-24,A_S,short,4060.305,19.79,17.3,312.2603833333333,593.3371833333333,True,-10.04
2025-11-25,A_L,long,4136.642,18.943,27.227,184.66121666666666,549.3414833333334,True,-3.367
2025-11-25,F_S,short,4128.415,18.47,27.92,579.3414833333334,214.66121666666666,False,-5.437
2025-11-26,A_L,long,4135.952,36.896,5.007,739.31375,6.008683333333333,False,35.353
2025-11-26,F_S,short,4131.885,0.12,41.56,1.31415,729.31375,True,-40.17
2025-11-27,A_L,long,4169.452,-1.047,27.027,1.3936166666666667,298.51026666666667,True,-12.337
2025-11-27,F_S,short,4163.798,20.763,4.577,278.51026666666667,20.20175,False,6.073
2025-11-28,A_L,long,4162.102,30.913,12.027,153.79315,558.2737833333333,True,8.816
2025-12-01,A_L,long,4227.445,34.58,12.17,583.5599166666667,296.61241666666666,False,26.91
2025-12-01,F_S,short,4208.098,-1.654,54.657,0.019833333333333335,661.2937666666667,True,-46.777
2025-12-02,F_L,long,4234.002,1.853,53.107,19.730783333333335,626.5244666666666,True,-28.717
2025-12-02,A_S,short,4230.495,49.05,0.74,591.5244666666666,0.0017333333333333333,False,24.593
2025-12-03,F_L,long,4212.985,15.78,18.58,209.98013333333333,665.2969666666667,True,-4.52
2025-12-03,A_S,short,4202.375,7.473,8.13,165.28605,73.91915,False,-6.69
2025-12-04,A_L,long,4207.865,8.85,32.86,155.92426666666665,403.19898333333333,True,-9.56
2025-12-04,F_S,short,4202.085,26.851,5.88,228.16103333333334,25.8032,False,3.18
2025-12-05,A_L,long,4209.665,20.82,2.94,224.49685,1.7682166666666668,False,13.86
2025-12-05,F_S,short,4207.298,12.223,23.767,127.73838333333333,499.49685,True,-16.457
2025-12-08,F_L,long,4204.985,13.77,7.76,414.3124,137.86743333333334,False,3.41
2025-12-08,A_S,short,4193.385,-4.48,26.05,162.8168,439.3124,True,-15.56
2025-12-09,A_L,long,4192.202,20.443,22.357,613.3374666666666,422.01885,False,10.683
2025-12-09,F_S,short,4190.955,20.51,22.35,417.01885,608.3374666666666,True,-12.44
2025-12-10,F_L,long,4210.805,7.81,23.28,193.96363333333332,663.5916666666667,True,-13.67
2025-12-10,A_S,short,4208.125,20.09,11.09,678.5916666666667,208.96363333333332,False,10.45
2025-12-11,F_L,long,4230.835,16.63,26.93,73.86123333333333,373.70646666666664,True,-19.84
2025-12-11,A_S,short,4225.225,20.8,22.84,408.7056166666667,108.86123333333333,False,13.69
2025-12-12,A_L,long,4287.535,51.54,3.49,248.40911666666668,30.4511,False,48.63
2025-12-12,F_S,short,4278.325,13.34,61.36,123.7421,713.39145,True,-58.51
2025-12-15,A_L,long,4308.602,41.393,8.657,605.79575,59.899883333333335,False,33.973
2025-12-15,F_S,short,4300.195,-0.56,50.43,0.13426666666666667,545.79575,True,-42.95
2025-12-16,A_L,long,4308.455,9.24,37.33,133.18278333333333,365.91585,True,-30.11
2025-12-16,F_S,short,4305.298,33.333,13.027,380.91585,148.18278333333333,False,26.513
2025-12-17,A_L,long,4304.571,37.684,1.606,398.61471666666665,0.013216666666666666,False,11.544
2025-12-18,F_L,long,4341.625,1.423,21.14,4.034166666666667,605.4568833333333,True,-16.16
2025-12-18,A_S,short,4337.198,15.946,6.297,645.8503833333333,44.03585,False,11.196
2025-12-19,A_L,long,4336.255,0.44,27.54,4.747066666666667,104.92231666666666,True,-9.18
2025-12-19,F_S,short,4333.635,23.97,3.7,124.92231666666666,24.747066666666665,False,5.99
2025-12-22,A_L,long,4343.302,76.863,2.687,471.7441666666667,0.04445,False,66.743
2025-12-23,A_L,long,4453.305,44.04,2.407,213.76955,1.4276333333333333,False,40.02
2025-12-24,A_L,long,4493.552,32.213,25.633,135.05278333333334,230.34048333333334,True,-2.317
2025-12-24,F_S,short,4477.275,5.6,24.717,0.8153833333333333,102.42978333333333,True,-14.79
2025-12-26,F_L,long,4493.602,37.373,5.104,105.49631666666667,15.931833333333334,False,15.893
2025-12-26,A_S,short,4488.198,3.396,43.874,1.0817,115.49631666666667,True,-21.997
2025-12-29,F_S,short,4533.475,98.74,9.727,746.1445666666667,10.294566666666666,False,86.04
2025-12-30,A_L,long,4346.202,45.313,23.237,682.0506833333334,8.7677,False,37.763
2025-12-30,F_S,short,4329.625,4.623,62.577,105.9276,672.0506833333334,True,-55.17
2025-12-31,A_L,long,4344.502,28.403,70.697,161.54428333333334,411.70585,True,-33.777
2025-12-31,F_S,short,4339.755,64.91,34.14,401.705,151.54428333333334,False,28.253
2026-01-02,A_L,long,4334.512,64.486,6.647,737.88875,5.456216666666666,False,58.023
2026-01-05,F_L,long,4370.835,68.84,16.79,699.3821,19.251683333333332,False,48.2
2026-01-06,A_L,long,4458.322,17.163,30.597,557.38375,113.03,False,4.626
2026-01-06,F_S,short,4448.658,20.413,27.657,93.02913333333333,537.38375,True,-15.223
2026-01-07,A_L,long,4499.155,1.193,57.907,7.678583333333333,446.1692,True,-52.02
2026-01-07,F_S,short,4495.125,53.15,1.61,421.1911166666667,9.7585,False,47.32
2026-01-08,A_L,long,4462.425,3.65,47.21,56.49418333333333,384.18955,True,-39.75
2026-01-08,F_S,short,4458.305,42.26,2.746,319.18955,58.4852,False,34.96
2026-01-09,A_S,short,4476.655,23.303,2.68,113.80565,11.739716666666666,False,0.82
2026-01-12,A_L,long,4530.075,70.973,7.867,105.52476666666666,2.0524333333333336,False,54.92
2026-01-13,F_L,long,4601.825,0.12,28.5,0.011133333333333334,71.77785,True,-13.46
2026-01-13,A_S,short,4593.348,19.323,9.244,451.77785,380.0111333333333,False,4.426
2026-01-14,A_L,long,4593.552,45.983,1.344,384.1963,0.007733333333333333,False,36.593
2026-01-15,A_S,short,4611.948,30.433,11.477,368.0300833333333,747.0619,True,-7.647
2026-01-16,A_L,long,4619.702,-0.547,28.727,1.3088166666666667,207.84791666666666,True,-7.367
2026-01-16,F_S,short,4613.855,22.18,2.58,202.84791666666666,401.0169,True,0.81
2026-01-19,A_L,long,4655.752,34.513,2.907,22.7762,171.62333333333333,True,4.543
2026-01-20,F_L,long,4674.902,62.383,9.697,494.7880333333333,38.32018333333333,False,57.983
2026-01-20,A_S,short,4667.685,7.8,70.167,64.98666666666666,624.7509333333334,True,-66.017
2026-01-21,F_L,long,4763.685,124.39,0.58,407.67743333333334,0.2694666666666667,False,103.02
2026-01-21,A_S,short,4759.248,0.923,129.554,0.7315833333333334,437.67743333333334,True,-108.057
2026-01-22,F_L,long,4837.125,2.228,23.52,23.052716666666665,142.70686666666666,True,-6.11
2026-01-22,A_S,short,4802.548,29.646,37.194,114.08598333333333,513.0527166666667,True,-28.967
2026-01-23,A_L,long,4956.702,10.533,57.157,401.0841,619.246,True,-34.077
2026-01-23,F_S,short,4933.945,33.67,33.78,594.246,85.0792,False,10.59
2026-01-26,A_L,long,5024.452,86.433,12.557,461.14225,19.015783333333335,False,66.893
2026-01-27,A_L,long,5038.652,61.933,25.057,512.6665333333333,102.03548333333333,False,38.053
2026-01-28,A_L,long,5186.575,124.67,11.7,448.85455,7.0975166666666665,False,74.8
2026-01-28,F_S,short,5178.718,20.943,133.057,55.2597,563.85455,True,-83.297
2026-01-29,A_L,long,5453.102,143.703,8.754,29.185683333333333,119.98375,True,69.343
2026-01-30,A_L,long,5439.602,11.143,498.707,61.39268333333333,641.2060166666666,True,-304.317
2026-01-30,F_S,short,5365.449,421.147,12.616,521.1545833333333,0.5101833333333333,False,228.994
2026-02-03,A_L,long,4718.202,231.193,11.837,572.5647833333334,2.1379,False,198.273
2026-02-04,A_L,long,4970.355,121.04,4.93,471.01615,1.4459333333333333,False,76.9
2026-02-04,F_S,short,4924.698,3.283,167.597,19.405533333333334,531.0372166666667,True,-123.137
2026-02-05,A_L,long,4996.452,26.953,208.767,35.5433,230.27648333333335,True,-128.607
2026-02-05,F_S,short,4943.945,153.533,43.02,100.27648333333333,33.340183333333336,False,75.0
2026-02-06,F_L,long,4800.851,102.124,11.796,220.45686666666666,4.24325,False,85.884
2026-02-06,A_S,short,4768.355,112.49,135.62,62.78491666666667,405.45771666666667,True,-119.53
2026-02-09,A_L,long,4989.252,57.553,21.417,37.26533333333333,163.24943333333334,True,21.333
2026-02-09,F_S,short,4974.648,6.013,73.454,4.058783333333333,47.26365,True,-36.627
2026-02-10,A_L,long,5058.085,0.2,21.34,1.19215,65.38126666666666,True,-2.41
2026-02-10,F_S,short,5046.048,57.113,17.754,2.37055,599.2938333333333,True,-10.417
2026-02-11,A_L,long,5035.882,80.303,8.127,763.0746166666667,67.47761666666666,False,75.523
2026-02-12,F_S,short,5081.748,35.983,2.564,122.55068333333334,0.003933333333333333,False,17.253
2026-02-13,F_L,long,4927.005,69.95,21.53,282.03535,10.922816666666666,False,26.79
2026-02-16,A_S,short,5014.398,48.983,17.557,313.27725,90.30351666666667,False,9.533
2026-02-17,A_S,short,4996.775,136.533,4.89,382.08253333333334,14.392683333333334,False,66.92
2026-02-18,F_L,long,4883.575,58.52,29.8,479.58226666666667,38.566316666666665,False,29.16
2026-02-18,A_S,short,4869.025,14.28,74.147,18.57055,474.06871666666666,True,-44.44
2026-02-19,F_L,long,4978.502,43.513,18.454,575.8203833333333,101.38951666666667,False,5.613
2026-02-19,A_S,short,4962.615,1.8,60.08,46.389516666666665,520.8203833333333,True,-22.33
2026-02-20,A_L,long,5006.002,36.323,24.687,613.6642166666667,272.02726666666666,False,10.953
2026-02-20,F_S,short,4996.035,13.9,47.13,237.02978333333334,578.6642166666667,True,-21.76
2026-02-23,A_L,long,5136.052,40.333,14.234,215.2811,561.78215,True,13.423
2026-02-24,A_L,long,5245.355,4.22,100.657,0.8338333333333333,121.77761666666666,True,-72.81
2026-02-24,F_S,short,5227.475,81.633,11.22,66.77846666666667,11.688633333333334,False,54.24
2026-02-25,F_L,long,5147.745,62.59,11.21,368.4077,22.38295,False,33.57
2026-02-25,A_S,short,5133.048,3.993,78.107,18.832433333333334,403.4077,True,-48.987
2026-02-26,A_L,long,5180.802,24.413,25.967,375.5013,50.402366666666666,False,-16.397
2026-02-26,F_S,short,5159.795,2.86,46.27,1.2126166666666667,320.5013,True,-5.3
2026-02-27,F_L,long,5185.852,14.223,19.317,408.61808333333335,118.05261666666667,False,-0.357
2026-02-27,A_S,short,5179.935,12.56,21.02,62.58626666666667,353.61808333333335,True,-6.307
2026-03-02,F_L,long,5377.625,41.25,74.93,460.14526666666666,109.6636,False,7.53
2026-03-02,A_S,short,5329.155,25.07,90.47,24.6636,375.14695,True,-56.657
2026-03-03,A_L,long,5346.545,33.21,274.9,85.52435,693.51875,True,-202.227
2026-03-03,F_S,short,5316.705,241.803,19.78,338.5179,130.82818333333333,False,171.37
2026-03-04,A_L,long,5118.152,83.896,12.804,662.9697666666667,48.74993333333333,False,73.823
2026-03-05,A_L,long,5154.725,39.89,34.73,225.57081666666667,412.4215,True,8.93
2026-03-05,F_S,short,5146.425,25.42,48.95,417.4215,230.57081666666667,False,-17.957
2026-03-06,A_L,long,5096.325,47.34,34.2,157.34243333333333,756.1300666666667,True,-19.67
2026-03-06,F_S,short,5083.285,19.97,61.13,676.1207833333333,77.34243333333333,False,5.623
2026-03-09,F_L,long,5137.305,2.99,58.07,0.9866833333333334,339.3984,True,-49.51
2026-03-09,A_S,short,5112.958,97.473,28.267,111.10325,399.43333333333334,True,24.333
2026-03-10,F_L,long,5155.075,39.87,30.61,569.6979,100.28616666666667,False,19.9
2026-03-10,A_S,short,5137.045,11.943,58.58,75.27941666666666,544.6979,True,-38.56
2026-03-11,A_L,long,5196.822,26.193,21.667,113.34933333333333,568.7795333333333,True,-15.837
2026-03-11,F_S,short,5187.735,11.95,36.0,508.77953333333335,53.349333333333334,False,5.96
2026-03-12,A_L,long,5148.642,42.746,23.457,656.7027,57.43475,False,30.193
2026-03-12,F_S,short,5134.205,8.27,57.79,7.43475,606.69265,True,-45.26
2026-03-13,F_L,long,5097.045,31.18,35.76,155.23461666666665,537.01985,True,10.56
2026-03-13,A_S,short,5090.285,28.37,38.65,547.01985,165.23461666666665,False,-17.96
2026-03-16,F_L,long,5030.865,5.02,60.75,344.75373333333334,567.26275,True,-34.02
2026-03-16,A_S,short,5001.885,33.46,34.71,3.3597,419.75373333333334,True,4.41
2026-03-17,A_L,long,5006.472,37.883,14.737,367.23476666666664,693.0017333333333,True,-3.457
2026-03-17,F_S,short,5001.585,9.09,43.5,598.0051166666667,272.23476666666664,False,-2.06
2026-03-18,A_L,long,5003.155,12.91,78.58,421.7185333333333,743.8390333333333,True,-73.1
2026-03-18,F_S,short,4998.955,73.71,17.82,763.8390333333333,441.7185333333333,False,68.23
2026-03-19,F_L,long,4835.885,31.11,185.21,136.45001666666667,748.6308333333334,True,-184.5
2026-03-19,A_S,short,4829.985,178.42,37.67,753.6308333333334,141.45001666666667,False,177.7
2026-03-20,A_L,long,4645.835,90.0,11.93,247.14611666666667,20.97061666666667,False,25.58
2026-03-20,F_S,short,4635.375,-0.39,102.12,0.0023166666666666665,214.0654,True,-36.8
2026-03-23,F_S,short,4494.708,394.906,5.497,492.3064,6.672916666666667,False,114.853
2026-03-24,F_L,long,4433.882,14.123,128.317,17.730483333333332,182.3526,True,-26.537
2026-03-24,A_S,short,4421.865,115.23,20.94,117.3526,646.0219,True,13.183
2026-03-25,F_L,long,4485.212,116.913,2.414,211.10818333333333,0.5362333333333333,False,93.453
2026-03-26,F_L,long,4528.322,15.953,115.727,48.44335,508.95893333333333,True,-105.527
2026-03-26,A_S,short,4502.995,89.493,42.207,558.9580833333333,98.44335,False,79.21
2026-03-27,F_L,long,4411.965,62.95,7.94,245.32523333333333,572.9823333333334,True,7.78
2026-03-27,A_S,short,4390.948,15.003,84.677,109.09776666666667,390.3279,True,-29.587
2026-03-30,A_L,long,4495.265,85.2,16.767,546.4964166666666,15.119733333333333,False,64.11
2026-03-30,F_S,short,4477.028,57.445,104.237,63.09355,761.4964166666666,True,-83.147
2026-03-31,F_L,long,4511.635,107.56,29.52,125.02941666666666,43.679066666666664,False,70.48
2026-03-31,A_S,short,4494.215,11.11,125.89,73.67906666666667,155.02941666666666,True,-88.627
2026-04-01,F_L,long,4683.065,79.49,16.46,734.36405,288.32915,False,69.07
2026-04-01,A_S,short,4674.008,6.493,89.337,308.3274666666667,754.36405,True,-78.917
2026-04-02,A_L,long,4788.112,12.073,234.954,20.910166666666665,421.1148166666667,True,-188.237
2026-04-02,F_S,short,4742.855,188.65,22.54,306.1148166666667,6.46225,False,142.273
2026-04-06,A_L,long,4626.745,79.51,26.36,568.0676,12.674833333333334,False,48.77
2026-04-06,F_S,short,4603.055,-0.63,103.97,0.3433333333333333,553.0659166666667,True,-73.45
2026-04-07,F_L,long,4661.292,32.663,45.267,531.4449833333333,81.87088333333334,False,-10.054
2026-04-07,A_S,short,4653.525,36.59,41.42,106.87088333333334,556.4449833333333,True,1.51
2026-04-08,F_S,short,4832.905,64.123,11.33,722.2448666666667,333.21371666666664,False,32.79
2026-04-09,F_L,long,4718.865,40.52,19.687,676.3038333333334,18.06555,False,26.8
2026-04-09,A_S,short,4700.205,0.86,59.93,1.6250166666666668,711.3038333333334,True,-46.21
2026-04-10,F_L,long,4771.925,10.39,41.72,659.8345,438.4334,False,-0.36
2026-04-10,A_S,short,4754.085,23.26,29.02,523.4334,744.8345,True,-18.11
2026-04-13,F_L,long,4672.785,67.03,3.97,456.4474833333333,8.869333333333334,False,50.53
2026-04-14,F_L,long,4760.015,36.17,8.73,413.89711666666665,624.04015,True,11.22
2026-04-15,A_L,long,4841.205,29.96,55.32,8.178883333333333,517.2696,True,-29.87
2026-04-15,F_S,short,4834.355,47.73,37.52,577.2696,68.17888333333333,False,22.41
2026-04-16,A_L,long,4831.015,7.32,26.16,296.3670666666667,605.1119833333333,True,-15.11
2026-04-16,F_S,short,4822.135,16.49,16.797,580.1119833333333,271.3670666666667,False,5.63
2026-04-17,F_L,long,4793.275,54.34,25.275,749.28025,58.883633333333336,False,52.92
2026-04-17,A_S,short,4783.035,14.83,65.207,20.231033333333333,709.2785666666666,True,-63.82
2026-04-20,F_L,long,4758.715,63.133,2.26,722.1465,2.34885,False,44.58
2026-04-21,A_L,long,4828.945,1.62,64.47,4.047733333333333,740.5576166666667,True,-50.41
2026-04-21,F_S,short,4819.505,52.6,7.21,720.6052,27.576266666666665,False,40.33
2026-04-22,A_L,long,4745.062,27.103,9.497,418.5457,58.00978333333333,False,-1.027
2026-04-23,F_L,long,4741.975,11.61,57.88,22.116866666666667,600.33775,True,-2.07
2026-04-23,A_S,short,4715.215,30.54,39.0,620.3360666666666,42.11771666666667,False,-25.25
2026-04-24,F_L,long,4696.765,20.43,39.28,682.2507166666667,261.9832666666667,False,3.79
2026-04-24,A_S,short,4690.565,32.37,27.15,166.98326666666668,587.25325,True,-10.53
2026-04-27,F_L,long,4681.235,48.64,4.65,244.12101666666666,7.825283333333333,False,17.78
2026-04-27,A_S,short,4675.365,-0.6,55.18,0.02805,264.12101666666666,True,-24.21
2026-04-28,A_L,long,4700.635,0.36,145.96,1.3219333333333334,711.7353333333333,True,-107.12
2026-04-28,F_S,short,4691.685,136.57,3.43,681.7353333333333,5.446766666666667,False,97.62
2026-04-29,A_L,long,4608.845,1.35,67.01,2.47965,766.78285,True,-64.1
2026-04-29,F_S,short,4582.225,40.13,26.07,711.78285,238.87498333333335,False,36.92
2026-04-30,F_L,long,4562.345,84.36,21.8,620.1570666666667,265.0106666666667,False,77.07
2026-04-30,A_S,short,4557.605,16.41,89.87,259.9753166666667,615.1570666666667,True,-82.31
2026-05-01,A_L,long,4631.245,4.45,71.2,2.29145,463.2706166666667,True,-40.18
2026-05-01,F_S,short,4622.215,61.63,14.21,583.2706166666667,122.29145,False,30.58
2026-05-04,F_L,long,4615.725,2.64,89.87,110.80301666666666,612.8253833333333,True,-47.53
2026-05-04,A_S,short,4607.515,80.913,11.55,602.8211666666666,100.80301666666666,False,38.82
2026-05-05,A_L,long,4526.715,47.72,13.45,740.0655833333333,17.2958,False,37.71
2026-05-05,F_S,short,4516.695,0.27,58.33,2.333283333333333,720.0655833333333,True,-48.26
2026-05-06,A_L,long,4596.755,126.07,0.91,634.1137166666666,0.08413333333333334,False,86.29
2026-05-06,F_S,short,4592.305,3.59,131.07,6.79255,644.1137166666666,True,-91.29
2026-05-07,F_L,long,4700.335,52.94,15.37,471.98941666666667,46.27385,False,49.62
2026-05-07,A_S,short,4692.175,6.52,61.66,31.264566666666667,456.52865,True,-58.31
2026-05-08,F_L,long,4708.175,26.18,14.34,379.0196,10.176416666666666,False,16.05
2026-05-08,A_S,short,4702.595,8.04,32.39,5.176416666666666,374.0196,True,-22.19
2026-05-11,F_L,long,4693.365,11.88,45.54,48.77693333333333,321.05876666666666,True,6.53
2026-05-11,A_S,short,4685.645,37.08,20.27,346.05876666666666,75.12368333333333,False,-14.75
2026-05-12,F_L,long,4768.625,4.71,83.69,8.056366666666667,630.1257166666667,True,-63.08
2026-05-12,A_S,short,4759.575,74.08,7.03,615.13415,2.2495,False,53.46
2026-05-13,F_S,short,4716.585,40.01,4.11,702.8253333333333,2.4547166666666667,False,32.46
2026-05-14,F_L,long,4698.145,20.423,29.98,441.92995,225.63838333333334,False,6.483
2026-05-14,A_S,short,4688.175,19.15,30.94,170.64598333333333,386.92995,True,-17.2
2026-05-15,F_L,long,4654.645,0.05,122.94,0.09825,570.4584666666667,True,-108.99
2026-05-15,A_S,short,4644.535,112.23,0.75,565.4584666666667,0.004933333333333333,False,98.26
2026-05-18,F_L,long,4537.885,36.99,12.88,624.1814333333333,70.55178333333333,False,33.13
2026-05-18,A_S,short,4523.475,42.72,51.91,35.10675,759.1814333333333,True,-48.14
2026-05-19,F_L,long,4584.615,1.04,59.39,12.033783333333334,634.1938833333334,True,-47.68
2026-05-19,A_S,short,4578.535,52.54,7.947,629.1938833333334,6.651383333333333,False,41.03
2026-05-20,F_L,long,4491.795,16.95,38.65,22.619333333333334,163.16901666666666,True,4.16
2026-05-20,A_S,short,4483.895,29.95,25.53,178.17321666666666,37.61933333333333,False,-12.62
2026-05-21,F_L,long,4548.095,22.63,46.28,46.043166666666664,723.28515,True,-44.14
2026-05-21,A_S,short,4540.655,38.093,30.55,753.28515,76.04656666666666,False,36.23
2026-05-22,F_L,long,4536.855,4.07,29.877,8.4163,328.39621666666665,True,-8.83
2026-05-22,A_S,short,4531.075,23.52,10.54,343.4105833333333,23.4163,False,2.36
2026-05-25,A_L,long,4573.415,5.87,23.1,39.8018,355.42013333333335,True,-5.97
2026-05-25,F_S,short,4561.855,10.95,15.58,295.42013333333335,635.5735,True,-6.18
2026-05-26,A_S,short,4549.425,48.45,4.48,741.26465,5.18445,False,28.673
2026-05-27,A_L,long,4522.785,-0.43,98.03,0.29296666666666665,709.6056166666667,True,-84.02
2026-05-27,F_S,short,4515.985,90.65,6.61,694.60645,21.138716666666667,False,76.72
2026-05-28,A_L,long,4452.805,5.55,86.757,40.0365,240.19948333333335,True,-20.957
2026-05-28,F_S,short,4444.385,77.53,14.917,245.19948333333335,45.03145,False,11.76
2026-05-29,F_L,long,4497.962,45.063,5.967,622.3559166666666,48.16685,False,24.863
2026-05-29,A_S,short,4494.305,1.61,49.36,53.16685,627.3559166666666,True,-29.06
2026-06-01,F_S,short,4538.115,48.54,7.517,554.2447166666667,10.1911,False,35.46
2026-06-02,F_L,long,4485.815,55.57,23.157,414.65525,92.22011666666667,False,28.64
2026-06-02,A_S,short,4478.235,14.97,63.8,102.22096666666667,424.65525,True,-36.87
2026-06-03,A_L,long,4479.375,17.14,40.64,18.2699,551.20005,True,-19.22
2026-06-03,F_S,short,4473.455,34.12,15.29,511.20005,190.06621666666666,False,12.62
2026-06-04,A_L,long,4464.655,49.88,9.39,644.04545,56.29861666666667,False,39.31
2026-06-04,F_S,short,4455.895,12.16,59.23,50.64703333333333,709.0538666666666,True,-48.66
2026-06-05,A_L,long,4464.665,10.98,59.99,700.39445,739.9403166666667,True,-58.59
2026-06-05,F_S,short,4461.065,55.813,15.18,769.9386166666667,730.39445,False,54.39
2026-06-08,A_L,long,4345.975,7.11,77.85,18.801616666666668,327.4972666666667,True,-12.96
2026-06-08,F_S,short,4343.485,74.58,10.197,322.4972666666667,13.800783333333333,False,9.94
2026-06-09,F_L,long,4318.905,32.17,4.157,333.9544333333333,39.427483333333335,False,22.32
2026-06-09,A_S,short,4316.485,1.1,35.36,19.43255,313.9544333333333,True,-25.33
2026-06-10,F_L,long,4225.965,2.14,95.62,10.228316666666666,737.4043333333333,True,-79.29
2026-06-10,A_S,short,4217.645,86.64,4.51,717.4043333333333,338.49398333333335,False,70.13
2026-06-11,F_L,long,4052.665,65.23,3.19,87.83826666666667,0.18933333333333333,False,29.15
2026-06-11,A_S,short,4042.865,6.45,75.69,0.9831333333333333,92.8349,True,-39.46
2026-06-12,F_L,long,4224.445,5.76,54.49,1.5596166666666667,428.37101666666666,True,-32.89
2026-06-12,A_S,short,4216.825,46.37,14.08,443.31878333333333,16.559616666666667,False,24.7
2026-06-15,A_L,long,4297.075,52.1,11.89,761.9380333333334,50.459983333333334,False,51.78
2026-06-15,F_S,short,4292.325,6.45,57.47,0.45998333333333336,711.9380333333334,True,-57.12
2026-06-16,A_L,long,4317.135,37.77,10.47,769.2179166666666,17.271066666666666,False,37.29
2026-06-16,F_S,short,4313.195,5.803,42.13,12.269383333333334,764.2179166666666,True,-41.8
2026-06-17,A_L,long,4338.605,10.81,21.64,57.33325,515.7751333333333,True,-5.13
2026-06-17,F_S,short,4329.855,12.37,6.12,350.7751333333333,395.33095,True,-4.0
2026-06-18,A_L,long,4293.655,36.21,54.007,123.65863333333333,701.0989,True,-47.19
2026-06-18,F_S,short,4277.215,37.18,0.5,176.09975,0.0061,False,30.17
2026-06-19,F_S,short,4185.835,63.84,9.17,297.6352166666667,54.286,False,6.41
2026-06-22,A_L,long,4149.375,71.403,2.27,50.338366666666666,0.5867166666666667,False,43.85
2026-06-23,A_L,long,4193.195,5.24,102.65,15.21275,442.76916666666665,True,-80.287
2026-06-23,F_S,short,4184.265,92.98,14.96,477.76916666666665,50.21275,False,70.59
2026-06-24,A_L,long,4110.735,0.53,123.37,0.13076666666666667,769.9824,True,-123.24
2026-06-24,F_S,short,4096.045,108.11,6.71,754.9824,65.55345,False,107.99
2026-06-25,A_L,long,4015.495,3.83,53.74,763.1924833333334,123.50315,False,-3.28
2026-06-25,F_S,short,4005.105,41.79,14.46,118.50315,758.1908,True,-7.58
2026-06-26,F_L,long,4014.995,46.31,32.36,769.3982,165.92766666666665,False,43.65
2026-06-26,A_S,short,4008.965,25.56,53.03,35.92766666666667,639.3965166666667,True,-50.45
2026-06-29,F_L,long,4069.975,5.54,45.807,157.41478333333333,552.6797,True,-26.52
2026-06-29,A_S,short,4057.835,33.17,18.31,587.6797,192.41225,False,13.91
2026-06-30,F_L,long,4030.705,6.573,22.32,90.67795,383.9841333333333,True,-21.11
2026-06-30,A_S,short,4004.195,61.61,33.94,57.640616666666666,475.67795,True,-6.22
2026-07-01,A_L,long,4007.765,27.45,47.86,700.5362333333334,425.1361,False,14.67
2026-07-01,F_S,short,4002.125,41.65,33.86,415.1198166666667,690.5362333333334,True,-21.08
2026-07-02,F_L,long,4039.435,100.75,1.77,750.9100333333333,33.073366666666665,False,77.85
2026-07-03,A_L,long,4135.315,60.05,3.85,80.36373333333333,1.4602,False,41.21
2026-07-06,F_L,long,4185.285,17.62,54.0,68.19101666666667,723.6112,True,-45.89
2026-07-06,A_S,short,4174.695,42.82,28.91,748.5902166666667,93.1927,False,34.79
2026-07-07,F_L,long,4159.215,15.7,42.7,710.7891,315.35381666666666,False,12.87
2026-07-07,A_S,short,4155.805,38.68,19.61,325.35381666666666,720.7891,True,-16.84
2026-07-08,A_L,long,4103.955,29.73,63.55,287.1727,589.7714,True,-31.99
2026-07-08,F_S,short,4097.865,56.96,36.46,514.76635,212.1769,False,25.21
2026-07-09,A_L,long,4088.225,34.18,34.24,745.7363,187.00733333333332,False,19.26
2026-07-09,F_S,short,4070.455,15.85,52.61,143.49678333333333,705.7363,True,-37.45
2026-07-10,A_L,long,4124.845,9.71,30.63,138.20411666666666,491.74035,True,-24.31
2026-07-10,F_S,short,4122.455,27.67,12.92,531.5061333333333,178.20411666666666,False,21.39
2026-07-13,F_L,long,4088.965,1.84,45.38,0.5664833333333333,356.86873333333335,True,-21.82
2026-07-13,A_S,short,4081.755,37.45,8.68,346.86873333333335,72.7908,False,13.73
2026-07-14,F_L,long,4005.485,95.3,13.85,718.2363333333333,27.665916666666668,False,70.43
2026-07-14,A_S,short,3994.605,8.74,112.44,13.697066666666666,743.24985,True,-81.97
2026-07-15,A_L,long,4056.045,15.22,38.89,753.7374166666667,469.14436666666666,False,11.53
2026-07-15,F_S,short,4051.095,33.29,20.8,479.18305,763.7374166666667,True,-17.09
2026-07-16,F_L,long,4058.895,2.17,68.64,12.570383333333334,753.4702666666667,True,-66.89
2026-07-16,A_S,short,4055.155,64.33,6.69,768.4727833333334,27.570383333333332,False,62.48
2026-07-17,F_L,long,3988.615,19.78,24.73,180.4901,750.4689,True,-22.7
2026-07-17,A_S,short,3983.825,19.31,25.43,755.61325,185.4901,False,17.27
2026-07-20,F_L,long,3996.575,43.86,3.03,679.6697666666666,0.029966666666666666,False,11.35
2026-07-21,F_L,long,4011.165,72.57,3.61,394.5201333333333,1.5610666666666666,False,42.33
2026-07-22,A_L,long,4088.715,52.75,1.48,193.881,0.06701666666666667,False,24.07
2026-07-23,F_L,long,4134.255,6.64,73.42,17.7018,709.7935,True,-72.57
2026-07-23,A_S,short,4128.635,67.4,13.05,769.8169666666666,77.7018,False,66.49
2026-07-24,A_L,long,4048.925,14.82,27.26,593.4229666666666,317.7222,False,7.06
2026-07-24,F_S,short,4045.385,22.96,18.87,345.3449166666667,623.36225,True,-11.06
2026-07-27,A_L,long,4108.595,7.55,27.1,4.9564,732.3491166666666,True,-25.12
2026-07-27,F_S,short,4093.435,11.46,12.98,563.2361,265.4273333333333,False,9.27
2026-07-28,A_S,short,4065.135,47.79,1.77,606.8680166666667,2.0122333333333335,False,34.96
2026-07-29,F_L,long,4025.755,21.88,16.78,422.6417,730.2926666666667,True,-3.32
2026-07-29,A_S,short,4017.135,7.49,31.07,740.2432166666666,432.6417,False,-5.77
2026-07-30,F_L,long,4089.655,3.08,61.5,1.91355,273.54331666666667,True,-20.9
2026-07-30,A_S,short,4077.205,48.26,16.26,318.54836666666665,47.87916666666667,False,7.99
2026-07-31,A_S,short,4102.695,61.78,1.7,769.90605,1.3845666666666667,False,61.46
2026-08-03,F_S,short,4072.975,30.41,1.18,753.6743666666666,0.46653333333333336,False,24.99
2026-08-04,A_L,long,4067.645,16.62,25.3,750.3472666666667,56.674283333333335,False,3.04
2026-08-04,F_S,short,4048.945,5.83,35.94,6.674283333333333,700.3472666666667,True,-22.31
2026-08-05,A_L,long,4075.405,137.86,1.81,723.1181666666666,1.2784666666666666,False,108.29
2026-08-05,F_S,short,4072.135,0.34,141.79,1.1129,733.1181666666666,True,-112.19
2026-08-06,F_L,long,4282.815,20.93,35.89,102.85348333333333,308.3444666666667,True,-32.87
2026-08-06,A_S,short,4266.775,19.08,18.33,133.33106666666666,363.34956666666665,True,16.25
2026-08-07,F_L,long,4257.245,114.45,10.39,663.3261,61.12918333333333,False,104.0
2026-08-07,A_S,short,4248.955,18.83,123.3,49.13418333333333,758.3261,True,-112.73
2026-08-10,A_L,long,4342.235,19.65,29.3,455.31933333333336,91.61528333333334,False,-10.04
2026-08-10,F_S,short,4331.955,17.97,30.57,41.61528333333333,405.31933333333336,True,-0.87
2026-08-11,A_L,long,4406.555,28.41,50.23,126.21953333333333,469.2277833333333,True,-14.29
2026-08-11,F_S,short,4400.355,43.41,35.19,414.12153333333333,71.25305,False,7.51
2026-08-12,F_L,long,4378.745,59.36,5.08,748.7166,0.6875,False,58.54
2026-08-13,A_L,long,4421.625,27.83,57.72,24.620566666666665,481.4221333333333,True,-20.01
2026-08-13,F_S,short,4412.375,47.88,4.24,381.4221333333333,5.444333333333334,False,10.13
2026-08-14,A_L,long,4361.875,24.79,1.82,56.89556666666667,2.3153333333333332,False,11.63
2026-08-14,F_S,short,4351.825,40.66,35.47,119.6709,736.8955666666667,True,-22.23
2026-08-17,A_L,long,4379.215,37.02,2.43,69.20695,751.6067833333333,True,5.41
2026-08-18,F_L,long,4427.525,8.38,41.88,46.26038333333333,311.4780666666667,True,-33.57
2026-08-18,A_S,short,4420.025,33.63,16.62,321.38758333333334,56.25285,False,25.55
2026-08-19,A_L,long,4340.485,101.712,16.56,767.5030666666667,52.377383333333334,False,98.03
2026-08-19,F_S,short,4332.195,0.39,110.64,0.16348333333333334,713.1232666666667,True,-106.75
2026-08-20,A_L,long,4515.365,5.56,65.0,8.808333333333334,717.0319,True,-40.76
2026-08-20,F_S,short,4510.075,59.06,3.88,697.0319,1.10985,False,34.97
