date,kind,long,anchor_open,anchor_close,anchor_body,anchor_range,anchor_dir,body_high,body_low,sig_hm,sig_open,sig_close,entry_bid,entry_ask,entry_spread,entry,nearest25,dist25,t_entry,t_exit,stop_price,target_price,exit_price,exit_reason,mfe,mae,pnl,hold_min,equity,peak,dd
2025-08-27,FLIP_LONG,True,3397.23,3395.87,1.3600000000001273,1.7,BEAR,3397.23,3395.87,1140,3395.85,3398.14,3397.748,3398.632,0.8840000000000146,3398.632,3400.0,1.3679999999999382,2025-08-27 19:05:00.260,2025-08-28 07:04:59.398,3383.132,3424.132,3397.715,TIME,24.437,-14.187,-0.917,719.9856333333333,-0.917,0.0,0.917
2025-09-01,FLIP_LONG,True,3477.645,3475.226,2.418999999999869,3.259,BEAR,3477.645,3475.226,1160,3477.505,3479.991,3479.498,3480.445,0.9470000000001164,3480.445,3475.0,5.445000000000164,2025-09-01 19:25:00.397,2025-09-01 21:46:35.058,3464.945,3505.945,3505.945,TP,59.404,-10.64,25.5,141.57768333333334,24.583,24.583,0.0
2025-09-22,FLIP_LONG,True,3741.9,3740.1,1.800000000000182,3.814,BEAR,3741.9,3740.1,1160,3742.5,3746.63,3746.335,3746.885,0.5500000000001819,3746.885,3750.0,3.1149999999997817,2025-09-22 19:25:00.816,2025-09-23 04:48:00.517,3731.385,3772.385,3772.465,TP,43.98,-10.43,25.58,562.9950166666666,50.163,50.163,0.0
2025-10-08,A_SHORT,False,4022.815,4021.39,1.425000000000182,2.425,BEAR,4022.815,4021.39,1150,4016.095,4020.653,4020.365,4020.972,0.6070000000004256,4020.365,4025.0,4.635000000000218,2025-10-08 19:15:00.202,2025-10-08 21:33:32.658,4035.865,3994.865,4035.9519999999998,SL,75.313,-38.0,-15.587,138.54093333333333,34.57599999999999,50.163,15.587000000000003
2025-10-19,A_SHORT,False,4257.123,4255.675,1.4479999999994106,8.585,BEAR,4257.123,4255.675,1140,4255.68,4254.71,4253.898,4255.502,1.6040000000002692,4253.898,4250.0,3.8980000000001382,2025-10-19 19:05:00.048,2025-10-19 20:12:36.870,4269.398,4228.398,4228.3550000000005,TP,34.293,-127.917,25.543,67.6137,60.11899999999999,60.11899999999999,0.0
2025-10-21,A_SHORT,False,4125.205,4123.3,1.9049999999997453,7.588,BEAR,4125.205,4123.3,1140,4123.083,4119.758,4118.898,4120.352,1.4539999999997235,4118.898,4125.0,6.101999999999862,2025-10-21 19:05:00.120,2025-10-21 19:58:40.488,4134.398,4093.398,4092.625,TP,113.473,-42.857,26.273,53.6728,86.392,86.392,0.0
2025-10-27,FLIP_LONG,True,3992.38,3989.935,2.4450000000001637,4.083,BEAR,3992.38,3989.935,1160,3992.145,3994.425,3994.035,3994.885,0.8500000000003638,3994.885,4000.0,5.114999999999782,2025-10-27 19:25:00.007,2025-10-27 20:20:56.738,3979.385,4020.385,3978.3450000000003,SL,24.52,-108.686,-16.54,55.94551666666667,69.852,86.392,16.539999999999992
2025-11-30,A_SHORT,False,4223.605,4222.04,1.5649999999995998,3.06,BEAR,4223.605,4222.04,1140,4221.935,4221.705,4221.325,4221.925,0.6000000000003638,4221.325,4225.0,3.675000000000182,2025-11-30 19:05:00.000,2025-11-30 20:28:39.304,4236.825,4195.825,4236.825,SL,5.383,-43.63,-15.5,83.65506666666667,54.352000000000004,86.392,32.03999999999999
2025-12-01,A_SHORT,False,4230.83,4227.606,3.22400000000016,6.325,BEAR,4230.83,4227.606,1140,4227.701,4225.515,4225.185,4225.895,0.7100000000000364,4225.185,4225.0,0.18500000000040018,2025-12-01 19:05:01.081,2025-12-02 04:23:07.175,4240.685,4199.685,4199.334000000001,TP,61.1,-5.77,25.851,558.1015666666667,80.203,86.392,6.188999999999993
2025-12-14,A_SHORT,False,4306.01,4302.47,3.5399999999999636,5.245,BEAR,4306.01,4302.47,1145,4303.395,4300.545,4300.375,4301.075,0.6999999999998181,4300.375,4300.0,0.375,2025-12-14 19:10:00.076,2025-12-14 20:23:07.331,4315.875,4274.875,4315.995,SL,14.773,-50.25,-15.62,73.12091666666667,64.583,86.392,21.808999999999997
2025-12-15,A_SHORT,False,4306.92,4304.37,2.550000000000182,4.58,BEAR,4306.92,4304.37,1140,4304.355,4303.293,4302.915,4303.602,0.6869999999998981,4302.915,4300.0,2.9149999999999636,2025-12-15 19:05:00.264,2025-12-16 00:30:10.533,4318.415,4277.415,4277.345,TP,30.95,-32.63,25.57,325.17115,90.15299999999999,90.15299999999999,0.0
2025-12-28,A_SHORT,False,4532.519,4527.161,5.358000000000175,8.803,BEAR,4532.519,4527.161,1140,4527.171,4520.311,4519.898,4520.965,1.0670000000000073,4519.898,4525.0,5.101999999999862,2025-12-28 19:05:00.011,2025-12-28 19:25:00.360,4535.398,4494.398,4493.741,TP,216.913,-7.157,26.157,20.005816666666668,116.30999999999999,116.30999999999999,0.0
2026-01-11,FLIP_LONG,True,4542.545,4540.27,2.274999999999636,5.575,BEAR,4542.545,4540.27,1140,4540.195,4545.263,4544.735,4545.602,0.8670000000001892,4545.602,4550.0,4.398000000000138,2026-01-11 19:05:00.426,2026-01-11 19:32:26.574,4530.102,4571.102,4571.135,TP,84.373,-1.737,25.533,27.4358,141.843,141.843,0.0
2026-02-03,FLIP_LONG,True,4948.78,4947.77,1.0099999999993088,15.74,BEAR,4948.78,4947.77,1145,4957.415,4969.585,4968.815,4970.325,1.5100000000002183,4970.325,4975.0,4.675000000000182,2026-02-03 19:10:00.100,2026-02-03 19:17:50.573,4954.825,4995.825,4996.054999999999,TP,121.07,-126.16,25.73,7.841216666666667,167.57299999999998,167.57299999999998,0.0
2026-02-08,A_SHORT,False,5041.51,5036.145,5.364999999999782,13.46,BEAR,5041.51,5036.145,1140,5036.13,5028.05,5027.205,5028.855,1.6499999999996362,5027.205,5025.0,2.2049999999999272,2026-02-08 19:05:00.040,2026-02-08 19:07:43.393,5042.705,5001.705,5042.775,SL,57.4,-59.99,-15.57,2.72255,152.003,167.57299999999998,15.569999999999993
2026-02-11,A_SHORT,False,5063.28,5061.39,1.889999999999418,11.227,BEAR,5063.28,5061.39,1155,5056.945,5056.255,5055.885,5056.795,0.9099999999998545,5055.885,5050.0,5.885000000000218,2026-02-11 19:20:00.075,2026-02-11 21:00:59.463,5071.385,5030.385,5071.462,SL,176.64,-28.38,-15.577,100.9898,136.426,167.57299999999998,31.14699999999999
2026-02-18,A_SHORT,False,4981.79,4976.06,5.729999999999563,14.714,BEAR,4981.79,4976.06,1155,4968.1,4969.25,4968.805,4969.655,0.8499999999994543,4968.805,4975.0,6.194999999999709,2026-02-18 19:20:01.440,2026-02-18 23:12:03.571,4984.305,4943.305,4984.705,SL,7.99,-53.96,-15.9,232.03551666666667,120.52599999999998,167.57299999999998,47.047
2026-02-26,A_SHORT,False,5185.855,5184.775,1.0799999999999272,6.235,BEAR,5185.855,5184.775,1140,5184.8,5180.36,5179.955,5180.805,0.8500000000003638,5179.955,5175.0,4.954999999999927,2026-02-26 19:05:00.290,2026-02-26 21:00:01.544,5195.455,5154.455,5195.562,SL,12.58,-103.006,-15.607,115.0209,104.91899999999998,167.57299999999998,62.653999999999996
2026-03-10,FLIP_LONG,True,5193.69,5189.365,4.324999999999818,9.505,BEAR,5193.69,5189.365,1145,5190.75,5196.06,5195.318,5196.822,1.5039999999999054,5196.822,5200.0,3.1779999999998836,2026-03-10 19:10:00.072,2026-03-10 21:03:20.758,5181.322,5222.322,5222.425,TP,26.193,-47.757,25.603,113.34476666666667,130.522,167.57299999999998,37.05099999999999
2026-03-31,A_SHORT,False,4684.565,4680.965,3.5999999999994543,25.05,BEAR,4684.565,4680.965,1140,4681.35,4677.075,4676.248,4678.162,1.9140000000006694,4676.248,4675.0,1.2479999999995925,2026-03-31 19:05:00.073,2026-03-31 19:39:57.064,4691.748,4650.748,4691.802,SL,8.733,-117.224,-15.554,34.94985,114.96799999999999,167.57299999999998,52.60499999999999
2026-04-19,A_SHORT,False,4780.365,4779.36,1.0050000000001091,8.706,BEAR,4780.365,4779.36,1140,4779.37,4776.18,4775.618,4776.882,1.2639999999992142,4775.618,4775.0,0.6180000000003929,2026-04-19 19:05:00.102,2026-04-19 19:43:13.572,4791.118,4750.118,4749.9220000000005,TP,38.253,-52.474,25.696,38.2245,140.664,167.57299999999998,26.908999999999992
2026-04-20,A_SHORT,False,4830.67,4827.86,2.8100000000004,6.47,BEAR,4830.67,4827.86,1140,4827.64,4826.57,4826.178,4827.162,0.9840000000003783,4826.178,4825.0,1.1779999999998836,2026-04-20 19:05:00.045,2026-04-20 23:16:30.195,4841.678,4800.678,4800.675,TP,157.057,-5.097,25.503,251.5025,166.16699999999997,167.57299999999998,1.406000000000006
2026-04-22,A_SHORT,False,4730.1,4726.12,3.980000000000473,6.235,BEAR,4730.1,4726.12,1140,4726.13,4724.635,4724.068,4725.032,0.9639999999999418,4724.068,4725.0,0.931999999999789,2026-04-22 19:05:01.704,2026-04-22 20:15:00.813,4739.568,4698.568,4698.352,TP,59.233,-30.147,25.716,69.98515,191.88299999999998,191.88299999999998,0.0
2026-04-30,A_SHORT,False,4632.54,4630.53,2.0100000000002183,3.88,BEAR,4632.54,4630.53,1140,4630.455,4629.54,4628.818,4630.302,1.4839999999994689,4628.818,4625.0,3.818000000000211,2026-04-30 19:05:00.034,2026-05-01 02:06:11.365,4644.318,4603.318,4603.3150000000005,TP,68.233,-31.857,25.503,421.18885,217.38599999999997,217.38599999999997,0.0
2026-05-04,FLIP_LONG,True,4519.121,4517.575,1.5460000000002765,3.87,BEAR,4519.121,4517.575,1145,4518.305,4519.61,4519.008,4520.102,1.094000000000051,4520.102,4525.0,4.898000000000138,2026-05-04 19:10:01.083,2026-05-04 22:43:48.224,4504.602,4545.602,4545.605,TP,66.313,-6.837,25.503,213.78568333333334,242.88899999999995,242.88899999999995,0.0
2026-05-06,A_SHORT,False,4698.67,4695.063,3.606999999999971,4.115,BEAR,4698.67,4695.063,1150,4697.22,4694.465,4694.075,4694.775,0.6999999999998181,4694.075,4700.0,5.925000000000182,2026-05-06 19:15:00.145,2026-05-06 21:12:47.734,4709.575,4668.575,4709.6449999999995,SL,8.69,-71.04,-15.57,117.79315,227.31899999999996,242.88899999999995,15.569999999999993
2026-05-07,FLIP_LONG,True,4687.17,4686.03,1.1400000000003274,6.663,BEAR,4687.17,4686.03,1155,4691.785,4693.95,4693.605,4694.325,0.7200000000002547,4694.325,4700.0,5.675000000000182,2026-05-07 19:20:01.232,2026-05-07 21:49:27.834,4678.825,4719.825,4719.855,TP,54.92,-0.72,25.53,149.44336666666666,252.84899999999996,252.84899999999996,0.0
2026-05-17,A_SHORT,False,4549.85,4546.301,3.548999999999978,10.95,BEAR,4549.85,4546.301,1140,4546.306,4545.555,4544.895,4546.135,1.2399999999997817,4544.895,4550.0,5.104999999999563,2026-05-17 19:05:00.100,2026-05-17 20:24:27.183,4560.395,4519.395,4518.705000000001,TP,64.14,-39.66,26.19,79.45138333333334,279.039,279.039,0.0
2026-05-18,FLIP_LONG,True,4576.615,4573.925,2.6899999999996,4.42,BEAR,4576.615,4573.925,1145,4580.935,4580.08,4579.708,4580.552,0.8440000000000509,4580.552,4575.0,5.55199999999968,2026-05-18 19:10:00.332,2026-05-18 20:55:54.278,4565.052,4606.052,4565.014999999999,SL,8.743,-115.937,-15.537,105.8991,263.502,279.039,15.536999999999978
2026-05-27,A_SHORT,False,4458.595,4457.576,1.0190000000002328,3.41,BEAR,4458.595,4457.576,1140,4457.591,4456.745,4455.815,4456.952,1.1370000000006257,4455.815,4450.0,5.8149999999996,2026-05-27 19:05:02.337,2026-05-27 21:21:59.009,4471.315,4430.315,4429.815,TP,88.96,-61.18,26.0,136.94453333333334,289.502,289.502,0.0
2026-05-28,FLIP_LONG,True,4495.661,4491.331,4.329999999999927,5.203,BEAR,4495.661,4491.331,1155,4494.861,4495.981,4495.508,4496.442,0.9340000000001965,4496.442,4500.0,3.5579999999999927,2026-05-28 19:20:00.790,2026-05-29 02:02:41.647,4480.942,4521.942,4522.145,TP,98.223,-7.757,25.703,402.68095,315.205,315.205,0.0
2026-06-02,A_SHORT,False,4489.125,4484.976,4.149000000000342,8.338,BEAR,4489.125,4484.976,1150,4482.371,4477.555,4477.165,4477.895,0.7300000000004729,4477.165,4475.0,2.1649999999999636,2026-06-02 19:15:00.052,2026-06-02 20:40:04.035,4492.665,4451.665,4492.675,SL,50.373,-19.94,-15.51,85.06638333333333,299.695,315.205,15.509999999999991
2026-06-04,A_SHORT,False,4475.25,4469.74,5.510000000000218,7.373,BEAR,4475.25,4469.74,1165,4471.793,4469.445,4469.095,4469.845,0.75,4469.095,4475.0,5.904999999999745,2026-06-04 19:30:00.245,2026-06-04 22:01:33.659,4484.595,4443.595,4443.145,TP,156.95,-7.15,25.95,151.5569,325.645,325.645,0.0
2026-06-24,A_SHORT,False,4002.206,3996.44,5.766000000000076,9.606,BEAR,4002.206,3996.44,1140,3996.515,3995.525,3994.948,3996.192,1.2440000000001419,3994.948,4000.0,5.052000000000135,2026-06-24 19:05:02.094,2026-06-24 19:35:21.793,4010.448,3969.448,4010.812,SL,31.633,-49.537,-15.864,30.328316666666666,309.781,325.645,15.863999999999976
2026-06-25,A_SHORT,False,4028.535,4026.455,2.0799999999999272,8.22,BEAR,4028.535,4026.455,1140,4026.405,4023.64,4023.008,4024.222,1.2140000000003965,4023.008,4025.0,1.9920000000001892,2026-06-25 19:05:00.776,2026-06-25 22:37:23.189,4038.508,3997.508,3997.4849999999997,TP,39.603,-73.537,25.523,212.37355,335.30400000000003,335.30400000000003,0.0
2026-07-07,FLIP_LONG,True,4101.18,4098.53,2.6500000000005457,5.42,BEAR,4101.18,4098.53,1140,4098.46,4102.025,4100.665,4103.185,2.5200000000004366,4103.185,4100.0,3.1850000000004,2026-07-07 19:05:01.656,2026-07-07 23:01:55.463,4087.6850000000004,4128.685,4128.735000000001,TP,30.5,-81.66,25.55,236.89678333333333,360.85400000000004,360.85400000000004,0.0
2026-07-09,FLIP_LONG,True,4123.92,4121.76,2.1599999999998545,3.075,BEAR,4123.92,4121.76,1145,4123.65,4124.47,4123.045,4125.795,2.75,4125.795,4125.0,0.7950000000000728,2026-07-09 19:10:00.202,2026-07-09 21:39:37.285,4110.295,4151.295,4110.235,SL,8.76,-53.21,-15.56,149.61805,345.29400000000004,360.85400000000004,15.560000000000002
2026-07-12,A_SHORT,False,4078.665,4076.665,2.0,11.66,BEAR,4078.665,4076.665,1140,4076.755,4070.625,4069.225,4072.005,2.7800000000002,4069.225,4075.0,5.775000000000091,2026-07-12 19:05:00.421,2026-07-12 19:57:38.581,4084.725,4043.725,4084.995,SL,82.36,-22.4,-15.77,52.636,329.52400000000006,360.85400000000004,31.329999999999984
2026-07-13,A_SHORT,False,4003.87,4001.955,1.9149999999999636,4.14,BEAR,4003.87,4001.955,1140,4002.075,4001.26,4000.215,4002.985,2.769999999999982,4000.215,4000.0,0.21500000000014552,2026-07-13 19:05:00.429,2026-07-13 22:11:36.915,4015.715,3974.715,4015.835,SL,16.07,-106.83,-15.62,186.6081,313.90400000000005,360.85400000000004,46.94999999999999
2026-07-14,A_SHORT,False,4050.77,4049.035,1.7350000000001273,2.535,BEAR,4050.77,4049.035,1150,4049.25,4047.675,4047.295,4048.115,0.819999999999709,4047.295,4050.0,2.7049999999999272,2026-07-14 19:15:00.977,2026-07-15 02:22:22.982,4062.795,4021.795,4021.755,TP,29.49,-34.34,25.54,427.36675,339.4440000000001,360.85400000000004,21.409999999999968
2026-07-20,FLIP_LONG,True,4004.165,4000.48,3.6849999999999454,8.985,BEAR,4004.165,4000.48,1140,4000.67,4004.44,4003.795,4005.225,1.4299999999998363,4005.225,4000.0,5.224999999999909,2026-07-20 19:05:00.007,2026-07-20 21:16:31.772,3989.725,4030.725,4030.775,TP,81.55,-5.08,25.55,131.52941666666666,364.9940000000001,364.9940000000001,0.0
2026-07-30,A_SHORT,False,4110.7,4109.27,1.4299999999993815,2.595,BEAR,4110.7,4109.27,1160,4106.605,4106.09,4105.595,4106.345,0.75,4105.595,4100.0,5.595000000000255,2026-07-30 19:25:00.886,2026-07-30 22:42:02.668,4121.095,4080.0950000000003,4080.0350000000003,TP,84.37,-4.86,25.56,197.0297,390.5540000000001,390.5540000000001,0.0
2026-08-02,FLIP_LONG,True,4066.945,4064.135,2.8099999999999454,3.5,BEAR,4066.945,4064.135,1155,4066.61,4071.98,4071.525,4072.405,0.8800000000001091,4072.405,4075.0,2.5949999999998,2026-08-02 19:20:00.080,2026-08-02 20:43:56.042,4056.905,4097.905000000001,4056.8250000000003,SL,6.75,-53.49,-15.58,83.9327,374.9740000000001,390.5540000000001,15.579999999999984
2026-08-13,A_SHORT,False,4360.53,4355.05,5.479999999999563,7.475,BEAR,4360.53,4355.05,1140,4355.465,4349.76,4348.305,4351.145,2.8400000000001455,4348.305,4350.0,1.694999999999709,2026-08-13 19:05:00.466,2026-08-13 19:29:01.624,4363.805,4322.805,4363.805,SL,37.14,-49.04,-15.5,24.0193,359.4740000000001,390.5540000000001,31.079999999999984
2026-08-17,FLIP_LONG,True,4414.705,4411.655,3.050000000000182,5.7,BEAR,4414.705,4411.655,1165,4418.14,4420.43,4419.945,4420.695,0.75,4420.695,4425.0,4.305000000000291,2026-08-17 19:30:00.126,2026-08-17 21:47:33.172,4405.195,4446.195,4404.6849999999995,SL,15.21,-91.4,-16.01,137.55076666666668,343.4640000000001,390.5540000000001,47.089999999999975
