date,branch,direction,bHi,bLo,dOpen,entry,sl,tp,outcome,bars_held,pnl,mfe,mae
2021-08-23,ashort,-1,7487.629,7485.539,7496.629,7485.539,7504.629,7446.539,TIMEOUT,180,-5.12,29.0,8.46
2021-08-24,ashort,-1,7510.999,7506.599,7507.689,7506.599,7527.999,7467.599,TIMEOUT,180,-11.4,7.06,16.06
2021-08-25,along,1,7535.629,7528.569,7514.629,7535.629,7511.569,7574.629,SL,133,-24.06,8.37,25.06
2021-08-26,ashort,-1,7520.569,7513.999,7516.629,7513.999,7537.569,7474.999,TP,36,39.0,39.46,1.69
2021-08-27,along,1,7477.999,7472.659,7472.539,7477.999,7455.659,7516.999,TIMEOUT,180,1.54,13.69,17.43
2021-08-30,ashort,-1,7520.599,7515.629,7516.599,7515.629,7537.599,7476.629,TP,30,39.0,41.06,11.06
2021-08-31,along,1,7521.999,7520.999,7515.629,7521.999,7503.999,7560.999,TIMEOUT,180,12.6,13.0,17.43
2021-09-01,ashort,-1,7493.999,7483.999,7505.629,7483.999,7510.999,7444.999,TIMEOUT,180,-12.69,27.43,17.63
2021-09-02,along,1,7513.569,7495.689,7483.999,7513.569,7478.689,7552.569,SL,22,-34.88,0.09,37.97
2021-09-03,along,1,7512.539,7503.599,7502.999,7512.539,7486.599,7551.539,TIMEOUT,180,14.0,17.46,9.0
2021-09-06,ashort,-1,7481.539,7471.599,7484.569,7471.599,7498.539,7432.599,TIMEOUT,180,-4.06,33.06,8.09
2021-09-07,ashort,-1,7527.689,7518.599,7533.659,7518.599,7544.689,7479.599,TIMEOUT,180,-0.03,32.0,21.0
2021-09-08,ashort,-1,7479.569,7478.689,7505.539,7478.689,7496.569,7439.689,SL,11,-17.88,4.06,20.0
2021-09-09,ashort,-1,7471.539,7469.689,7477.569,7469.689,7488.539,7430.689,TP,51,39.0,39.03,8.31
2021-09-10,along,1,7416.999,7399.569,7385.569,7416.999,7382.569,7455.999,SL,132,-34.43,15.69,34.46
2021-09-13,along,1,7396.659,7390.599,7387.629,7396.659,7373.599,7435.659,TP,160,39.0,41.94,6.12
2021-09-14,ashort,-1,7435.659,7423.689,7427.629,7423.689,7452.659,7384.689,TIMEOUT,180,18.09,36.15,3.91
2021-09-15,along,1,7416.539,7412.689,7403.999,7416.539,7395.689,7455.539,SL,32,-20.85,0.0,23.0
2021-09-16,ashort,-1,7441.599,7437.689,7446.599,7437.689,7458.599,7398.689,SL,50,-20.91,10.09,23.97
2021-09-17,ashort,-1,7432.999,7421.629,7448.999,7421.629,7449.999,7382.629,TP,88,39.0,39.03,7.37
2021-09-20,ashort,-1,7328.629,7324.539,7336.629,7324.539,7345.629,7285.539,TP,123,39.0,39.0,4.12
2021-09-21,along,1,7192.539,7190.539,7167.569,7192.539,7173.539,7231.539,TP,45,39.0,43.15,4.0
2021-09-24,ashort,-1,7377.689,7371.569,7377.999,7371.569,7394.689,7332.569,TIMEOUT,180,34.97,37.88,3.03
2021-09-27,along,1,7353.599,7340.689,7343.539,7353.599,7323.689,7392.599,TP,47,39.0,39.4,2.06
2021-09-28,ashort,-1,7343.659,7340.999,7347.659,7340.999,7360.659,7301.999,TP,82,39.0,39.43,11.6
2021-09-29,ashort,-1,7197.659,7189.599,7191.629,7189.599,7214.659,7150.599,TP,107,39.0,39.91,19.09
2021-09-30,along,1,7244.659,7231.599,7235.539,7244.659,7214.599,7283.659,TP,109,39.0,40.0,2.09
2021-10-04,along,1,7276.659,7270.999,7199.539,7276.659,7253.999,7315.659,SL,126,-22.66,30.34,24.03
2021-10-05,along,1,7238.659,7219.539,7211.629,7238.659,7202.539,7277.659,SL,115,-36.12,30.03,37.0
2021-10-06,ashort,-1,7286.629,7279.569,7286.659,7279.569,7303.629,7240.569,TP,117,39.0,40.0,3.0
2021-10-07,along,1,7249.999,7247.999,7249.629,7249.999,7230.999,7288.999,SL,15,-19.0,14.0,20.37
2021-10-08,along,1,7315.629,7313.569,7293.659,7315.629,7296.569,7354.629,SL,27,-19.06,4.37,22.06
2021-10-12,along,1,7272.659,7255.659,7264.629,7272.659,7238.659,7311.659,TP,35,39.0,40.03,1.12
2021-10-13,along,1,7284.689,7273.689,7268.599,7284.689,7256.689,7323.689,SL,13,-28.0,1.31,28.12
2021-10-18,ashort,-1,7387.689,7371.689,7391.659,7371.689,7404.689,7332.689,TIMEOUT,180,-17.88,21.69,23.88
2021-10-19,along,1,7369.999,7367.659,7360.659,7369.999,7350.659,7408.999,TIMEOUT,55,31.63,33.69,9.4
2021-10-21,along,1,7422.629,7422.599,7421.659,7422.629,7405.599,7461.629,SL,13,-17.03,1.03,17.03
2021-10-22,ashort,-1,7390.999,7375.689,7400.539,7375.689,7407.999,7336.689,SL,57,-32.31,3.06,33.31
2021-10-26,along,1,7459.569,7457.539,7458.689,7459.569,7440.539,7498.569,TIMEOUT,180,-7.57,12.43,10.97
2021-10-27,along,1,7458.999,7448.629,7452.999,7458.999,7431.629,7497.999,SL,93,-27.37,17.6,27.43
2021-10-28,along,1,7421.599,7416.629,7409.999,7421.599,7399.629,7460.599,TIMEOUT,180,2.0,25.09,6.03
2021-10-29,ashort,-1,7437.569,7431.629,7438.999,7431.629,7454.569,7392.629,TP,73,39.0,42.94,10.0
2021-11-01,ashort,-1,7388.689,7378.539,7391.629,7378.539,7405.689,7339.539,TP,11,39.0,43.0,2.09
2021-11-02,ashort,-1,7391.539,7390.689,7393.539,7390.689,7408.539,7351.689,TP,49,39.0,39.12,6.31
2021-11-03,along,1,7381.659,7380.999,7380.569,7381.659,7363.999,7420.659,TIMEOUT,54,11.34,25.34,9.0
2021-11-05,along,1,7444.599,7442.599,7442.569,7444.599,7425.599,7483.599,TIMEOUT,180,19.97,35.4,3.97
2021-11-08,along,1,7469.569,7464.629,7468.659,7469.569,7447.629,7508.569,SL,13,-21.94,8.06,23.97
2021-11-09,ashort,-1,7455.659,7449.539,7456.569,7449.539,7472.659,7410.539,TIMEOUT,54,-10.15,7.54,17.46
2021-11-11,along,1,7409.689,7404.599,7403.659,7409.689,7387.599,7448.689,SL,41,-22.09,13.31,23.03
2021-11-12,along,1,7413.689,7412.539,7413.659,7413.689,7395.539,7452.689,TP,64,39.0,39.31,3.0
2021-11-15,along,1,7450.569,7447.539,7444.569,7450.569,7430.539,7489.569,TIMEOUT,180,21.43,28.09,2.97
2021-11-16,along,1,7447.999,7446.599,7441.659,7447.999,7429.599,7486.999,SL,22,-18.4,0.63,19.4
2021-11-17,ashort,-1,7419.999,7417.629,7419.599,7417.629,7436.999,7378.629,TP,160,39.0,39.63,18.03
2021-11-18,ashort,-1,7371.539,7370.569,7374.539,7370.569,7388.539,7331.569,SL,81,-17.97,31.03,19.09
2021-11-19,ashort,-1,7374.569,7367.539,7380.599,7367.539,7391.569,7328.539,SL,41,-24.03,0.88,26.06
2021-11-23,along,1,7364.599,7349.569,7350.999,7364.599,7332.569,7403.599,TP,83,39.0,42.94,2.06
2021-11-24,ashort,-1,7406.569,7393.539,7402.659,7393.539,7423.569,7354.539,SL,153,-30.03,14.88,30.09
2021-11-25,ashort,-1,7404.659,7403.999,7410.659,7403.999,7421.659,7364.999,TIMEOUT,180,22.0,35.34,8.0
2021-11-26,ashort,-1,7399.689,7393.999,7410.999,7393.999,7416.689,7354.999,TIMEOUT,54,32.46,36.34,2.0
2021-11-29,along,1,7207.539,7197.999,7194.629,7207.539,7180.999,7246.539,TP,68,39.0,40.12,22.0
2021-11-30,along,1,7278.689,7275.539,7268.689,7278.689,7258.539,7317.689,TP,63,39.0,40.0,8.12
2021-12-01,along,1,7234.599,7219.599,7208.659,7234.599,7202.599,7273.599,SL,78,-32.0,29.94,41.03
2021-12-02,along,1,7167.599,7152.599,7155.539,7167.599,7135.599,7206.599,TIMEOUT,55,19.09,26.4,6.03
2021-12-07,along,1,7308.659,7308.539,7297.569,7308.659,7291.539,7347.659,SL,48,-17.12,9.03,17.12
2021-12-08,along,1,7387.999,7377.689,7374.539,7387.999,7360.689,7426.999,SL,31,-27.31,1.63,27.46
2021-12-10,ashort,-1,7355.599,7350.629,7363.629,7350.629,7372.599,7311.629,TIMEOUT,180,-2.0,5.09,19.37
2021-12-15,along,1,7356.569,7348.689,7346.539,7356.569,7331.689,7395.569,SL,106,-24.88,9.43,26.57
2021-12-16,ashort,-1,7352.569,7348.569,7362.689,7348.569,7369.569,7309.569,TP,74,39.0,39.0,3.97
2021-12-17,along,1,7334.689,7321.569,7308.999,7334.689,7304.569,7373.689,TIMEOUT,180,13.85,15.31,3.12
2021-12-20,along,1,7292.599,7292.539,7282.629,7292.599,7275.539,7331.599,SL,50,-17.06,10.4,19.0
2021-12-21,ashort,-1,7297.569,7295.569,7300.659,7295.569,7314.569,7256.569,SL,16,-19.0,0.0,20.03
2021-12-22,ashort,-1,7364.659,7360.599,7361.599,7360.599,7381.659,7321.599,TIMEOUT,180,25.94,32.0,11.4
2021-12-23,along,1,7401.689,7386.659,7397.659,7401.689,7369.659,7440.689,TIMEOUT,180,-7.09,6.97,28.06
2021-12-24,along,1,7437.659,7434.689,7425.539,7437.659,7417.689,7476.659,SL,11,-19.97,0.0,20.12
2021-12-30,along,1,7521.659,7517.599,7505.689,7521.659,7500.599,7560.659,SL,142,-21.06,3.91,21.09
2021-12-31,ashort,-1,7514.569,7513.539,7517.539,7513.539,7531.569,7474.539,TP,75,39.0,39.94,2.09
2022-01-05,along,1,7615.569,7612.569,7597.569,7615.569,7595.569,7654.569,SL,14,-20.0,5.12,25.0
2022-01-11,along,1,7410.599,7402.689,7396.689,7410.599,7385.689,7449.599,TIMEOUT,55,1.06,17.09,14.91
2022-01-14,along,1,7428.999,7428.689,7427.999,7428.999,7411.689,7467.999,SL,87,-17.31,10.63,18.0
2022-01-17,ashort,-1,7410.569,7409.539,7425.599,7409.539,7427.569,7370.539,TIMEOUT,180,6.94,28.88,11.12
2022-01-18,ashort,-1,7429.659,7422.629,7439.569,7422.629,7446.659,7383.629,TIMEOUT,55,-17.0,9.0,20.06
2022-01-24,along,1,7111.659,7110.539,7099.689,7111.659,7093.539,7150.659,SL,8,-18.12,9.97,23.09
2022-01-28,along,1,6953.629,6928.689,6928.689,6953.629,6911.689,6992.629,SL,15,-41.94,19.37,44.06
2022-01-31,ashort,-1,6973.539,6937.539,6995.659,6937.539,6990.539,6898.539,TIMEOUT,180,-28.15,4.88,51.46
2022-02-01,ashort,-1,6987.599,6980.539,6986.539,6980.539,7004.599,6941.539,TP,14,39.0,40.0,2.15
2022-02-02,ashort,-1,7064.569,7055.659,7068.689,7055.659,7081.569,7016.659,SL,59,-25.91,4.03,26.03
2022-02-03,ashort,-1,7060.999,7057.689,7058.999,7057.689,7077.999,7018.689,SL,99,-20.31,16.12,21.31
2022-02-04,along,1,7064.689,7044.599,7036.599,7064.689,7027.599,7103.689,TP,20,39.0,39.31,11.69
2022-02-08,along,1,7109.659,7102.599,7107.629,7109.659,7085.599,7148.659,TP,36,39.0,44.88,0.0
2022-02-09,along,1,7229.629,7225.999,7212.689,7229.629,7208.999,7268.629,SL,29,-20.63,13.03,21.09
2022-02-10,along,1,7306.659,7302.629,7288.629,7306.659,7285.629,7345.659,SL,110,-21.03,35.03,21.12
2022-02-11,ashort,-1,7232.659,7230.629,7230.659,7230.629,7249.659,7191.629,SL,11,-19.03,2.09,21.37
2022-02-14,along,1,7194.689,7189.599,7170.999,7194.689,7172.599,7233.689,TP,26,39.0,39.0,2.12
2022-02-16,along,1,7256.976,7256.676,7254.666,7256.976,7239.676,7295.976,SL,7,-17.3,0.46,18.75
2022-02-17,along,1,7321.999,7314.629,7287.569,7321.999,7297.629,7360.999,SL,47,-24.37,20.6,24.37
2022-02-22,along,1,7156.629,7134.599,7133.629,7156.629,7117.599,7195.629,TIMEOUT,55,-5.03,16.91,28.97
2022-02-28,ashort,-1,7051.999,7034.539,7103.999,7034.539,7068.999,6995.539,TP,60,39.0,39.97,19.09
2022-03-01,along,1,7104.539,7093.599,7083.689,7104.539,7076.599,7143.539,TIMEOUT,55,28.0,35.46,8.0
2022-03-07,ashort,-1,7127.539,7095.659,7125.599,7095.659,7144.539,7056.659,TIMEOUT,55,7.66,20.09,42.34
2022-03-10,ashort,-1,7070.689,7065.689,7086.569,7065.689,7087.689,7026.689,SL,33,-22.0,4.12,22.31
2022-03-11,along,1,7126.569,7121.629,7100.539,7126.569,7104.629,7165.569,TIMEOUT,55,-8.57,27.43,8.57
2022-03-16,ashort,-1,7136.999,7134.689,7139.629,7134.689,7153.999,7095.689,SL,81,-19.31,13.06,21.31
2022-03-17,along,1,7300.569,7295.659,7287.539,7300.569,7278.659,7339.569,TIMEOUT,2,-0.03,0.06,0.03
2022-03-21,ashort,-1,7344.539,7336.569,7343.599,7336.569,7361.539,7297.569,TIMEOUT,55,3.57,6.03,14.12
2022-03-23,along,1,7379.599,7366.599,7364.629,7379.599,7349.599,7418.599,TIMEOUT,55,-2.97,0.0,14.06
2022-03-25,ashort,-1,7410.629,7408.689,7416.689,7408.689,7427.629,7369.689,SL,169,-18.94,19.15,22.91
2022-03-31,along,1,7543.539,7536.539,7529.629,7543.539,7519.539,7582.539,TIMEOUT,180,-2.94,10.15,12.85
2022-04-01,along,1,7481.539,7471.999,7477.539,7481.539,7454.999,7520.539,TIMEOUT,55,-2.88,10.46,11.0
2022-04-04,along,1,7520.659,7520.539,7500.629,7520.659,7503.539,7559.659,TIMEOUT,180,-7.03,12.97,9.0
2022-04-05,ashort,-1,7541.569,7536.569,7552.599,7536.569,7558.569,7497.569,SL,106,-22.0,9.03,24.97
2022-04-08,ashort,-1,7486.659,7485.569,7493.539,7485.569,7503.659,7446.569,TIMEOUT,180,2.0,26.03,7.43
2022-04-11,ashort,-1,7493.539,7482.599,7509.599,7482.599,7510.539,7443.599,SL,36,-27.94,1.0,31.09
2022-04-20,ashort,-1,7609.599,7606.629,7612.659,7606.629,7626.599,7567.629,TIMEOUT,180,20.0,23.63,16.91
2022-04-26,ashort,-1,7320.569,7306.569,7319.659,7306.569,7337.569,7267.569,SL,82,-31.0,20.0,31.12
2022-04-27,along,1,7261.539,7234.539,7237.599,7261.539,7217.539,7300.539,TIMEOUT,180,19.15,20.15,33.97
2022-04-28,ashort,-1,7316.659,7314.999,7323.689,7314.999,7333.659,7275.999,SL,44,-18.66,10.37,19.0
2022-04-29,along,1,7398.539,7395.569,7393.689,7398.539,7378.569,7437.539,TIMEOUT,180,7.0,28.46,7.0
2022-05-17,ashort,-1,7123.599,7115.689,7116.629,7115.689,7140.599,7076.689,TIMEOUT,180,10.69,14.09,17.31
2022-05-18,along,1,7181.539,7179.629,7179.999,7181.539,7162.629,7220.539,SL,61,-18.91,20.46,22.85
2022-05-19,along,1,7041.569,7038.569,7029.659,7041.569,7021.569,7080.569,TP,158,39.0,39.09,5.91
2022-05-25,ashort,-1,7151.569,7149.599,7154.599,7149.599,7168.569,7110.599,SL,42,-18.97,7.06,19.4
2022-06-02,ashort,-1,7166.569,7163.569,7163.659,7163.569,7183.569,7124.569,TIMEOUT,180,3.97,17.91,10.43
2022-06-06,along,1,7212.689,7204.689,7205.689,7212.689,7187.689,7251.689,TIMEOUT,180,-2.06,10.85,19.69
2022-06-09,ashort,-1,7083.689,7071.689,7078.659,7071.689,7100.689,7032.689,TP,74,39.0,40.03,10.31
2022-06-22,ashort,-1,6565.629,6558.599,6559.539,6558.599,6582.629,6519.599,TP,144,39.0,41.0,1.0
2022-06-27,ashort,-1,6660.599,6656.999,6661.569,6656.999,6677.599,6617.999,SL,63,-20.6,4.46,23.69
2022-07-04,along,1,6627.629,6626.629,6623.539,6627.629,6609.629,6666.629,SL,154,-18.0,36.94,18.09
2022-07-05,ashort,-1,6650.569,6627.629,6664.599,6627.629,6667.569,6588.629,TIMEOUT,180,3.97,35.06,11.06
2022-07-06,along,1,6585.999,6567.629,6561.689,6585.999,6550.629,6624.999,TP,31,39.0,41.57,2.46
2022-07-07,ashort,-1,6627.999,6624.689,6628.689,6624.689,6644.999,6585.689,TIMEOUT,180,13.09,35.15,3.0
2022-07-08,ashort,-1,6699.629,6695.659,6695.659,6695.659,6716.629,6656.659,TIMEOUT,180,17.03,28.06,18.34
2022-07-12,along,1,6646.999,6632.689,6623.539,6646.999,6615.689,6685.999,SL,59,-31.31,2.0,31.46
2022-07-13,ashort,-1,6597.999,6590.629,6604.599,6590.629,6614.999,6551.629,SL,76,-24.37,9.09,25.37
2022-07-14,along,1,6599.629,6582.999,6587.629,6599.629,6565.999,6638.629,TP,60,39.0,40.0,2.06
2022-07-15,ashort,-1,6590.999,6573.659,6602.599,6573.659,6607.999,6534.659,TP,37,39.0,41.12,1.0
2022-07-18,ashort,-1,6664.999,6658.999,6667.569,6658.999,6681.999,6619.999,TP,59,39.0,40.37,2.69
2022-07-19,ashort,-1,6678.539,6669.629,6682.999,6669.629,6695.539,6630.629,TIMEOUT,180,-0.03,12.06,23.97
2022-07-20,ashort,-1,6739.659,6726.689,6732.599,6726.689,6756.659,6687.689,SL,84,-29.97,11.69,30.0
2022-07-21,along,1,6762.999,6748.569,6746.999,6762.999,6731.569,6801.999,TIMEOUT,180,-4.46,2.6,23.37
2022-08-03,ashort,-1,6980.599,6951.569,6993.539,6951.569,6997.599,6912.569,TIMEOUT,180,-20.43,35.91,24.12
2022-08-04,ashort,-1,7007.689,6996.599,7012.689,6996.599,7024.689,6957.599,TIMEOUT,180,7.94,14.97,25.03
2022-08-05,ashort,-1,6987.569,6973.629,6998.569,6973.629,7004.569,6934.629,SL,107,-30.94,7.06,30.94
2022-08-10,along,1,7000.999,6999.999,6994.599,7000.999,6982.999,7039.999,SL,14,-18.0,0.0,20.37
2022-08-18,ashort,-1,7109.629,7100.599,7102.569,7100.599,7126.629,7061.599,TIMEOUT,180,-5.94,25.91,11.4
2022-08-19,ashort,-1,7133.689,7120.599,7128.569,7120.599,7150.689,7081.599,TIMEOUT,180,1.06,14.03,16.06
2022-08-24,along,1,6982.539,6969.689,6971.689,6982.539,6952.689,7021.539,TIMEOUT,180,26.46,29.15,11.91
2022-08-25,ashort,-1,7027.659,7007.629,7015.629,7007.629,7044.659,6968.629,SL,61,-37.03,3.09,38.06
2022-08-26,ashort,-1,7071.599,7056.659,7068.659,7056.659,7088.599,7017.659,SL,59,-31.94,2.06,31.97
2022-08-29,along,1,6979.599,6963.569,6953.999,6979.599,6946.569,7018.599,SL,112,-33.03,10.09,33.03
2022-08-30,ashort,-1,6997.629,6982.569,6989.569,6982.569,7014.629,6943.569,TIMEOUT,180,-12.0,4.0,20.97
2022-08-31,ashort,-1,6938.569,6938.539,6944.569,6938.539,6955.569,6899.539,SL,26,-17.03,3.97,18.09
2022-09-01,ashort,-1,6845.569,6833.599,6847.629,6833.599,6862.569,6794.599,TIMEOUT,180,-24.06,2.03,26.4
2022-09-06,ashort,-1,6861.526,6854.629,6861.126,6854.629,6878.526,6815.629,SL,11,-23.897,0.0,24.91
2022-09-16,along,1,6791.659,6787.659,6788.569,6791.659,6770.659,6830.659,SL,99,-21.0,9.34,21.06
2022-10-04,along,1,6570.226,6562.999,6555.196,6570.226,6545.999,6609.226,TIMEOUT,53,18.5,25.06,4.0
2022-10-06,along,1,6779.666,6779.286,6774.226,6779.666,6762.286,6818.666,TIMEOUT,55,25.993,29.023,2.03
2022-10-13,ashort,-1,6633.226,6630.636,6635.096,6630.636,6650.226,6591.636,SL,35,-19.59,2.94,20.46
2022-10-14,ashort,-1,6743.596,6735.636,6742.756,6735.636,6760.596,6696.636,SL,11,-24.96,0.0,25.62
2022-10-18,ashort,-1,6738.726,6738.596,6739.596,6738.596,6755.726,6699.596,SL,16,-17.13,0.0,18.16
2022-10-20,ashort,-1,6734.246,6729.689,6738.256,6729.689,6751.246,6690.689,TIMEOUT,54,-6.037,4.523,11.037
2022-10-25,ashort,-1,6809.636,6808.696,6813.286,6808.696,6826.636,6769.696,SL,6,-17.94,0.0,18.09
2022-11-02,along,1,6984.286,6975.569,6973.569,6984.286,6958.569,7023.286,TIMEOUT,180,14.81,25.31,5.627
2022-11-03,ashort,-1,6867.569,6849.666,6872.756,6849.666,6884.569,6810.666,TIMEOUT,180,-2.903,36.037,7.333
2022-11-04,ashort,-1,6831.629,6831.629,6837.689,6831.629,6848.629,6792.629,TIMEOUT,54,-4.94,4.09,11.37
2022-11-08,ashort,-1,6961.659,6949.696,6956.696,6949.696,6978.659,6910.696,TIMEOUT,53,-5.0,10.0,5.03
2022-11-10,along,1,6970.629,6961.539,6937.196,6970.629,6944.539,7009.629,TIMEOUT,180,-5.06,13.03,21.09
2022-11-11,ashort,-1,7153.569,7142.629,7172.256,7142.629,7170.569,7103.629,SL,52,-27.94,4.03,27.97
2022-11-15,along,1,7132.539,7126.599,7125.569,7132.539,7109.599,7171.539,TIMEOUT,180,-12.88,10.327,19.97
2022-11-16,ashort,-1,7127.196,7117.666,7118.686,7117.666,7144.196,7078.666,TIMEOUT,180,7.127,16.667,20.333
2022-11-17,along,1,7142.539,7134.689,7099.286,7142.539,7117.689,7181.539,TIMEOUT,54,-9.94,0.12,15.183
2022-11-22,along,1,7174.629,7172.539,7168.996,7174.629,7155.539,7213.629,TIMEOUT,180,1.657,9.06,10.533
2022-11-23,ashort,-1,7239.569,7235.689,7247.696,7235.689,7256.569,7196.689,TIMEOUT,180,4.963,12.15,10.667
2022-11-24,along,1,7251.629,7251.569,7246.316,7251.629,7234.569,7290.629,TIMEOUT,180,-1.03,13.06,7.563
2022-11-25,ashort,-1,7256.569,7252.629,7260.726,7252.629,7273.569,7213.629,TIMEOUT,54,4.0,6.233,2.617
2022-11-28,ashort,-1,7238.689,7237.999,7249.666,7237.999,7255.689,7198.999,TIMEOUT,180,11.303,23.073,6.727
2022-11-29,ashort,-1,7222.196,7215.569,7230.176,7215.569,7239.196,7176.569,TIMEOUT,180,-20.627,16.57,22.567
2022-11-30,along,1,7240.506,7235.056,7240.196,7240.506,7218.056,7279.506,TP,154,39.0,40.16,21.877
2022-12-01,along,1,7375.006,7366.366,7362.569,7375.006,7349.366,7414.006,SL,83,-25.64,0.0,27.467
2022-12-02,ashort,-1,7331.836,7328.306,7341.569,7328.306,7348.836,7289.306,TIMEOUT,180,23.767,27.647,6.47
2022-12-05,ashort,-1,7312.396,7308.466,7323.316,7308.466,7329.396,7269.466,SL,46,-20.93,10.467,21.223
2022-12-06,ashort,-1,7287.689,7284.486,7294.569,7284.486,7304.689,7245.486,SL,40,-20.203,1.48,22.053
2022-12-07,along,1,7247.586,7238.126,7243.146,7247.586,7221.126,7286.586,SL,141,-26.46,7.06,29.047
2022-12-08,ashort,-1,7221.689,7217.569,7226.566,7217.569,7238.689,7178.569,TP,113,39.0,39.793,6.43
2022-12-09,along,1,7203.539,7203.026,7197.659,7203.539,7186.026,7242.539,SL,79,-17.513,7.337,18.88
2022-12-12,ashort,-1,7186.446,7181.506,7185.846,7181.506,7203.446,7142.506,TIMEOUT,180,20.15,26.967,1.38
2022-12-13,along,1,7222.539,7220.599,7217.856,7222.539,7203.599,7261.539,SL,18,-18.94,3.15,18.94
2022-12-14,along,1,7244.539,7241.689,7230.999,7244.539,7224.689,7283.539,SL,25,-19.85,1.757,20.693
2022-12-15,along,1,7211.689,7207.599,7203.629,7211.689,7190.599,7250.689,TIMEOUT,180,12.037,26.31,21.03
2022-12-16,along,1,7139.666,7138.696,7126.666,7139.666,7121.696,7178.666,SL,6,-17.97,0.62,20.41
2022-12-19,along,1,7123.599,7110.689,7111.659,7123.599,7093.689,7162.599,TIMEOUT,180,16.06,29.09,1.97
2022-12-20,along,1,7130.166,7124.196,7113.166,7130.166,7107.196,7169.166,SL,51,-22.97,0.0,23.44
2022-12-21,along,1,7083.569,7076.539,7080.629,7083.569,7059.539,7122.569,TP,86,39.0,41.12,0.91
2022-12-22,ashort,-1,7152.689,7152.629,7154.539,7152.629,7169.689,7113.629,TIMEOUT,180,-11.37,11.09,13.06
2022-12-29,along,1,7042.999,7042.569,7038.696,7042.999,7025.569,7081.999,SL,56,-17.43,3.0,19.0
2022-12-30,ashort,-1,7064.696,7061.226,7066.689,7061.226,7081.696,7022.226,TIMEOUT,180,3.567,22.567,12.433
2023-01-05,along,1,7079.569,7073.569,7064.666,7079.569,7056.569,7118.569,TIMEOUT,53,7.067,20.43,0.0
2023-01-09,ashort,-1,7169.629,7157.659,7172.599,7157.659,7186.629,7118.659,TIMEOUT,55,0.06,5.03,25.91
2023-01-12,along,1,7254.629,7252.726,7250.539,7254.629,7235.726,7293.629,TIMEOUT,180,21.157,28.067,15.933
2023-01-13,along,1,7316.599,7315.726,7315.726,7316.599,7298.726,7355.599,TIMEOUT,54,21.0,23.09,2.06
2023-01-16,along,1,7368.196,7367.636,7362.286,7368.196,7350.636,7407.196,TIMEOUT,180,13.373,28.343,6.56
2023-01-17,along,1,7372.096,7364.596,7366.756,7372.096,7347.596,7411.096,TIMEOUT,180,6.473,27.503,6.407
2023-01-18,along,1,7398.666,7394.726,7393.786,7398.666,7377.726,7437.666,TIMEOUT,55,-3.94,6.03,8.0
2023-01-20,along,1,7442.569,7437.999,7433.629,7442.569,7420.999,7481.569,TIMEOUT,180,-2.0,13.12,18.97
2023-01-23,ashort,-1,7472.166,7469.786,7480.636,7469.786,7489.166,7430.786,TIMEOUT,180,11.127,32.0,8.5
2023-01-24,ashort,-1,7475.689,7472.659,7484.629,7472.659,7492.689,7433.659,TIMEOUT,53,9.66,11.03,5.34
2023-01-27,ashort,-1,7509.196,7505.786,7519.756,7505.786,7526.196,7466.786,TIMEOUT,55,11.03,20.15,5.97
2023-01-30,along,1,7501.999,7501.629,7498.599,7501.999,7484.629,7540.999,SL,38,-17.37,4.63,17.4
2023-02-02,along,1,7542.086,7539.506,7531.999,7542.086,7522.506,7581.086,TIMEOUT,55,0.573,4.96,8.547
2023-02-06,ashort,-1,7553.629,7548.599,7557.689,7548.599,7570.629,7509.599,TIMEOUT,180,11.03,17.97,17.06
2023-02-07,ashort,-1,7530.726,7529.696,7536.196,7529.696,7547.726,7490.696,SL,55,-18.03,2.06,18.97
2023-02-08,ashort,-1,7522.629,7518.629,7530.539,7518.629,7539.629,7479.629,TIMEOUT,180,-2.06,6.97,11.03
2023-02-09,along,1,7497.096,7492.226,7496.659,7497.096,7475.226,7536.096,TIMEOUT,180,3.563,21.15,6.527
2023-02-10,ashort,-1,7457.476,7453.086,7465.976,7453.086,7474.476,7414.086,TIMEOUT,55,10.397,10.547,9.91
2023-02-13,ashort,-1,7436.276,7425.166,7433.599,7425.166,7453.276,7386.166,TIMEOUT,55,8.507,19.91,0.0
2023-02-15,ashort,-1,7417.539,7405.629,7429.466,7405.629,7434.539,7366.629,TP,92,39.0,39.09,12.0
2023-02-16,ashort,-1,7391.689,7377.629,7390.569,7377.629,7408.689,7338.629,SL,92,-31.06,22.09,32.37
2023-02-17,ashort,-1,7382.976,7379.646,7392.539,7379.646,7399.976,7340.646,TIMEOUT,55,8.957,11.077,7.54
2023-02-20,ashort,-1,7353.629,7343.599,7346.659,7343.599,7370.629,7304.599,TIMEOUT,55,-1.327,8.03,7.09
2023-02-22,along,1,7279.659,7278.629,7272.557,7279.659,7261.629,7318.659,TP,143,39.0,40.34,13.97
2023-02-23,along,1,7288.637,7285.697,7284.257,7288.637,7268.697,7327.637,TIMEOUT,180,1.15,13.46,8.97
2023-02-24,ashort,-1,7280.689,7278.689,7283.539,7278.689,7297.689,7239.689,SL,47,-19.0,4.15,19.94
2023-02-27,ashort,-1,7240.307,7227.237,7250.599,7227.237,7257.307,7188.237,TIMEOUT,180,7.638,38.698,24.04
2023-02-28,along,1,7252.629,7252.437,7252.487,7252.629,7235.437,7291.629,TIMEOUT,55,18.06,21.458,5.552
2023-03-02,along,1,7260.597,7251.607,7248.167,7260.597,7234.607,7299.597,TIMEOUT,180,-7.6,19.402,20.908
2023-03-03,along,1,7286.177,7278.627,7269.127,7286.177,7261.627,7325.177,TIMEOUT,180,-5.72,0.98,19.518
2023-03-06,ashort,-1,7337.569,7328.689,7336.629,7328.689,7354.569,7289.689,TIMEOUT,180,1.0,8.15,10.91
2023-03-07,ashort,-1,7313.569,7309.377,7314.517,7309.377,7330.569,7270.377,SL,176,-21.192,8.57,21.21
2023-03-08,along,1,7302.687,7301.727,7298.307,7302.687,7284.727,7341.687,TIMEOUT,54,1.14,21.312,0.93
2023-03-10,ashort,-1,7235.689,7211.629,7240.539,7211.629,7252.689,7172.629,TP,129,39.0,40.322,12.37
2023-03-13,ashort,-1,7144.689,7130.707,7191.847,7130.707,7161.689,7091.707,TP,50,39.0,39.138,9.292
2023-03-14,along,1,7028.689,7020.569,6994.659,7028.689,7003.569,7067.689,SL,9,-25.12,0.928,27.09
2023-03-15,along,1,7061.599,7056.569,7046.629,7061.599,7039.569,7100.599,TIMEOUT,55,1.428,5.108,17.582
2023-03-20,along,1,6936.999,6935.629,6931.689,6936.999,6918.629,6975.999,TIMEOUT,55,5.938,14.66,5.4
2023-03-22,along,1,7028.659,7027.999,7025.817,7028.659,7010.999,7067.659,TIMEOUT,180,-4.66,3.97,16.09
2023-03-23,ashort,-1,6971.007,6964.657,6975.897,6964.657,6988.007,6925.657,TIMEOUT,180,4.96,15.04,4.342
2023-03-24,ashort,-1,6925.957,6922.659,6929.689,6922.659,6942.957,6883.659,TIMEOUT,55,-11.91,4.06,14.34
2023-03-28,along,1,7001.599,7000.867,6993.827,7001.599,6983.867,7040.599,TP,52,39.0,39.03,1.03
2023-03-30,along,1,7110.197,7106.659,7100.999,7110.197,7089.659,7149.197,TIMEOUT,180,11.492,16.71,10.658
2023-03-31,along,1,7177.629,7170.659,7152.689,7177.629,7153.659,7216.629,TIMEOUT,49,-0.03,8.94,8.09
2023-04-03,along,1,7213.999,7210.999,7201.629,7213.999,7193.999,7252.999,TIMEOUT,180,15.63,32.69,7.43
2023-04-04,along,1,7227.897,7224.999,7219.917,7227.897,7207.999,7266.897,TIMEOUT,180,-10.898,7.33,14.238
2023-04-05,along,1,7234.659,7225.629,7232.659,7234.659,7208.629,7273.659,TIMEOUT,180,3.908,24.34,12.12
2023-04-13,ashort,-1,7327.999,7327.629,7338.827,7327.629,7344.999,7288.629,TIMEOUT,180,1.732,15.0,15.37
2023-04-14,ashort,-1,7335.477,7322.599,7346.629,7322.599,7352.477,7283.599,SL,180,-29.878,11.902,30.0
2023-04-20,along,1,7369.629,7360.087,7351.577,7369.629,7343.087,7408.629,TIMEOUT,180,-3.94,13.37,25.09
2023-04-21,ashort,-1,7319.407,7317.427,7330.689,7317.427,7336.407,7278.427,SL,50,-18.98,6.798,20.48
2023-04-24,ashort,-1,7317.967,7314.357,7321.507,7314.357,7334.967,7275.357,TIMEOUT,180,-13.54,6.788,15.45
2023-04-26,along,1,7301.197,7299.599,7300.569,7301.197,7282.599,7340.197,TIMEOUT,180,13.492,22.492,17.658
2023-04-27,ashort,-1,7298.667,7297.757,7298.659,7297.757,7315.667,7258.757,TIMEOUT,180,11.158,23.17,0.0
2023-05-01,along,1,7368.347,7351.987,7351.487,7368.347,7334.987,7407.347,TIMEOUT,180,-11.02,6.03,23.42
2023-05-02,ashort,-1,7319.417,7312.817,7321.957,7312.817,7336.417,7273.817,TIMEOUT,180,-12.182,8.248,15.16
2023-05-03,ashort,-1,7212.689,7201.999,7222.727,7201.999,7229.689,7162.999,TIMEOUT,180,12.31,30.46,7.69
2023-05-08,ashort,-1,7294.689,7279.629,7283.037,7279.629,7311.689,7240.629,TIMEOUT,180,10.842,24.06,11.03
2023-05-09,ashort,-1,7264.597,7255.689,7266.539,7255.689,7281.597,7216.689,TIMEOUT,180,-3.0,17.232,5.198
2023-05-10,along,1,7236.077,7233.689,7232.659,7236.077,7216.689,7275.077,TIMEOUT,180,13.65,21.04,2.478
2023-05-11,ashort,-1,7246.945,7243.569,7247.599,7243.569,7263.945,7204.569,TIMEOUT,180,8.91,16.03,9.09
2023-05-12,along,1,7244.567,7238.647,7238.137,7244.567,7221.647,7283.567,TIMEOUT,180,-9.47,12.03,11.05
2023-05-15,ashort,-1,7253.659,7248.599,7252.847,7248.599,7270.659,7209.599,TIMEOUT,180,4.0,15.382,9.06
2023-05-16,ashort,-1,7268.877,7251.659,7275.277,7251.659,7285.877,7212.659,TIMEOUT,180,-0.608,9.06,9.03
2023-05-17,ashort,-1,7192.539,7170.659,7199.237,7170.659,7209.539,7131.659,TIMEOUT,180,-27.748,15.12,31.938
2023-05-18,ashort,-1,7246.367,7242.407,7242.569,7242.407,7263.367,7203.407,TIMEOUT,180,2.408,17.838,14.88
2023-05-19,along,1,7261.659,7257.617,7257.629,7261.659,7240.617,7300.659,TIMEOUT,180,22.03,23.0,3.12
2023-05-22,along,1,7279.659,7279.569,7269.597,7279.659,7262.569,7318.659,SL,72,-17.09,6.908,17.732
2023-05-29,along,1,7249.967,7242.599,7240.417,7249.967,7225.599,7288.967,SL,63,-24.368,7.68,24.71
2023-05-30,along,1,7214.807,7210.457,7213.917,7214.807,7193.457,7253.807,TIMEOUT,180,1.39,11.68,6.208
2023-06-02,along,1,7158.277,7155.659,7155.857,7158.277,7138.659,7197.277,SL,111,-19.618,8.95,21.96
2023-06-07,along,1,7154.601,7153.487,7148.629,7154.601,7136.487,7193.601,SL,65,-18.114,12.876,19.364
2023-06-08,along,1,7111.017,7110.629,7110.477,7111.017,7093.629,7150.017,TIMEOUT,180,8.582,10.642,14.418
2023-06-09,ashort,-1,7108.599,7106.357,7128.277,7106.357,7125.599,7067.357,SL,90,-19.242,0.0,19.25
2023-06-13,ashort,-1,7116.097,7114.659,7125.659,7114.659,7133.097,7075.659,TIMEOUT,180,-9.94,15.402,15.34
2023-06-14,ashort,-1,7175.137,7167.617,7177.569,7167.617,7192.137,7128.617,TIMEOUT,180,2.988,17.12,3.93
2023-06-19,along,1,7276.697,7272.727,7254.689,7276.697,7255.727,7315.697,TIMEOUT,180,27.4,31.09,8.06
2023-06-20,along,1,7318.197,7316.757,7302.689,7318.197,7299.757,7357.197,TP,172,39.0,39.802,11.658
2023-06-21,ashort,-1,7347.629,7340.689,7343.689,7340.689,7364.629,7301.689,TIMEOUT,180,7.03,8.0,9.31
2023-06-29,along,1,7198.137,7197.999,7187.659,7198.137,7180.999,7237.137,TIMEOUT,180,3.65,29.432,5.598
2023-06-30,ashort,-1,7199.727,7190.539,7195.757,7190.539,7216.727,7151.539,TIMEOUT,180,-5.03,29.54,17.218
2023-07-05,along,1,7274.787,7262.757,7270.659,7274.787,7245.757,7313.787,TIMEOUT,180,-24.158,7.31,25.248
2023-07-10,along,1,7077.689,7069.659,7058.689,7077.689,7052.659,7116.689,SL,93,-25.03,7.0,25.082
2023-07-11,along,1,7059.987,7058.999,7038.659,7059.987,7041.999,7098.987,TIMEOUT,180,28.22,30.72,0.99
2023-07-12,along,1,7149.247,7143.539,7142.917,7149.247,7126.539,7188.247,TIMEOUT,180,-12.648,8.9,19.708
2023-07-13,along,1,7219.599,7208.077,7207.689,7219.599,7191.077,7258.599,TIMEOUT,180,18.0,22.188,10.092
2023-07-14,ashort,-1,7277.689,7265.629,7280.629,7265.629,7294.689,7226.629,SL,115,-29.06,2.09,32.06
2023-07-17,along,1,7302.997,7301.077,7290.539,7302.997,7284.077,7341.997,SL,5,-18.92,3.07,23.428
2023-07-18,ashort,-1,7283.629,7280.227,7288.217,7280.227,7300.629,7241.227,TIMEOUT,180,12.72,22.628,8.312
2023-07-19,along,1,7328.599,7327.599,7323.599,7328.599,7310.599,7367.599,SL,141,-18.0,5.548,18.06
2023-07-25,ashort,-1,7339.999,7336.599,7347.689,7336.599,7356.999,7297.599,TIMEOUT,180,-0.4,22.03,4.09
2023-07-26,along,1,7374.569,7358.629,7347.569,7374.569,7341.629,7413.569,SL,14,-32.94,1.43,34.91
2023-07-27,along,1,7410.999,7409.599,7409.599,7410.999,7392.599,7449.999,TP,33,39.0,42.69,6.46
2023-07-28,ashort,-1,7417.659,7406.659,7443.689,7406.659,7434.659,7367.659,TIMEOUT,180,30.06,34.09,12.0
2023-07-31,ashort,-1,7414.689,7409.539,7430.629,7409.539,7431.689,7370.539,SL,32,-22.15,1.91,22.46
2023-08-01,along,1,7441.667,7438.097,7430.167,7441.667,7421.097,7480.667,TIMEOUT,180,9.0,11.0,13.03
2023-08-02,ashort,-1,7399.999,7386.629,7396.659,7386.629,7416.999,7347.629,TIMEOUT,180,7.0,8.03,24.0
2023-08-03,along,1,7301.629,7300.539,7297.629,7301.629,7283.539,7340.629,SL,16,-18.09,4.91,19.03
2023-08-04,along,1,7303.999,7299.999,7295.569,7303.999,7282.999,7342.999,TIMEOUT,180,-7.332,19.0,9.46
2023-08-07,ashort,-1,7319.727,7309.097,7323.539,7309.097,7336.727,7270.097,TIMEOUT,180,6.438,11.498,15.592
2023-08-08,ashort,-1,7330.689,7328.629,7338.569,7328.629,7347.689,7289.629,TIMEOUT,180,9.09,16.63,16.06
2023-08-09,ashort,-1,7301.659,7296.689,7303.599,7296.689,7318.659,7257.689,SL,12,-21.97,0.0,22.97
2023-08-10,ashort,-1,7341.569,7330.689,7338.659,7330.689,7358.569,7291.689,TIMEOUT,180,-10.97,16.09,15.0
2023-08-14,ashort,-1,7297.689,7293.599,7313.569,7293.599,7314.689,7254.599,SL,10,-21.09,4.0,26.09
2023-08-15,ashort,-1,7282.539,7280.689,7286.659,7280.689,7299.539,7241.689,SL,16,-18.85,6.09,20.0
2023-08-16,ashort,-1,7220.689,7214.599,7220.659,7214.599,7237.689,7175.599,TIMEOUT,180,19.06,35.06,10.4
2023-08-17,ashort,-1,7154.097,7150.257,7170.227,7150.257,7171.097,7111.257,TP,15,39.0,41.598,4.38
2023-08-21,along,1,7137.757,7132.539,7132.287,7137.757,7115.539,7176.757,TIMEOUT,180,2.03,8.34,20.218
2023-08-22,ashort,-1,7108.659,7108.599,7124.097,7108.599,7125.659,7069.599,SL,167,-17.06,18.0,17.128
2023-08-23,ashort,-1,7109.689,7107.197,7110.757,7107.197,7126.689,7068.197,SL,16,-19.492,0.0,20.59
2023-08-24,along,1,7176.629,7168.999,7164.637,7176.629,7151.999,7215.629,TIMEOUT,180,1.0,11.97,16.992
2023-08-25,along,1,7098.599,7097.659,7096.537,7098.599,7080.659,7137.599,TIMEOUT,180,19.648,23.998,9.602
2023-08-28,along,1,7156.659,7146.599,7136.827,7156.659,7129.599,7195.659,TIMEOUT,180,-2.622,5.03,16.692
2023-08-29,ashort,-1,7170.999,7168.999,7176.689,7168.999,7187.999,7129.999,SL,33,-19.0,6.662,19.69
2023-08-30,along,1,7247.569,7245.937,7244.689,7247.569,7228.937,7286.569,TP,86,39.0,44.43,2.692
2023-08-31,along,1,7298.417,7288.599,7286.659,7298.417,7271.599,7337.417,TIMEOUT,180,-9.818,12.81,10.758
2023-09-01,along,1,7275.569,7273.999,7267.599,7275.569,7256.999,7314.569,TIMEOUT,180,4.97,7.518,10.0
2023-09-07,along,1,7201.599,7201.569,7193.747,7201.599,7184.569,7240.599,SL,49,-17.03,5.94,18.03
2023-09-08,along,1,7176.569,7171.997,7164.097,7176.569,7154.997,7215.569,SL,21,-21.572,0.0,22.0
2023-09-13,ashort,-1,7183.689,7174.867,7185.407,7174.867,7200.689,7135.867,TIMEOUT,180,29.14,36.328,16.672
2023-09-14,ashort,-1,7151.539,7148.629,7152.137,7148.629,7168.539,7109.629,SL,44,-19.91,2.062,19.94
2023-09-15,along,1,7281.697,7279.767,7271.667,7281.697,7262.767,7320.697,TIMEOUT,180,17.33,37.83,3.128
2023-09-19,ashort,-1,7209.999,7207.659,7219.267,7207.659,7226.999,7168.659,TIMEOUT,180,3.642,21.06,4.03
2023-09-20,ashort,-1,7172.599,7170.667,7185.117,7170.667,7189.599,7131.667,TIMEOUT,180,11.8,20.128,5.01
2023-09-27,along,1,7017.707,7005.767,7003.539,7017.707,6988.767,7056.707,TIMEOUT,180,-1.138,13.982,17.018
2023-09-28,ashort,-1,7013.797,7003.599,7012.599,7003.599,7030.797,6964.599,SL,42,-27.198,3.06,28.09
2023-09-29,ashort,-1,7056.539,7050.767,7056.667,7050.767,7073.539,7011.767,TIMEOUT,180,-15.18,18.138,15.18
2023-10-02,ashort,-1,7036.599,7033.629,7038.597,7033.629,7053.599,6994.629,TIMEOUT,53,8.09,20.09,3.368
2023-10-04,along,1,6904.629,6901.539,6894.599,6904.629,6884.539,6943.629,TIMEOUT,54,3.03,9.91,12.06
2023-10-06,along,1,6934.599,6932.539,6932.599,6934.599,6915.539,6973.599,TIMEOUT,55,4.048,5.4,14.212
2023-10-09,along,1,6976.577,6974.569,6960.677,6976.577,6957.569,7015.577,TIMEOUT,180,10.51,25.422,3.67
2023-10-10,along,1,7014.659,7008.599,7003.567,7014.659,6991.599,7053.659,TP,106,39.0,39.518,0.772
2023-10-11,ashort,-1,7071.599,7067.257,7075.569,7067.257,7088.599,7028.257,TIMEOUT,180,-16.38,4.628,20.57
2023-10-12,along,1,7106.927,7097.367,7094.377,7106.927,7080.367,7145.927,TIMEOUT,180,-0.328,5.762,19.388
2023-10-13,ashort,-1,7036.539,7019.357,7043.659,7019.357,7053.539,6980.357,TIMEOUT,54,-22.272,8.788,29.212
2023-10-16,ashort,-1,7026.599,7024.569,7026.659,7024.569,7043.599,6985.569,TIMEOUT,180,-3.0,1.03,17.478
2023-10-17,along,1,7073.637,7068.539,7071.187,7073.637,7051.539,7112.637,TIMEOUT,180,-18.22,27.362,19.068
2023-10-18,ashort,-1,7070.977,7069.659,7076.457,7069.659,7087.977,7030.659,TIMEOUT,180,-8.03,27.06,8.94
2023-10-19,ashort,-1,6988.629,6981.647,6997.599,6981.647,7005.629,6942.647,TIMEOUT,55,8.0,18.108,9.01
2023-10-23,ashort,-1,6848.067,6844.997,6848.557,6844.997,6865.067,6805.997,TIMEOUT,180,1.338,11.998,15.572
2023-10-24,along,1,6858.999,6847.999,6837.689,6858.999,6830.999,6897.999,TIMEOUT,180,-19.46,19.938,24.31
2023-10-25,along,1,6890.659,6884.999,6873.127,6890.659,6867.999,6929.659,TIMEOUT,54,-13.652,4.918,16.622
2023-10-27,along,1,6828.627,6820.629,6811.689,6828.627,6803.629,6867.627,TIMEOUT,180,10.912,17.062,11.088
2023-10-31,along,1,6797.597,6794.689,6792.677,6797.597,6777.689,6836.597,TIMEOUT,180,-10.76,18.11,17.13
2023-11-01,along,1,6812.947,6809.867,6794.689,6812.947,6792.867,6851.947,SL,92,-20.08,0.0,20.408
2023-11-02,along,1,6895.577,6885.107,6888.667,6895.577,6868.107,6934.577,TIMEOUT,180,19.022,33.41,0.06
2023-11-03,ashort,-1,6976.877,6972.659,6979.487,6972.659,6993.877,6933.659,TIMEOUT,180,-10.228,16.552,16.818
2023-11-06,along,1,7001.689,6990.659,6991.999,7001.689,6973.659,7040.689,TIMEOUT,55,-4.502,4.078,7.772
2023-11-08,ashort,-1,6979.297,6977.717,6984.097,6977.717,6996.297,6938.717,TIMEOUT,55,-13.75,3.148,14.16
2023-11-10,ashort,-1,6997.737,6992.707,7005.077,6992.707,7014.737,6953.707,TIMEOUT,180,11.98,32.168,4.01
2023-11-14,along,1,7007.887,7004.477,7005.599,7007.887,6987.477,7046.887,SL,78,-20.41,7.57,20.79
2023-11-15,along,1,7123.537,7123.007,7100.659,7123.537,7106.007,7162.537,SL,55,-17.53,1.92,17.878
2023-11-17,ashort,-1,7068.367,7054.787,7067.787,7054.787,7085.367,7015.787,TIMEOUT,180,12.05,21.218,4.17
2023-11-20,ashort,-1,7060.539,7053.629,7072.677,7053.629,7077.539,7014.629,TIMEOUT,180,-6.338,9.0,17.97
2023-11-21,ashort,-1,7078.427,7073.417,7076.917,7073.417,7095.427,7034.417,TIMEOUT,180,1.878,11.21,15.95
2023-11-22,along,1,7071.569,7069.047,7068.517,7071.569,7052.047,7110.569,TIMEOUT,180,0.388,18.12,3.572
2023-11-23,ashort,-1,7041.539,7039.187,7053.467,7039.187,7058.539,7000.187,TIMEOUT,180,-9.37,11.44,12.738
2023-11-24,ashort,-1,7038.197,7036.587,7041.689,7036.587,7055.197,6997.587,SL,51,-18.61,4.98,18.7
2023-11-28,along,1,7001.157,6991.999,6990.667,7001.157,6974.999,7040.157,TP,24,39.0,41.382,3.528
2023-11-30,along,1,7049.659,7036.107,7039.617,7049.659,7019.107,7088.659,TIMEOUT,180,-15.03,2.03,29.09
2023-12-01,ashort,-1,7060.689,7054.659,7062.627,7054.659,7077.689,7015.659,TIMEOUT,180,-5.688,21.09,9.34
2023-12-04,along,1,7147.659,7135.987,7137.297,7147.659,7118.987,7186.659,TIMEOUT,180,-14.532,20.34,15.082
2023-12-05,ashort,-1,7096.387,7082.397,7119.807,7082.397,7113.387,7043.397,TIMEOUT,180,22.53,31.45,3.59
2023-12-06,ashort,-1,7079.277,7075.569,7080.629,7075.569,7096.277,7036.569,SL,21,-20.708,0.0,22.43
2023-12-07,along,1,7164.627,7154.599,7157.727,7164.627,7137.599,7203.627,TIMEOUT,180,-8.628,13.372,12.028
2023-12-08,ashort,-1,7145.659,7143.207,7158.017,7143.207,7162.659,7104.207,SL,98,-19.452,3.668,20.95
2023-12-12,ashort,-1,7201.797,7197.277,7209.647,7197.277,7218.797,7158.277,SL,75,-21.52,3.618,21.722
2023-12-13,ashort,-1,7233.659,7231.599,7237.847,7231.599,7250.659,7192.599,SL,55,-19.06,0.0,19.328
2023-12-14,along,1,7357.539,7356.689,7341.999,7357.539,7339.689,7396.539,TIMEOUT,55,-0.54,9.15,6.97
2023-12-19,ashort,-1,7434.629,7434.599,7436.599,7434.599,7451.629,7395.599,SL,35,-17.03,5.91,17.4
2023-12-20,along,1,7526.569,7520.659,7523.677,7526.569,7503.659,7565.569,TIMEOUT,180,-0.88,17.528,8.03
2023-12-21,ashort,-1,7497.999,7493.629,7500.787,7493.629,7514.999,7454.629,SL,57,-21.37,10.97,22.97
2023-12-22,ashort,-1,7511.727,7508.787,7525.287,7508.787,7528.727,7469.787,SL,61,-19.94,7.53,20.41
2023-12-28,along,1,7595.659,7580.569,7578.599,7595.659,7563.569,7634.659,TIMEOUT,180,1.34,6.34,21.03
2023-12-29,ashort,-1,7590.599,7589.659,7598.999,7589.659,7607.599,7550.659,TIMEOUT,180,3.09,9.12,10.91
2024-01-03,ashort,-1,7574.287,7565.757,7580.597,7565.757,7591.287,7526.757,TIMEOUT,180,7.0,28.12,9.0
2024-01-04,along,1,7517.287,7504.667,7506.667,7517.287,7487.667,7556.287,SL,27,-29.62,1.44,29.62
2024-01-05,along,1,7503.539,7492.539,7499.599,7503.539,7475.539,7542.539,TIMEOUT,180,-5.88,10.12,10.97
2024-01-08,ashort,-1,7476.569,7465.629,7477.629,7465.629,7493.569,7426.629,SL,48,-27.94,0.0,30.0
2024-01-09,ashort,-1,7521.599,7516.599,7529.569,7516.599,7538.599,7477.599,SL,105,-22.0,0.0,24.09
2024-01-10,ashort,-1,7501.999,7497.629,7502.999,7497.629,7518.999,7458.629,TIMEOUT,180,14.94,18.0,17.37
2024-01-11,along,1,7496.629,7490.629,7488.659,7496.629,7473.629,7535.629,TIMEOUT,180,7.03,12.37,14.09
2024-01-12,ashort,-1,7475.569,7470.659,7477.659,7470.659,7492.569,7431.659,SL,57,-21.91,2.09,23.0
2024-01-15,ashort,-1,7498.787,7492.197,7493.227,7492.197,7515.787,7453.197,TIMEOUT,180,-15.9,8.47,19.9
2024-01-16,ashort,-1,7460.999,7458.561,7470.999,7458.561,7477.999,7419.561,TP,118,39.0,46.0,2.438
2024-01-17,ashort,-1,7413.593,7406.999,7413.625,7406.999,7430.593,7367.999,TIMEOUT,180,2.212,8.34,15.288
2024-01-18,ashort,-1,7336.691,7335.787,7348.625,7335.787,7353.691,7296.787,SL,39,-17.904,13.128,18.31
2024-01-19,along,1,7413.657,7410.625,7405.593,7413.657,7393.625,7452.657,TIMEOUT,180,-3.968,33.342,11.096
2024-01-22,along,1,7451.657,7442.657,7435.593,7451.657,7425.657,7490.657,TIMEOUT,53,-1.0,11.342,5.064
2024-01-24,along,1,7556.223,7544.787,7544.659,7556.223,7527.787,7595.223,SL,6,-28.436,0.0,30.662
2024-01-25,along,1,7550.787,7549.097,7550.287,7550.787,7532.097,7589.787,SL,59,-18.69,5.31,19.194
2024-01-29,ashort,-1,7569.691,7569.159,7589.255,7569.159,7586.691,7530.159,SL,23,-17.532,2.904,17.564
2024-01-30,along,1,7618.561,7612.999,7611.625,7618.561,7595.999,7657.561,TIMEOUT,180,-12.872,11.438,14.968
2024-01-31,ashort,-1,7607.223,7603.691,7605.159,7603.691,7624.223,7564.691,SL,85,-20.532,21.0,39.998
2024-02-01,along,1,7610.561,7608.657,7596.593,7610.561,7591.657,7649.561,SL,100,-18.904,11.438,19.904
2024-02-02,ashort,-1,7641.561,7638.787,7642.597,7638.787,7658.561,7599.787,SL,78,-19.774,8.098,19.838
2024-02-05,ashort,-1,7649.659,7645.691,7674.255,7645.691,7666.659,7606.691,TP,94,39.0,39.968,2.096
2024-02-06,ashort,-1,7605.159,7593.287,7613.255,7593.287,7622.159,7554.287,TP,35,39.0,48.662,12.936
2024-02-07,ashort,-1,7620.561,7619.657,7621.657,7619.657,7637.561,7580.657,SL,10,-17.904,4.0,19.936
2024-02-08,along,1,7655.755,7649.223,7619.689,7655.755,7632.223,7694.755,TIMEOUT,180,19.936,21.342,20.064
2024-02-09,ashort,-1,7644.561,7643.593,7643.999,7643.593,7661.561,7604.593,TIMEOUT,180,-5.406,14.968,13.096
2024-02-12,ashort,-1,7627.689,7619.593,7637.593,7619.593,7644.689,7580.593,TIMEOUT,180,1.032,16.0,16.406
2024-02-13,ashort,-1,7634.561,7629.593,7633.625,7629.593,7651.561,7590.593,TIMEOUT,180,15.904,32.0,3.032
2024-02-14,ashort,-1,7499.689,7496.689,7509.593,7496.689,7516.689,7457.689,SL,106,-20.0,6.128,22.0
2024-02-15,along,1,7592.625,7590.561,7589.625,7592.625,7573.561,7631.625,TIMEOUT,180,-0.032,30.064,4.032
2024-02-16,ashort,-1,7691.657,7681.593,7684.999,7681.593,7708.657,7642.593,TP,81,39.0,39.032,0.406
2024-02-19,along,1,7663.999,7656.999,7652.561,7663.999,7639.999,7702.999,TIMEOUT,180,-1.342,17.594,6.438
2024-02-20,ashort,-1,7666.159,7663.287,7673.597,7663.287,7683.159,7624.287,TIMEOUT,180,18.564,22.628,16.0
2024-02-21,ashort,-1,7614.597,7609.255,7621.191,7609.255,7631.597,7570.255,SL,8,-22.342,0.032,23.342
2024-02-22,ashort,-1,7602.657,7599.561,7619.625,7599.561,7619.657,7560.561,TIMEOUT,180,-0.438,18.872,17.032
2024-02-23,along,1,7658.999,7648.689,7648.593,7658.999,7631.689,7697.999,TIMEOUT,55,-11.342,0.626,15.438
2024-02-26,along,1,7671.723,7671.159,7652.287,7671.723,7654.159,7710.723,SL,116,-17.564,19.532,19.532
2024-02-27,ashort,-1,7640.593,7631.999,7635.593,7631.999,7657.593,7592.999,TIMEOUT,180,-12.626,25.374,18.69
2024-02-28,ashort,-1,7682.593,7674.999,7675.191,7674.999,7699.593,7635.999,TIMEOUT,180,26.712,37.776,9.658
2024-02-29,along,1,7645.255,7643.755,7640.597,7645.255,7626.755,7684.255,TIMEOUT,180,14.306,16.436,15.596
2024-03-01,along,1,7713.625,7698.657,7691.487,7713.625,7681.657,7752.625,TIMEOUT,180,8.83,25.374,17.968
2024-03-04,along,1,7755.487,7747.689,7748.797,7755.487,7730.689,7794.487,TIMEOUT,180,-16.69,13.512,21.83
2024-03-05,ashort,-1,7732.999,7729.625,7733.123,7729.625,7749.999,7690.625,TIMEOUT,180,-10.968,21.064,13.0
2024-03-06,along,1,7720.687,7699.559,7704.687,7720.687,7682.559,7759.687,TIMEOUT,180,-13.032,7.31,24.096
2024-03-07,along,1,7753.887,7752.387,7750.355,7753.887,7735.387,7792.887,SL,15,-18.5,5.31,19.262
2024-03-08,ashort,-1,7808.657,7801.999,7810.291,7801.999,7825.657,7762.999,SL,70,-23.658,3.406,24.324
2024-03-11,ashort,-1,7776.657,7760.561,7805.355,7760.561,7793.657,7721.561,TIMEOUT,180,29.562,37.0,3.032
2024-03-12,along,1,7715.715,7713.683,7713.641,7715.715,7696.683,7754.715,TIMEOUT,180,2.028,20.878,10.122
2024-03-13,ashort,-1,7729.673,7721.593,7730.663,7721.593,7746.673,7682.593,TIMEOUT,55,-1.032,11.032,10.538
2024-03-18,ashort,-1,7658.487,7651.891,7663.913,7651.891,7675.487,7612.891,TIMEOUT,180,-17.592,12.33,22.108
2024-03-19,along,1,7683.147,7680.741,7676.817,7683.147,7663.741,7722.147,TIMEOUT,180,-6.0,1.636,16.586
2024-03-20,along,1,7722.147,7713.225,7718.187,7722.147,7696.225,7761.147,TIMEOUT,180,2.51,15.94,17.586
2024-03-21,along,1,7771.689,7756.657,7745.241,7771.689,7739.657,7810.689,SL,70,-32.032,6.0,32.128
2024-03-22,ashort,-1,7777.415,7772.943,7775.999,7772.943,7794.415,7733.943,TIMEOUT,180,27.416,33.382,4.386
2024-03-25,along,1,7793.999,7781.689,7776.673,7793.999,7764.689,7832.999,TP,43,39.0,40.038,1.0
2024-03-27,along,1,7771.087,7764.283,7768.681,7771.087,7747.283,7810.087,TIMEOUT,55,15.228,20.64,4.43
2024-04-04,along,1,7818.561,7813.625,7810.333,7818.561,7796.625,7857.561,TIMEOUT,180,-0.804,19.176,3.936
2024-04-05,ashort,-1,7758.047,7752.469,7761.007,7752.469,7775.047,7713.469,SL,58,-22.578,9.826,23.124
2024-04-08,ashort,-1,7800.657,7786.707,7810.435,7786.707,7817.657,7747.707,TIMEOUT,180,-8.494,15.114,15.64
2024-04-09,ashort,-1,7823.593,7821.625,7829.657,7821.625,7840.593,7782.625,TIMEOUT,180,-2.044,8.968,11.374
2024-04-10,along,1,7859.785,7847.363,7841.689,7859.785,7830.363,7898.785,TIMEOUT,180,8.904,10.592,20.16
2024-04-11,ashort,-1,7761.999,7755.045,7779.999,7755.045,7778.999,7716.045,SL,18,-23.954,9.006,26.612
2024-04-12,ashort,-1,7784.691,7777.357,7784.625,7777.357,7801.691,7738.357,TIMEOUT,180,-15.268,17.946,18.642
2024-04-15,along,1,7753.997,7745.561,7749.999,7753.997,7728.561,7792.997,TIMEOUT,180,-14.34,6.21,20.34
2024-04-18,along,1,7636.651,7633.625,7617.689,7636.651,7616.625,7675.651,TIMEOUT,180,17.252,17.646,10.09
2024-04-19,ashort,-1,7581.737,7577.467,7580.927,7577.467,7598.737,7538.467,TP,71,39.0,45.468,0.19
2024-04-22,along,1,7638.561,7632.223,7608.361,7638.561,7615.223,7677.561,TP,15,39.0,39.064,0.0
2024-04-23,along,1,7680.931,7677.689,7663.147,7680.931,7660.689,7719.931,TIMEOUT,180,-4.104,13.726,10.37
2024-04-24,along,1,7716.999,7714.625,7703.387,7716.999,7697.625,7755.999,SL,86,-19.374,7.0,30.342
2024-04-26,ashort,-1,7572.689,7564.999,7584.419,7564.999,7589.689,7525.999,SL,39,-24.69,5.438,24.768
2024-04-29,along,1,7645.689,7633.509,7610.657,7645.689,7616.509,7684.689,SL,29,-29.18,5.968,30.096
2024-04-30,ashort,-1,7639.593,7633.625,7648.657,7633.625,7656.593,7594.625,SL,89,-22.968,7.106,23.172
2024-05-01,ashort,-1,7572.999,7558.657,7576.573,7558.657,7589.999,7519.657,TIMEOUT,180,-22.968,8.096,26.9
2024-05-02,along,1,7581.657,7573.689,7568.287,7581.657,7556.689,7620.657,TIMEOUT,180,23.4,35.1,15.0
2024-05-07,along,1,7729.593,7723.941,7716.981,7729.593,7706.941,7768.593,SL,108,-22.652,12.968,22.81
2024-05-08,along,1,7810.625,7804.625,7802.689,7810.625,7787.625,7849.625,TIMEOUT,180,-17.904,6.374,20.66
2024-05-15,along,1,7775.017,7772.589,7766.609,7775.017,7755.589,7814.017,SL,151,-19.428,10.296,19.43
2024-05-20,ashort,-1,7852.593,7852.275,7856.597,7852.275,7869.593,7813.275,SL,62,-17.318,7.066,18.172
2024-05-29,ashort,-1,7703.167,7702.689,7718.607,7702.689,7720.167,7663.689,TIMEOUT,180,34.68,38.51,9.936
2024-05-30,ashort,-1,7605.027,7604.685,7605.017,7604.685,7622.027,7565.685,SL,56,-17.342,9.092,17.94
2024-05-31,along,1,7684.155,7677.111,7673.111,7684.155,7660.111,7723.155,SL,84,-24.044,6.332,25.296
2024-06-03,along,1,7764.687,7761.697,7719.593,7764.687,7744.697,7803.687,TIMEOUT,180,-4.788,14.08,11.126
2024-06-06,along,1,7814.913,7813.987,7812.593,7814.913,7796.987,7853.913,TIMEOUT,180,12.648,20.964,8.594
2024-06-11,ashort,-1,7792.255,7781.287,7799.689,7781.287,7809.255,7742.287,TP,157,39.0,40.726,0.968
2024-06-19,along,1,7778.581,7775.121,7774.593,7778.581,7758.121,7817.581,TIMEOUT,180,-9.218,7.496,12.006
2024-06-20,ashort,-1,7762.257,7755.847,7757.689,7755.847,7779.257,7716.847,TIMEOUT,180,-8.946,1.158,14.478
2024-06-21,along,1,7804.999,7796.999,7780.593,7804.999,7779.999,7843.999,SL,35,-25.0,0.0,25.43
2024-06-24,along,1,7787.999,7787.593,7784.615,7787.999,7770.593,7826.999,SL,48,-17.406,0.626,17.438
2024-06-25,along,1,7790.593,7790.015,7773.619,7790.593,7773.015,7829.593,TIMEOUT,180,9.064,20.064,13.754
2024-06-26,ashort,-1,7795.593,7790.561,7814.999,7790.561,7812.593,7751.561,TP,142,39.0,39.936,10.128
2024-06-27,ashort,-1,7679.625,7674.625,7685.269,7674.625,7696.625,7635.625,SL,117,-22.0,30.064,23.032
2024-07-04,along,1,7824.689,7816.561,7805.999,7824.689,7799.561,7863.689,TIMEOUT,180,-9.032,2.0,17.128
2024-07-11,along,1,7904.593,7904.285,7888.657,7904.593,7887.285,7943.593,SL,21,-17.308,1.024,18.998
2024-07-12,along,1,7930.371,7926.401,7925.593,7930.371,7909.401,7969.371,TIMEOUT,180,27.106,38.938,1.022
2024-07-15,ashort,-1,8023.561,8013.979,8017.377,8013.979,8040.561,7974.979,TIMEOUT,180,-4.614,8.386,24.02
2024-07-16,along,1,8023.999,8019.689,8019.525,8023.999,8002.689,8062.999,SL,71,-21.31,0.0,22.406
2024-07-17,ashort,-1,8048.999,8040.625,8054.999,8040.625,8065.999,8001.625,SL,111,-25.374,12.064,26.032
2024-07-18,along,1,8046.593,8041.625,8026.623,8046.593,8024.625,8085.593,TIMEOUT,180,-4.904,21.054,20.032
2024-07-22,ashort,-1,7918.277,7917.625,7919.689,7917.625,7935.277,7878.625,TIMEOUT,180,-11.032,18.064,12.064
2024-07-26,along,1,7915.077,7911.723,7902.689,7915.077,7894.723,7954.077,TIMEOUT,180,18.508,23.68,10.516
2024-07-29,ashort,-1,7984.689,7979.561,7984.689,7979.561,8001.689,7940.561,TIMEOUT,180,-8.666,0.0,18.756
2024-07-30,ashort,-1,7910.517,7907.109,7918.999,7907.109,7927.517,7868.109,SL,58,-20.408,12.548,20.452
2024-07-31,along,1,7989.689,7986.559,7984.601,7989.689,7969.559,8028.689,TP,86,39.0,50.0,4.096
2024-08-12,ashort,-1,7841.141,7829.593,7841.631,7829.593,7858.141,7790.593,TIMEOUT,180,7.936,21.0,8.794
2024-08-13,ashort,-1,7814.999,7814.593,7815.483,7814.593,7831.999,7775.593,TIMEOUT,180,-13.004,16.032,13.994
2024-08-14,along,1,7884.625,7884.561,7882.561,7884.625,7867.561,7923.625,SL,27,-17.064,3.0,18.064
2024-08-19,along,1,7962.387,7956.469,7960.657,7962.387,7939.469,8001.387,TIMEOUT,180,22.174,22.206,10.26
2024-08-20,ashort,-1,8022.963,8022.921,8023.999,8022.921,8039.963,7983.921,TIMEOUT,180,28.296,29.36,3.99
2024-08-21,ashort,-1,7954.999,7954.625,7956.593,7954.625,7971.999,7915.625,SL,4,-17.374,1.264,18.552
2024-08-22,ashort,-1,8029.689,8025.625,8030.625,8025.625,8046.689,7986.625,TIMEOUT,180,-3.0,7.0,13.022
2024-08-23,along,1,7998.419,7994.625,7989.657,7998.419,7977.625,8037.419,TIMEOUT,180,13.34,17.58,10.826
2024-08-26,along,1,8055.999,8052.999,8045.625,8055.999,8035.999,8094.999,TIMEOUT,180,11.096,31.658,9.342
2024-08-27,along,1,8083.689,8081.657,8081.625,8083.689,8064.657,8122.689,TIMEOUT,180,-5.032,18.968,7.128
2024-08-28,along,1,8037.549,8033.625,8019.593,8037.549,8016.625,8076.549,SL,86,-20.924,15.482,32.956
2024-08-29,ashort,-1,8019.181,8017.593,8023.561,8017.593,8036.181,7978.593,SL,40,-18.588,0.0,19.274
2024-08-30,ashort,-1,8084.765,8080.679,8089.149,8080.679,8101.765,8041.679,TIMEOUT,180,3.364,14.086,4.32
2024-09-04,along,1,8001.775,7988.731,7983.199,8001.775,7971.731,8040.775,SL,34,-30.044,1.532,32.534
2024-09-05,along,1,7964.625,7954.689,7947.999,7964.625,7937.689,8003.625,TIMEOUT,180,2.032,29.422,5.936
2024-09-06,along,1,7981.397,7978.397,7980.697,7981.397,7961.397,8020.397,TP,119,39.0,40.292,2.74
2024-09-09,along,1,7913.857,7898.867,7900.593,7913.857,7881.867,7952.857,TP,35,39.0,39.142,3.296
2024-09-10,ashort,-1,8046.479,8044.585,8055.999,8044.585,8063.479,8005.585,TIMEOUT,180,10.858,18.992,12.042
2024-09-11,along,1,8017.905,8016.991,8017.087,8017.905,7999.991,8056.905,SL,50,-17.914,3.0,18.248
2024-09-12,along,1,8034.173,8027.141,8027.599,8034.173,8010.141,8073.173,TIMEOUT,180,-2.22,15.134,10.434
2024-09-13,along,1,8124.625,8120.657,8115.689,8124.625,8103.657,8163.625,SL,79,-20.968,21.034,20.968
2024-09-16,along,1,8133.977,8133.039,8119.477,8133.977,8116.039,8172.977,SL,73,-17.938,13.088,18.588
2024-09-23,ashort,-1,8142.625,8141.593,8156.561,8141.593,8159.625,8102.593,SL,146,-18.032,13.968,19.096
2024-09-24,ashort,-1,8156.657,8150.561,8153.625,8150.561,8173.657,8111.561,SL,70,-23.096,2.968,23.128
2024-09-25,along,1,8183.657,8176.561,8182.561,8183.657,8159.561,8222.657,SL,17,-24.096,1.0,24.096
2024-09-26,along,1,8176.593,8163.561,8148.689,8176.593,8146.561,8215.593,TIMEOUT,180,7.096,24.0,12.032
2024-09-27,ashort,-1,8215.625,8205.561,8225.625,8205.561,8232.625,8166.561,TIMEOUT,180,-0.0,3.968,19.128
2024-09-30,along,1,8262.657,8248.657,8239.689,8262.657,8231.657,8301.657,TIMEOUT,180,6.904,20.342,18.096
2024-10-01,along,1,8240.689,8234.593,8232.689,8240.689,8217.593,8279.689,SL,129,-23.096,4.31,24.128
2024-10-02,ashort,-1,8186.593,8174.999,8194.561,8174.999,8203.593,8135.999,SL,59,-28.594,1.342,29.626
2024-10-03,ashort,-1,8216.593,8207.999,8214.561,8207.999,8233.593,8168.999,TIMEOUT,180,12.438,26.374,2.0
2024-10-04,ashort,-1,8153.561,8139.561,8170.689,8139.561,8170.561,8100.561,TIMEOUT,180,-2.0,32.968,8.128
2024-10-07,ashort,-1,8171.625,8166.689,8173.689,8166.689,8188.625,8127.689,SL,135,-21.936,26.69,23.31
2024-10-08,along,1,8189.593,8183.689,8181.593,8189.593,8166.689,8228.593,TIMEOUT,180,7.0,36.406,3.032
2024-10-09,along,1,8204.561,8202.625,8192.999,8204.561,8185.625,8243.561,SL,179,-18.936,22.032,19.968
2024-10-10,along,1,8214.561,8213.625,8207.657,8214.561,8196.625,8253.561,TIMEOUT,180,3.064,28.032,1.904
2024-10-11,ashort,-1,8202.689,8200.561,8208.593,8200.561,8219.689,8161.561,SL,80,-19.128,1.0,20.128
2024-10-14,along,1,8261.593,8246.593,8245.999,8261.593,8229.593,8300.593,SL,13,-32.0,0.032,32.032
2024-10-15,along,1,8293.561,8292.689,8283.561,8293.561,8275.689,8332.561,TIMEOUT,180,33.128,34.438,4.0
2024-10-16,ashort,-1,8287.593,8279.689,8281.657,8279.689,8304.593,8240.689,SL,148,-24.904,8.128,24.968
2024-10-17,along,1,8364.689,8359.999,8353.689,8364.689,8342.999,8403.689,SL,97,-21.69,23.31,22.096
2024-10-18,ashort,-1,8322.999,8315.689,8323.561,8315.689,8339.999,8276.689,TIMEOUT,180,26.096,28.128,13.968
2024-10-21,along,1,8337.561,8328.999,8329.999,8337.561,8311.999,8376.561,TIMEOUT,180,-5.0,15.438,15.0
2024-10-22,ashort,-1,8278.625,8269.625,8275.561,8269.625,8295.625,8230.625,TP,114,39.0,55.936,1.064
2024-10-23,along,1,8226.561,8221.625,8223.657,8226.561,8204.625,8265.561,SL,180,-21.936,9.096,22.0
2024-10-24,ashort,-1,8195.689,8190.689,8193.593,8190.689,8212.689,8151.689,SL,91,-22.0,10.096,23.0
2024-10-25,ashort,-1,8216.561,8215.657,8222.625,8215.657,8233.561,8176.656999999999,SL,43,-17.904,2.096,17.936
2024-10-28,ashort,-1,8224.625,8222.593,8239.999,8222.593,8241.625,8183.593000000001,TIMEOUT,180,1.594,28.0,5.096
2024-10-29,along,1,8257.561,8257.561,8254.657,8257.561,8240.561,8296.561,TIMEOUT,180,0.096,9.128,11.968
2024-10-30,ashort,-1,8246.625,8237.657,8246.561,8237.657,8263.625,8198.657,TP,178,39.0,40.064,3.032
2024-10-31,along,1,8175.657,8167.999,8160.689,8175.657,8150.999,8214.657,SL,109,-24.658,6.342,25.032
2024-11-01,ashort,-1,8091.999,8072.657,8106.657,8072.657,8108.999,8033.657,TIMEOUT,180,-10.0,13.064,18.032
2024-11-04,along,1,8162.561,8154.689,8141.561,8162.561,8137.689,8201.561,SL,34,-24.872,1.128,25.0
2024-11-05,ashort,-1,8137.593,8133.999,8137.625,8133.999,8154.593,8094.999,TIMEOUT,180,8.406,23.438,7.594
2024-11-06,along,1,8202.561,8197.657,8196.625,8202.561,8180.656999999999,8241.561,SL,36,-21.904,4.128,23.0
2024-11-07,ashort,-1,8241.561,8227.689,8230.689,8227.689,8258.561,8188.689,TP,30,39.0,42.128,4.968
2024-11-08,ashort,-1,8310.593,8297.561,8312.689,8297.561,8327.593,8258.561,TIMEOUT,180,-2.032,13.0,22.438
2024-11-11,ashort,-1,8260.561,8254.593,8264.999,8254.593,8277.561,8215.593,SL,44,-22.968,1.936,25.406
2024-11-12,ashort,-1,8251.593,8248.561,8262.593,8248.561,8268.593,8209.561,TIMEOUT,180,10.0,33.0,9.064
2024-11-13,ashort,-1,8166.999,8151.625,8170.657,8151.625,8183.999,8112.625,TIMEOUT,180,-13.064,14.626,23.064
2024-11-14,along,1,8225.657,8221.593,8216.999,8225.657,8204.593,8264.657,TIMEOUT,180,-3.968,13.968,10.064
2024-11-15,ashort,-1,8259.689,8253.625,8264.625,8253.625,8276.689,8214.625,TIMEOUT,180,-5.064,12.032,21.374
2024-11-18,ashort,-1,8248.657,8246.625,8253.561,8246.625,8265.657,8207.625,SL,61,-19.032,3.064,19.064
2024-11-19,ashort,-1,8307.593,8292.561,8308.625,8292.561,8324.593,8253.561,SL,23,-32.032,0.0,32.438
2024-11-20,ashort,-1,8353.561,8351.593,8363.689,8351.593,8370.561,8312.593,TIMEOUT,180,12.936,24.032,7.406
2024-11-21,along,1,8353.689,8340.593,8336.657,8353.689,8323.593,8392.689,SL,92,-30.096,11.0,30.128
2024-11-22,ashort,-1,8377.561,8375.625,8384.657,8375.625,8394.561,8336.625,SL,30,-18.936,3.0,19.374
2024-11-25,along,1,8468.657,8468.625,8446.657,8468.657,8451.625,8507.657,SL,7,-17.032,2.342,21.032
2024-11-26,ashort,-1,8446.657,8441.657,8447.561,8441.657,8463.657,8402.657,TP,46,39.0,43.064,2.0
2024-11-27,ashort,-1,8399.657,8398.689,8403.999,8398.689,8416.657,8359.689,SL,86,-17.968,8.064,24.0
2024-11-28,along,1,8441.689,8433.593,8429.689,8441.689,8416.593,8480.689,TIMEOUT,180,20.0,20.31,5.128
2024-11-29,ashort,-1,8416.561,8406.625,8418.561,8406.625,8433.561,8367.625,TIMEOUT,180,-6.064,24.064,8.064
2024-12-02,ashort,-1,8460.625,8454.999,8457.999,8454.999,8477.625,8415.999,TIMEOUT,180,2.438,15.406,12.0
2024-12-03,ashort,-1,8499.593,8497.689,8502.625,8497.689,8516.593,8458.689,TIMEOUT,180,-2.968,6.128,16.31
2024-12-04,ashort,-1,8470.593,8457.657,8474.561,8457.657,8487.593,8418.657,TIMEOUT,180,8.096,30.968,11.968
2024-12-05,along,1,8485.625,8481.625,8475.561,8485.625,8464.625,8524.625,TIMEOUT,180,6.0,7.0,17.968
2024-12-06,ashort,-1,8451.999,8436.593,8449.625,8436.593,8468.999,8397.593,TIMEOUT,180,8.0,16.0,16.406
2024-12-09,ashort,-1,8383.657,8378.593,8399.593,8378.593,8400.657,8339.593,SL,142,-22.064,11.936,23.0
2024-12-10,along,1,8435.689,8429.657,8429.593,8435.689,8412.657,8474.689,SL,20,-23.032,1.31,25.064
2024-12-11,along,1,8376.561,8374.999,8370.689,8376.561,8357.999,8415.561,SL,84,-18.562,3.438,18.968
2024-12-12,ashort,-1,8383.625,8377.689,8387.689,8377.689,8400.625,8338.689,TP,148,39.0,39.69,7.31
2024-12-13,ashort,-1,8268.689,8260.625,8269.593,8260.625,8285.689,8221.625,TIMEOUT,180,-11.032,5.626,24.032
2024-12-16,along,1,8285.593,8271.625,8255.561,8285.593,8254.625,8324.593,TIMEOUT,180,-17.904,0.0,22.032
2024-12-17,along,1,8240.999,8223.999,8227.625,8240.999,8206.999,8279.999,TP,42,39.0,39.0,3.438
2024-12-18,along,1,8321.561,8314.657,8297.593,8321.561,8297.657,8360.561,TIMEOUT,180,16.096,24.128,13.0
2024-12-19,ashort,-1,8158.593,8140.657,8176.689,8140.657,8175.593,8101.657,TIMEOUT,180,-8.904,26.096,29.342
2024-12-20,along,1,8132.625,8119.689,8118.999,8132.625,8102.689,8171.625,SL,8,-29.936,0.0,30.064
2024-12-23,along,1,8114.625,8108.625,8065.625,8114.625,8091.625,8153.625,TP,152,39.0,41.374,12.0
2024-12-24,along,1,8204.657,8204.657,8197.689,8204.657,8187.656999999999,8243.657,TIMEOUT,180,2.968,10.342,14.658
2024-12-30,ashort,-1,8226.625,8224.689,8226.689,8224.689,8243.625,8185.689,SL,8,-18.936,3.096,22.0
2024-12-31,ashort,-1,8186.561,8178.999,8184.999,8178.999,8203.561,8139.999,TIMEOUT,180,-3.626,10.374,17.658
2025-01-03,along,1,8200.689,8191.561,8192.689,8200.689,8174.561,8239.689,TP,113,39.0,41.0,0.128
2025-01-06,along,1,8286.561,8285.625,8269.593,8286.561,8268.625,8325.561,SL,75,-17.936,5.438,17.968
2025-01-07,along,1,8285.561,8278.625,8270.689,8285.561,8261.625,8324.561,SL,151,-23.936,11.064,23.968
2025-01-08,ashort,-1,8260.657,8258.561,8266.561,8258.561,8277.657,8219.561,SL,42,-19.096,0.0,20.096
2025-01-09,ashort,-1,8302.999,8299.593,8323.561,8299.593,8319.999,8260.593,TIMEOUT,180,-2.032,10.968,17.096
2025-01-10,along,1,8354.657,8338.657,8344.689,8354.657,8321.657,8393.657,SL,40,-33.0,0.342,33.096
2025-01-13,along,1,8220.999,8213.561,8219.593,8220.999,8196.561,8259.999,SL,17,-24.438,0.626,24.438
2025-01-14,along,1,8237.625,8236.593,8233.625,8237.625,8219.593,8276.625,SL,85,-18.032,16.374,19.968
2025-01-15,along,1,8252.625,8244.657,8227.625,8252.625,8227.657,8291.625,TIMEOUT,180,-12.626,10.374,14.064
2025-01-16,along,1,8348.689,8338.593,8325.999,8348.689,8321.593,8387.689,SL,85,-27.096,2.968,31.032
2025-01-17,along,1,8333.689,8324.625,8324.593,8333.689,8307.625,8372.689,TIMEOUT,180,-4.69,12.31,20.096
2025-01-20,ashort,-1,8334.561,8332.689,8339.657,8332.689,8351.561,8293.689,TIMEOUT,180,5.69,11.0,14.872
2025-01-21,along,1,8391.999,8381.999,8371.657,8391.999,8364.999,8430.999,TIMEOUT,55,34.562,36.69,12.438
2025-01-23,ashort,-1,8401.625,8393.561,8395.689,8393.561,8418.625,8354.561,TIMEOUT,180,19.562,26.0,17.128
2025-01-24,ashort,-1,8394.689,8392.593,8396.625,8392.593,8411.689,8353.593,SL,26,-19.096,0.0,19.096
2025-01-28,ashort,-1,8402.561,8395.999,8406.593,8395.999,8419.561,8356.999,SL,58,-23.562,8.374,23.69
2025-01-29,ashort,-1,8425.999,8420.657,8422.561,8420.657,8442.999,8381.657,SL,63,-22.342,3.096,23.342
2025-01-30,along,1,8456.593,8450.689,8446.657,8456.593,8433.689,8495.593,TP,154,39.0,40.0,9.968
2025-01-31,along,1,8527.689,8523.625,8520.561,8527.689,8506.625,8566.689,TP,73,39.0,40.0,7.0
2025-02-03,ashort,-1,8374.625,8352.625,8440.657,8352.625,8391.625,8313.625,SL,138,-39.0,2.936,43.0
2025-02-04,ashort,-1,8452.561,8439.689,8446.999,8439.689,8469.561,8400.689,TIMEOUT,55,4.128,19.064,6.968
2025-02-06,along,1,8492.561,8480.625,8473.999,8492.561,8463.625,8531.561,TIMEOUT,180,11.032,15.064,17.904
2025-02-07,along,1,8500.625,8497.593,8497.593,8500.625,8480.593,8539.625,TIMEOUT,180,15.0,32.032,4.032
2025-02-10,along,1,8440.999,8431.561,8439.689,8440.999,8414.561,8479.999,TP,48,39.0,41.0,5.374
2025-02-11,ashort,-1,8503.625,8499.593,8503.999,8499.593,8520.625,8460.593,TIMEOUT,180,2.594,7.032,13.096
2025-02-12,along,1,8485.657,8481.999,8480.999,8485.657,8464.999,8524.657,SL,21,-20.658,0.0,21.064
2025-02-13,along,1,8534.625,8533.689,8524.657,8534.625,8516.689,8573.625,TP,99,39.0,39.374,2.968
2025-02-14,along,1,8618.657,8617.689,8615.689,8618.657,8600.689,8657.657,SL,7,-17.968,1.968,18.064
2025-02-17,ashort,-1,8522.593,8508.689,8514.689,8508.689,8539.593,8469.689,TIMEOUT,180,29.032,31.128,3.31
2025-02-18,ashort,-1,8538.999,8523.625,8541.657,8523.625,8555.999,8484.625,TP,116,39.0,39.0,16.374
2025-02-19,ashort,-1,8444.999,8434.625,8463.625,8434.625,8461.999,8395.625,TP,20,39.0,42.0,3.064
2025-02-20,ashort,-1,8379.625,8378.625,8385.625,8378.625,8396.625,8339.625,TP,23,39.0,58.032,2.064
2025-02-21,along,1,8355.625,8349.561,8329.593,8355.625,8332.561,8394.625,SL,39,-23.064,0.0,23.968
2025-02-24,ashort,-1,8217.999,8214.625,8230.689,8214.625,8234.999,8175.625,SL,35,-20.374,0.0,20.968
2025-02-25,ashort,-1,8246.625,8243.999,8246.625,8243.999,8263.625,8204.999,TIMEOUT,180,7.342,15.374,8.658
2025-02-26,ashort,-1,8231.561,8211.561,8227.625,8211.561,8248.561,8172.561,TIMEOUT,180,-13.032,2.872,25.128
2025-02-27,along,1,8253.593,8241.561,8236.625,8253.593,8224.561,8292.593,TP,48,39.0,39.064,3.936
2025-02-28,ashort,-1,8195.657,8190.625,8202.561,8190.625,8212.657,8151.625,SL,12,-22.032,0.0,23.968
2025-03-03,along,1,8212.689,8212.593,8187.657,8212.689,8195.593,8251.689,SL,62,-17.096,25.0,18.032
2025-03-04,along,1,8189.561,8184.999,8187.689,8189.561,8167.999,8228.561,SL,10,-21.562,0.438,22.0
2025-03-05,along,1,8140.999,8135.999,8123.689,8140.999,8118.999,8179.999,SL,107,-22.0,14.594,22.374
2025-03-06,along,1,8120.625,8118.625,8116.593,8120.625,8101.625,8159.625,SL,29,-19.0,7.032,20.936
2025-03-07,along,1,8023.999,8022.689,8021.561,8023.999,8005.689,8062.999,SL,16,-18.31,0.69,18.406
2025-03-10,along,1,7962.689,7949.625,7941.689,7962.689,7932.625,8001.689,TIMEOUT,180,0.904,18.31,14.096
2025-03-11,ashort,-1,7878.999,7878.689,7888.689,7878.689,7895.999,7839.689,TP,33,39.0,39.128,2.904
2025-03-12,ashort,-1,7815.689,7807.999,7820.593,7807.999,7832.689,7768.999,TP,42,39.0,42.438,11.0
2025-03-13,along,1,7802.689,7795.625,7788.657,7802.689,7778.625,7841.689,TIMEOUT,55,6.31,6.872,9.128
2025-03-17,ashort,-1,7846.689,7827.999,7841.999,7827.999,7863.689,7788.999,TIMEOUT,180,-10.0,8.438,27.0
2025-03-18,ashort,-1,7912.593,7905.999,7910.625,7905.999,7929.593,7866.999,TP,172,39.0,39.406,14.594
2025-03-19,along,1,7825.561,7823.561,7811.625,7825.561,7806.561,7864.561,TP,140,39.0,40.096,16.0
2025-03-20,ashort,-1,7881.657,7880.561,7901.561,7880.561,7898.657,7841.561,SL,59,-18.096,4.904,19.096
2025-03-21,ashort,-1,7905.593,7903.593,7910.689,7903.593,7922.593,7864.593,SL,46,-19.0,6.032,19.096
2025-03-24,ashort,-1,7925.625,7911.593,7923.593,7911.593,7942.625,7872.593,TIMEOUT,180,-15.064,10.032,22.406
2025-03-25,along,1,7974.689,7968.625,7964.689,7974.689,7951.625,8013.689,TIMEOUT,180,-4.032,21.31,6.128
2025-03-26,along,1,7998.657,7993.625,7988.625,7998.657,7976.625,8037.657,TIMEOUT,55,-10.096,9.342,11.064
2025-03-28,along,1,7958.625,7956.625,7954.999,7958.625,7939.625,7997.625,TP,148,39.0,40.936,18.064
2025-03-31,along,1,7879.657,7875.657,7861.999,7879.657,7858.657,7918.657,SL,74,-21.0,3.032,22.064
2025-04-01,along,1,7910.625,7901.561,7899.999,7910.625,7884.561,7949.625,SL,71,-26.064,11.936,27.064
2025-04-02,ashort,-1,7961.999,7958.561,7975.593,7958.561,7978.999,7919.561,TIMEOUT,180,24.562,30.0,16.032
2025-04-03,ashort,-1,7786.689,7778.999,7796.593,7778.999,7803.689,7739.999,SL,77,-24.69,19.438,31.562
2025-04-04,ashort,-1,7729.689,7716.561,7740.999,7716.561,7746.689,7677.561,SL,39,-30.128,11.936,32.128
2025-04-07,ashort,-1,7205.689,7200.689,7213.999,7200.689,7222.689,7161.689,SL,6,-22.0,20.0,55.0
2025-04-08,ashort,-1,7387.999,7386.625,7393.625,7386.625,7404.999,7347.625,SL,7,-18.374,12.968,19.374
2025-04-09,along,1,7352.561,7341.657,7329.999,7352.561,7324.657,7391.561,SL,4,-27.904,2.096,29.936
2025-04-10,along,1,7865.657,7852.689,7843.657,7865.657,7835.689,7904.657,SL,6,-29.968,0.0,35.096
2025-04-11,ashort,-1,7541.593,7526.657,7557.561,7526.657,7558.593,7487.657,SL,71,-31.936,10.032,32.032
2025-04-16,along,1,7750.999,7747.689,7737.593,7750.999,7730.689,7789.999,TIMEOUT,180,24.69,35.69,7.438
2025-04-17,along,1,7762.593,7757.625,7741.657,7762.593,7740.625,7801.593,TIMEOUT,180,30.032,34.096,4.0
2025-04-22,along,1,7754.561,7737.625,7718.593,7754.561,7720.625,7793.561,TP,87,39.0,40.438,15.872
2025-04-23,along,1,7961.625,7960.625,7954.593,7961.625,7943.625,8000.625,SL,22,-18.0,10.032,18.064
2025-04-24,along,1,7940.561,7936.689,7924.657,7940.561,7919.689,7979.561,TIMEOUT,180,23.438,35.438,0.968
2025-04-28,along,1,8047.689,8043.625,8041.657,8047.689,8026.625,8086.689,SL,84,-21.064,4.31,21.064
2025-04-29,along,1,8014.689,8005.561,7999.625,8014.689,7988.561,8053.689,TP,127,39.0,41.904,11.128
2025-04-30,along,1,8098.593,8096.625,8089.689,8098.593,8079.625,8137.593,SL,86,-18.968,9.406,21.904
2025-05-01,ashort,-1,8113.999,8107.593,8111.657,8107.593,8130.999,8068.593,SL,73,-23.406,1.032,24.968
2025-05-02,along,1,8125.999,8122.999,8119.593,8125.999,8105.999,8164.999,TP,26,39.0,40.626,6.406
2025-05-05,ashort,-1,8232.625,8227.689,8240.657,8227.689,8249.625,8188.689,TP,96,39.0,40.096,0.936
2025-05-06,along,1,8153.657,8142.657,8134.561,8153.657,8125.657,8192.657,TIMEOUT,180,0.032,11.342,15.0
2025-05-07,along,1,8173.689,8169.593,8166.593,8173.689,8152.593,8212.689,SL,42,-21.096,1.872,22.128
2025-05-08,ashort,-1,8168.657,8166.593,8170.561,8166.593,8185.657,8127.593,SL,74,-19.064,12.0,19.096
2025-05-09,ashort,-1,8189.593,8186.625,8190.999,8186.625,8206.593,8147.625,SL,40,-19.968,3.064,20.374
2025-05-13,ashort,-1,8310.999,8301.625,8328.657,8301.625,8327.999,8262.625,TIMEOUT,180,30.968,35.064,11.936
2025-05-14,ashort,-1,8277.657,8264.593,8293.625,8264.593,8294.657,8225.593,TIMEOUT,180,4.032,17.032,8.096
2025-05-19,along,1,8325.657,8321.689,8319.593,8325.657,8304.689,8364.657,SL,24,-20.968,1.0,23.0
2025-05-22,along,1,8304.561,8303.593,8297.561,8304.561,8286.593,8343.561,TP,43,39.0,39.438,1.936
2025-05-23,along,1,8358.657,8356.689,8355.657,8358.657,8339.689,8397.657,TIMEOUT,180,13.032,22.0,3.096
2025-05-26,ashort,-1,8361.625,8358.689,8375.689,8358.689,8378.625,8319.689,TIMEOUT,180,3.032,15.064,9.31
2025-05-29,ashort,-1,8432.561,8420.657,8436.625,8420.657,8449.561,8381.657,TIMEOUT,180,-3.342,31.658,6.0
2025-05-30,along,1,8383.689,8364.657,8368.625,8383.689,8347.657,8422.689,TP,139,39.0,39.0,6.128
2025-06-02,ashort,-1,8424.689,8424.593,8426.625,8424.593,8441.689,8385.593,TIMEOUT,180,8.936,24.0,9.032
2025-06-03,ashort,-1,8463.593,8462.625,8472.593,8462.625,8480.593,8423.625,TIMEOUT,180,16.0,26.032,16.374
2025-06-04,along,1,8500.625,8493.593,8490.689,8500.625,8476.593,8539.625,TP,174,39.0,39.0,4.0
2025-06-05,along,1,8554.625,8549.657,8544.657,8554.625,8532.657,8593.625,SL,154,-21.968,12.374,22.0
2025-06-06,along,1,8546.689,8544.657,8530.625,8546.689,8527.657,8585.689,SL,173,-19.032,7.936,20.064
2025-06-10,ashort,-1,8540.561,8532.593,8541.561,8532.593,8557.561,8493.593,SL,41,-24.968,9.0,25.096
2025-06-11,along,1,8634.561,8621.657,8609.999,8634.561,8604.657,8673.561,TIMEOUT,180,-22.904,4.128,24.0
2025-06-12,along,1,8612.625,8608.561,8605.657,8612.625,8591.561,8651.625,SL,48,-21.064,0.0,21.064
2025-06-13,ashort,-1,8589.657,8570.999,8580.561,8570.999,8606.657,8531.999,TP,69,39.0,40.438,13.0
2025-06-16,along,1,8563.625,8560.561,8536.561,8563.625,8543.561,8602.625,TIMEOUT,180,-14.626,14.374,18.032
2025-06-17,along,1,8535.689,8535.689,8533.999,8535.689,8518.689,8574.689,TIMEOUT,180,8.968,34.0,5.096
2025-06-20,ashort,-1,8526.625,8512.689,8529.561,8512.689,8543.625,8473.689,TP,88,39.0,39.128,9.936
2025-06-24,ashort,-1,8547.593,8544.999,8559.999,8544.999,8564.593,8505.999,SL,43,-19.594,3.438,22.0
2025-06-25,along,1,8559.689,8558.561,8557.625,8559.689,8541.561,8598.689,TIMEOUT,180,-11.064,15.0,16.128
2025-06-26,along,1,8539.999,8539.689,8522.561,8539.999,8522.689,8578.999,TIMEOUT,180,4.594,18.69,9.342
2025-06-27,along,1,8601.657,8590.657,8588.999,8601.657,8573.657,8640.657,SL,61,-28.0,4.342,29.032
2025-06-30,ashort,-1,8538.561,8534.657,8542.561,8534.657,8555.561,8495.657,TIMEOUT,180,-16.342,10.096,19.342
2025-07-01,along,1,8564.657,8558.657,8542.593,8564.657,8541.657,8603.657,TIMEOUT,180,-15.0,12.342,21.096
2025-07-02,along,1,8582.593,8574.689,8568.689,8582.593,8557.689,8621.593,SL,79,-24.904,3.064,25.968
2025-07-03,along,1,8609.657,8606.689,8599.689,8609.657,8589.689,8648.657,SL,11,-19.968,0.0,21.032
2025-07-04,ashort,-1,8612.561,8606.657,8618.593,8606.657,8629.561,8567.657,TIMEOUT,180,2.032,9.096,9.936
2025-07-07,along,1,8613.593,8605.689,8610.561,8613.593,8588.689,8652.593,SL,66,-24.904,3.096,25.0
2025-07-14,along,1,8562.625,8557.593,8550.561,8562.625,8540.593,8601.625,TIMEOUT,180,17.064,27.374,4.936
2025-07-15,along,1,8632.625,8620.625,8616.625,8632.625,8603.625,8671.625,SL,47,-29.0,0.968,29.032
2025-07-16,ashort,-1,8565.561,8555.657,8565.561,8555.657,8582.561,8516.657,TIMEOUT,180,-1.342,16.096,24.342
2025-07-17,ashort,-1,8602.625,8600.625,8613.999,8600.625,8619.625,8561.625,SL,86,-19.0,10.064,19.032
2025-07-18,ashort,-1,8677.657,8676.689,8677.593,8676.689,8694.657,8637.689,SL,23,-17.968,1.128,17.968
2025-07-21,ashort,-1,8721.999,8703.625,8718.999,8703.625,8738.999,8664.625,TP,63,39.0,39.064,3.968
2025-07-22,along,1,8700.561,8693.593,8688.625,8700.561,8676.593,8739.561,SL,46,-23.968,15.0,25.0
2025-07-23,ashort,-1,8718.657,8706.561,8724.625,8706.561,8735.657,8667.561,SL,180,-29.096,8.562,29.096
2025-07-24,ashort,-1,8758.999,8743.657,8745.689,8743.657,8775.999,8704.657,TIMEOUT,180,25.032,29.096,7.0
2025-07-25,ashort,-1,8682.625,8673.593,8682.625,8673.593,8699.625,8634.593,TIMEOUT,180,1.936,14.594,4.406
2025-07-30,ashort,-1,8692.999,8681.593,8703.689,8681.593,8709.999,8642.593,SL,32,-28.406,2.032,30.064
2025-08-04,along,1,8635.689,8634.657,8618.999,8635.689,8617.657,8674.689,TIMEOUT,180,11.936,32.968,2.128
2025-08-08,ashort,-1,8802.593,8794.561,8813.593,8794.561,8819.593,8755.561,SL,27,-25.032,1.936,26.096
2025-08-11,along,1,8820.625,8818.999,8817.561,8820.625,8801.999,8859.625,TIMEOUT,180,15.374,30.374,4.936
2025-08-12,along,1,8844.657,8824.561,8835.657,8844.657,8807.561,8883.657,TIMEOUT,180,9.032,22.342,4.0
2025-08-13,ashort,-1,8894.625,8886.561,8905.657,8886.561,8911.625,8847.561,TP,43,39.0,40.936,1.032
2025-08-14,ashort,-1,8867.625,8859.689,8872.561,8859.689,8884.625,8820.689,SL,7,-24.936,0.0,28.0
2025-08-18,along,1,8914.625,8901.593,8903.657,8914.625,8884.593,8953.625,TP,80,39.0,39.064,0.626
2025-08-19,ashort,-1,8921.689,8907.657,8926.561,8907.657,8938.689,8868.657,TIMEOUT,180,11.968,21.096,10.342
2025-08-20,ashort,-1,8901.625,8884.657,8903.561,8884.657,8918.625,8845.657,SL,77,-33.968,9.064,37.342
2025-08-21,along,1,8962.999,8959.561,8939.999,8962.999,8942.561,9001.999,TP,159,39.0,39.562,13.406
2025-08-22,along,1,9020.593,9011.561,9010.999,9020.593,8994.561,9059.593,SL,11,-26.032,0.0,29.032
2025-08-25,ashort,-1,9045.657,9042.593,9050.625,9042.593,9062.657,9003.593,TP,78,39.0,39.0,11.406
2025-08-26,ashort,-1,8970.625,8962.689,8963.593,8962.689,8987.625,8923.689,TIMEOUT,180,33.69,37.128,20.31
2025-08-27,ashort,-1,8964.657,8958.561,8967.689,8958.561,8981.657,8919.561,TIMEOUT,180,10.872,27.0,5.096
2025-08-28,ashort,-1,8967.625,8951.561,8955.689,8951.561,8984.625,8912.561,TIMEOUT,180,-16.128,7.0,23.438
2025-08-29,along,1,8963.625,8961.689,8953.689,8963.625,8944.689,9002.625,SL,9,-18.936,5.374,20.064
2025-09-03,along,1,8862.657,8853.593,8851.593,8862.657,8836.593,8901.657,SL,61,-26.064,0.0,29.096
2025-09-04,along,1,8802.689,8772.561,8758.657,8802.689,8755.561,8841.689,TIMEOUT,180,-6.096,16.31,14.69
2025-09-05,ashort,-1,8863.561,8859.689,8869.625,8859.689,8880.561,8820.689,TIMEOUT,180,2.69,11.128,19.904
2025-09-08,ashort,-1,8854.593,8836.625,8854.625,8836.625,8871.593,8797.625,TIMEOUT,180,-7.936,12.064,17.064
2025-09-11,ashort,-1,8807.625,8796.999,8809.625,8796.999,8824.625,8757.999,TIMEOUT,180,-1.0,7.438,19.658
2025-09-12,along,1,8845.657,8843.689,8845.561,8845.657,8826.689,8884.657,TP,47,39.0,41.0,5.064
2025-09-16,ashort,-1,8883.689,8874.593,8888.625,8874.593,8900.689,8835.593,TIMEOUT,180,1.594,11.032,14.096
2025-09-17,along,1,8845.689,8844.689,8841.593,8845.689,8827.689,8884.689,SL,69,-18.0,5.872,18.128
2025-09-18,ashort,-1,8795.689,8782.657,8807.657,8782.657,8812.689,8743.657,TP,17,39.0,40.064,1.904
2025-09-19,along,1,8817.625,8801.999,8795.593,8817.625,8784.999,8856.625,SL,39,-32.626,9.374,32.936
2025-09-22,along,1,8817.999,8804.657,8806.689,8817.999,8787.657,8856.999,SL,96,-30.342,27.562,30.342
2025-09-23,along,1,8837.689,8825.625,8820.689,8837.689,8808.625,8876.689,TIMEOUT,180,20.31,29.31,27.096
2025-09-24,ashort,-1,8806.657,8790.593,8810.593,8790.593,8823.657,8751.593,TP,111,39.0,39.594,5.096
2025-09-29,along,1,8822.657,8811.561,8809.593,8822.657,8794.561,8861.657,TP,37,39.0,40.342,2.096
2025-10-02,along,1,8898.625,8896.657,8889.999,8898.625,8879.657,8937.625,TP,67,39.0,39.032,15.064
2025-10-03,ashort,-1,8934.593,8929.561,8933.561,8929.561,8951.593,8890.561,SL,16,-22.032,0.0,23.128
2025-10-06,along,1,9018.999,9013.625,9017.999,9018.999,8996.625,9057.999,SL,64,-22.374,7.626,23.342
2025-10-07,ashort,-1,8970.999,8960.593,8979.999,8960.593,8987.999,8921.593,TIMEOUT,180,0.968,27.032,17.096
2025-10-08,ashort,-1,8961.657,8947.561,8959.625,8947.561,8978.657,8908.561,TIMEOUT,180,2.904,32.904,4.128
2025-10-09,ashort,-1,8996.593,8990.999,8991.999,8990.999,9013.593,8951.999,TIMEOUT,180,23.406,30.438,3.658
2025-10-10,ashort,-1,8944.593,8939.561,8939.999,8939.561,8961.593,8900.561,SL,110,-22.032,3.0,22.128
2025-10-13,ashort,-1,8908.593,8906.625,8916.561,8906.625,8925.593,8867.625,SL,5,-18.968,0.0,22.064
2025-10-14,ashort,-1,8903.593,8892.593,8900.625,8892.593,8920.593,8853.593,TP,47,39.0,39.968,1.096
2025-10-16,along,1,9025.999,9023.625,9015.657,9025.999,9006.625,9064.999,SL,12,-19.374,2.594,22.374
2025-10-17,along,1,9031.999,9021.561,9028.625,9031.999,9004.561,9070.999,TIMEOUT,55,3.69,14.0,7.438
2025-10-20,ashort,-1,8993.561,8988.689,8990.689,8988.689,9010.561,8949.689,TIMEOUT,180,-3.872,32.032,7.31
2025-10-21,ashort,-1,9078.625,9064.999,9073.625,9064.999,9095.625,9025.999,SL,82,-30.626,4.342,33.594
2025-10-22,ashort,-1,9038.999,9025.657,9033.561,9025.657,9055.999,8986.657,TIMEOUT,180,9.064,33.0,12.342
2025-10-23,ashort,-1,9005.689,8998.593,9008.593,8998.593,9022.689,8959.593,SL,151,-24.096,9.0,24.406
2025-10-24,ashort,-1,9050.689,9040.561,9041.657,9040.561,9067.689,9001.561,TIMEOUT,180,19.872,22.562,15.438
2025-10-27,ashort,-1,9058.999,9057.593,9069.689,9057.593,9075.999,9018.593,SL,30,-18.406,7.032,18.406
2025-10-28,along,1,9037.625,9032.561,9030.593,9037.625,9015.561,9076.625,SL,85,-22.064,19.374,22.064
2025-10-29,ashort,-1,9013.625,9010.593,9020.999,9010.593,9030.625,8971.593,TP,86,39.0,55.032,5.406
2025-10-30,ashort,-1,8891.561,8890.999,8891.689,8890.999,8908.561,8851.999,SL,78,-17.562,17.438,17.658
2025-10-31,along,1,8932.999,8911.625,8900.561,8932.999,8894.625,8971.999,TIMEOUT,180,-13.31,11.0,18.374
2025-11-03,ashort,-1,8865.657,8859.999,8870.999,8859.999,8882.657,8820.999,TIMEOUT,55,28.406,28.438,8.626
2025-11-05,ashort,-1,8819.689,8814.561,8826.999,8814.561,8836.689,8775.561,TP,108,39.0,39.872,3.128
2025-11-06,ashort,-1,8841.593,8833.561,8848.593,8833.561,8858.593,8794.561,TIMEOUT,180,24.872,27.936,23.128
2025-11-07,ashort,-1,8814.657,8814.625,8824.999,8814.625,8831.657,8775.625,SL,38,-17.032,8.032,17.936
2025-11-10,ashort,-1,8780.689,8778.999,8790.999,8778.999,8797.689,8739.999,SL,17,-18.69,2.406,20.626
2025-11-11,ashort,-1,8868.999,8858.593,8876.657,8858.593,8885.999,8819.593,TIMEOUT,180,27.904,31.032,10.406
2025-11-12,ashort,-1,8836.689,8833.689,8845.999,8833.689,8853.689,8794.689,TIMEOUT,180,-5.872,12.096,9.872
2025-11-13,ashort,-1,8802.657,8789.689,8810.561,8789.689,8819.657,8750.689,TP,87,39.0,40.032,8.0
2025-11-14,along,1,8621.625,8617.561,8620.999,8621.625,8600.561,8660.625,TIMEOUT,180,13.936,16.374,13.064
2025-11-17,ashort,-1,8610.999,8592.625,8610.625,8592.625,8627.999,8553.625,SL,59,-35.374,0.0,36.032
2025-11-18,ashort,-1,8581.689,8578.593,8589.625,8578.593,8598.689,8539.593,TP,84,39.0,39.032,5.032
2025-11-19,along,1,8474.999,8468.999,8454.561,8474.999,8451.999,8513.999,TIMEOUT,180,-8.406,19.0,13.438
2025-11-20,ashort,-1,8511.625,8493.561,8513.657,8493.561,8528.625,8454.561,SL,26,-35.064,0.0,35.128
2025-11-21,ashort,-1,8394.593,8394.593,8400.593,8394.593,8411.593,8355.593,SL,18,-17.0,13.936,17.032
2025-11-24,along,1,8517.593,8505.999,8514.593,8517.593,8488.999,8556.593,SL,63,-28.594,12.096,31.032
2025-11-25,ashort,-1,8565.999,8541.999,8555.593,8541.999,8582.999,8502.999,TIMEOUT,180,30.31,35.438,4.0
2025-11-26,along,1,8622.999,8619.689,8619.561,8622.999,8602.689,8661.999,SL,96,-20.31,20.0,25.438
2025-11-27,ashort,-1,8621.999,8613.625,8620.625,8613.625,8638.999,8574.625,SL,44,-25.374,0.064,27.968
2025-11-28,along,1,8595.593,8591.689,8587.999,8595.593,8574.689,8634.593,TIMEOUT,180,16.968,37.032,8.904
2025-12-01,along,1,8615.561,8612.561,8613.561,8615.561,8595.561,8654.561,SL,104,-20.0,6.128,20.904
2025-12-02,along,1,8583.593,8575.657,8569.625,8583.593,8558.657,8622.593,TIMEOUT,180,2.096,16.064,17.0
2025-12-03,ashort,-1,8588.689,8588.657,8591.561,8588.657,8605.689,8549.657,SL,52,-17.032,6.064,17.968
2025-12-04,ashort,-1,8604.657,8602.593,8604.657,8602.593,8621.657,8563.593,TIMEOUT,180,10.936,38.0,9.406
2025-12-05,ashort,-1,8618.657,8610.625,8616.593,8610.625,8635.657,8571.625,TIMEOUT,180,-12.032,16.626,22.374
2025-12-08,ashort,-1,8598.657,8598.657,8609.657,8598.657,8615.657,8559.657,SL,7,-17.0,3.096,17.342
2025-12-09,ashort,-1,8602.689,8597.561,8603.999,8597.561,8619.689,8558.561,TIMEOUT,180,-9.064,16.0,21.438
2025-12-10,ashort,-1,8606.593,8595.561,8611.593,8595.561,8623.593,8556.561,TIMEOUT,55,4.562,12.0,9.064
2025-12-12,ashort,-1,8668.561,8665.593,8668.625,8665.593,8685.561,8626.593,SL,78,-19.968,6.032,21.096
2025-12-15,ashort,-1,8649.999,8648.689,8651.689,8648.689,8666.999,8609.689,TIMEOUT,180,4.096,26.128,7.936
2025-12-16,along,1,8661.625,8648.999,8632.657,8661.625,8631.999,8700.625,TIMEOUT,55,-25.936,7.374,28.032
2025-12-19,along,1,8632.657,8625.561,8624.625,8632.657,8608.561,8671.657,TIMEOUT,180,-8.658,14.936,20.968
2025-12-22,ashort,-1,8667.657,8656.689,8662.561,8656.689,8684.657,8617.689,SL,77,-27.968,2.064,28.0
2025-12-23,along,1,8716.561,8711.625,8698.625,8716.561,8694.625,8755.561,TP,114,39.0,40.032,4.562
2025-12-24,ashort,-1,8777.689,8756.593,8779.657,8756.593,8794.689,8717.593,TIMEOUT,180,8.968,16.032,6.406
2025-12-30,along,1,8721.593,8720.999,8718.593,8721.593,8703.999,8760.593,TIMEOUT,180,0.968,36.032,4.936
2025-12-31,along,1,8713.561,8712.561,8712.625,8713.561,8695.561,8752.561,SL,87,-18.0,14.128,18.968
2026-01-05,along,1,8737.689,8719.593,8727.999,8737.689,8702.593,8776.689,TIMEOUT,180,-2.128,13.968,16.0
2026-01-06,ashort,-1,8764.657,8750.999,8768.593,8750.999,8781.657,8711.999,TP,52,39.0,39.0,4.0
2026-01-07,ashort,-1,8718.689,8711.657,8720.561,8711.657,8735.689,8672.657,SL,87,-24.032,16.032,29.342
2026-01-08,along,1,8701.657,8695.657,8693.561,8701.657,8678.657,8740.657,TIMEOUT,180,37.0,38.342,10.064
2026-01-09,along,1,8751.689,8747.561,8747.689,8751.689,8730.561,8790.689,SL,18,-21.128,4.968,21.128
2026-01-12,ashort,-1,8730.657,8727.625,8732.561,8727.625,8747.657,8688.625,SL,16,-20.032,1.032,22.032
2026-01-13,along,1,8781.593,8779.999,8779.593,8781.593,8762.999,8820.593,TP,34,39.0,42.032,4.032
2026-01-14,along,1,8825.657,8819.593,8802.689,8825.657,8802.593,8864.657,SL,56,-23.064,9.032,26.032
2026-01-15,along,1,8861.561,8860.561,8839.657,8861.561,8843.561,8900.561,SL,13,-18.0,2.128,18.0
2026-01-16,along,1,8855.625,8850.625,8854.561,8855.625,8833.625,8894.625,TIMEOUT,180,34.968,38.064,2.936
2026-01-19,ashort,-1,8883.593,8879.999,8890.561,8879.999,8900.593,8840.999,SL,32,-20.594,0.0,20.626
2026-01-20,along,1,8843.593,8838.625,8842.561,8843.593,8821.625,8882.593,SL,82,-21.968,9.032,22.032
2026-01-21,along,1,8781.561,8774.625,8776.689,8781.561,8757.625,8820.561,TIMEOUT,180,2.128,15.438,14.872
2026-01-22,along,1,8842.625,8829.625,8830.689,8842.625,8812.625,8881.625,TIMEOUT,180,-11.0,22.374,15.032
2026-01-23,along,1,8846.999,8843.657,8841.689,8846.999,8826.657,8885.999,TP,155,39.0,39.69,10.438
2026-01-27,along,1,8922.689,8921.561,8909.561,8922.689,8904.561,8961.689,TP,41,39.0,40.31,0.0
2026-01-28,ashort,-1,8973.593,8970.625,8978.593,8970.625,8990.593,8931.625,TP,86,39.0,67.064,7.374
2026-01-29,ashort,-1,8918.561,8909.657,8931.657,8909.657,8935.561,8870.657,TP,63,39.0,41.064,2.904
2026-01-30,ashort,-1,8953.999,8942.561,8954.999,8942.561,8970.999,8903.561,SL,40,-28.438,6.0,29.128
2026-02-02,along,1,8828.625,8823.561,8797.625,8828.625,8806.561,8867.625,SL,125,-22.064,10.0,23.064
2026-02-03,ashort,-1,8863.561,8852.625,8864.625,8852.625,8880.561,8813.625,SL,29,-27.936,0.0,31.032
2026-02-04,ashort,-1,8841.657,8837.561,8838.625,8837.561,8858.657,8798.561,SL,111,-21.096,10.0,22.128
2026-02-05,along,1,8917.689,8899.999,8915.561,8917.689,8882.999,8956.689,TIMEOUT,180,-9.69,3.31,18.096
2026-02-06,along,1,8784.689,8781.625,8780.561,8784.689,8764.625,8823.689,SL,2,-20.064,0.0,22.064
2026-02-09,along,1,8823.625,8807.561,8793.999,8823.625,8790.561,8862.625,TP,126,39.0,39.064,11.064
2026-02-10,ashort,-1,8912.561,8909.689,8915.593,8909.689,8929.561,8870.689,TIMEOUT,55,7.0,7.096,14.31
2026-02-12,along,1,9037.999,9037.657,9016.625,9037.999,9020.657,9076.999,TP,142,39.0,39.69,3.342
2026-02-13,along,1,8978.561,8965.999,8954.593,8978.561,8948.999,9017.561,SL,73,-29.562,3.128,31.0
2026-02-16,ashort,-1,8950.625,8941.625,8948.561,8941.625,8967.625,8902.625,TIMEOUT,180,8.626,28.064,8.032
2026-02-17,along,1,8969.561,8965.999,8964.561,8969.561,8948.999,9008.561,TIMEOUT,180,-4.0,24.438,7.0
2026-02-18,ashort,-1,8994.593,8987.999,8994.999,8987.999,9011.593,8948.999,TIMEOUT,55,3.342,5.31,17.0
2026-02-20,along,1,9056.689,9049.561,9041.561,9056.689,9032.561,9095.689,TIMEOUT,180,20.936,26.0,14.096
2026-02-23,ashort,-1,9104.999,9091.593,9091.625,9091.593,9121.999,9052.593,TP,37,39.0,39.0,6.406
2026-02-24,along,1,9048.657,9038.593,9043.657,9048.657,9021.593,9087.657,TIMEOUT,55,-12.0,7.0,12.0
2026-02-26,ashort,-1,9196.689,9180.561,9192.625,9180.561,9213.689,9141.561,TIMEOUT,180,-6.064,20.0,10.438
2026-02-27,ashort,-1,9178.561,9165.999,9178.999,9165.999,9195.561,9126.999,SL,68,-29.562,7.374,29.69
2026-03-02,along,1,9139.561,9117.561,9104.689,9139.561,9100.561,9178.561,TIMEOUT,180,16.064,34.0,5.0
2026-03-03,along,1,9176.689,9166.625,9165.657,9176.689,9149.625,9215.689,SL,38,-27.064,4.904,27.064
2026-03-04,ashort,-1,8936.625,8932.999,8939.999,8932.999,8953.625,8893.999,SL,10,-20.626,4.374,21.0
2026-03-05,along,1,8967.593,8955.625,8940.689,8967.593,8938.625,9006.593,SL,56,-28.968,2.406,35.594
2026-03-06,along,1,8819.657,8810.625,8802.657,8819.657,8793.625,8858.657,TIMEOUT,180,16.0,26.342,11.096
2026-03-09,ashort,-1,8604.689,8603.689,8608.625,8603.689,8621.689,8564.689,TP,23,39.0,39.128,12.0
2026-03-10,ashort,-1,8716.561,8706.593,8717.657,8706.593,8733.561,8667.593,SL,15,-26.968,4.594,27.096
2026-03-11,along,1,8733.625,8721.561,8715.625,8733.625,8704.561,8772.625,TIMEOUT,180,-11.064,26.936,26.936
2026-03-12,along,1,8647.593,8645.625,8635.625,8647.593,8628.625,8686.593,SL,31,-18.968,10.096,19.0
2026-03-16,along,1,8579.593,8567.625,8551.999,8579.593,8550.625,8618.593,TP,108,39.0,39.096,14.594
2026-03-17,ashort,-1,8625.593,8621.689,8633.561,8621.689,8642.593,8582.689,TP,111,39.0,39.096,14.31
2026-03-18,along,1,8621.625,8613.999,8604.625,8621.625,8596.999,8660.625,TIMEOUT,180,11.374,20.374,22.626
2026-03-19,along,1,8507.657,8498.657,8485.561,8507.657,8481.657,8546.657,SL,177,-26.0,17.032,26.064
2026-03-20,along,1,8497.561,8477.657,8485.625,8497.561,8460.657,8536.561,SL,59,-36.904,0.128,38.968
2026-03-23,ashort,-1,8278.625,8272.561,8291.999,8272.561,8295.625,8233.561,SL,41,-23.064,7.562,26.096
2026-03-24,ashort,-1,8507.657,8489.625,8516.593,8489.625,8524.657,8450.625,TP,41,39.0,46.032,1.0
2026-03-25,along,1,8489.657,8469.689,8458.593,8489.657,8452.689,8528.657,TP,70,39.0,40.968,21.096
2026-03-26,along,1,8552.593,8534.657,8542.593,8552.593,8517.657,8591.593,SL,38,-34.936,1.406,36.032
2026-03-27,along,1,8479.561,8463.657,8443.561,8479.561,8446.657,8518.561,TIMEOUT,180,17.032,36.032,28.936
2026-03-30,along,1,8431.689,8427.593,8404.593,8431.689,8410.593,8470.689,SL,35,-21.096,3.904,21.128
2026-03-31,ashort,-1,8457.999,8439.689,8460.593,8439.689,8474.999,8400.689,SL,102,-35.31,28.096,45.0
2026-04-01,along,1,8611.561,8607.561,8602.561,8611.561,8590.561,8650.561,TIMEOUT,180,11.096,27.438,9.936
2026-04-02,along,1,8691.561,8690.999,8685.625,8691.561,8673.999,8730.561,SL,122,-17.562,32.438,19.872
2026-04-07,along,1,8712.625,8687.657,8660.593,8712.625,8670.657,8751.625,TP,11,39.0,40.968,0.0
2026-04-08,along,1,8984.689,8976.689,8937.561,8984.689,8959.689,9023.689,SL,3,-25.0,0.0,25.69
2026-04-09,ashort,-1,8902.625,8901.689,8916.593,8901.689,8919.625,8862.689,SL,6,-17.936,4.128,18.968
2026-04-10,ashort,-1,8928.561,8914.657,8951.561,8914.657,8945.561,8875.657,SL,55,-30.904,13.658,32.032
2026-04-13,ashort,-1,8915.561,8897.625,8905.593,8897.625,8932.561,8858.625,SL,44,-34.936,6.064,36.032
2026-04-14,ashort,-1,9027.625,8993.999,9042.625,8993.999,9044.625,8954.999,TP,51,39.0,40.342,19.658
2026-04-15,ashort,-1,9013.561,9005.593,9017.561,9005.593,9030.561,8966.593,TIMEOUT,180,26.968,29.0,1.032
2026-04-16,ashort,-1,9005.625,8982.561,9001.689,8982.561,9022.625,8943.561,TIMEOUT,180,17.562,32.0,15.032
2026-04-17,ashort,-1,8935.657,8934.593,8945.657,8934.593,8952.657,8895.593,TIMEOUT,180,9.904,35.936,5.0
2026-04-20,ashort,-1,8934.593,8910.689,8950.657,8910.689,8951.593,8871.689,SL,89,-40.904,15.128,41.904
2026-04-21,ashort,-1,8975.657,8973.657,8995.593,8973.657,8992.657,8934.657,TP,31,39.0,41.0,4.032
2026-04-22,ashort,-1,8897.593,8885.657,8890.593,8885.657,8914.593,8846.657,TIMEOUT,180,8.032,30.096,13.342
2026-04-23,ashort,-1,8807.999,8791.689,8823.593,8791.689,8824.999,8752.689,TP,10,39.0,39.032,9.968
2026-04-24,ashort,-1,8802.625,8761.593,8825.657,8761.593,8819.625,8722.593,TIMEOUT,180,11.032,26.032,31.406
2026-04-27,ashort,-1,8737.193,8734.161,8756.693,8734.161,8754.193,8695.161,SL,57,-20.032,10.968,20.938
2026-04-28,along,1,8716.257,8712.225,8711.257,8716.257,8695.225,8755.257,SL,10,-21.032,2.342,21.096
2026-04-29,along,1,8686.193,8682.725,8677.193,8686.193,8665.725,8725.193,SL,19,-20.468,4.096,21.032
2026-04-30,along,1,8640.289,8637.661,8640.257,8640.289,8620.661,8679.289,TP,118,39.0,39.31,8.128
2026-05-01,along,1,8759.161,8757.599,8727.599,8759.161,8740.599,8798.161,SL,4,-18.562,1.032,18.968
2026-05-04,ashort,-1,8724.889,8722.293,8726.389,8722.293,8741.889,8683.293,TP,27,39.0,39.5,11.0
2026-05-05,along,1,8654.825,8643.325,8634.793,8654.825,8626.325,8693.825,SL,59,-28.5,9.0,30.064
2026-05-06,ashort,-1,8732.293,8723.889,8731.699,8723.889,8749.293,8684.889,SL,50,-25.404,10.096,26.0
2026-05-07,along,1,8871.899,8862.961,8862.461,8871.899,8845.961,8910.899,TIMEOUT,180,-5.406,17.69,19.374
2026-05-08,along,1,8797.493,8777.057,8725.461,8797.493,8760.057,8836.493,SL,9,-37.436,4.064,37.594
2026-05-11,ashort,-1,8688.525,8678.461,8681.589,8678.461,8705.525,8639.461,TIMEOUT,180,-4.0,37.936,26.438
2026-05-12,ashort,-1,8709.899,8696.461,8713.493,8696.461,8726.899,8657.461,TP,30,39.0,40.0,1.438
2026-05-13,ashort,-1,8633.399,8625.525,8627.399,8625.525,8650.399,8586.525,SL,104,-24.874,36.5,24.874
2026-05-14,ashort,-1,8607.461,8600.525,8604.089,8600.525,8624.461,8561.525,SL,16,-23.936,2.032,25.064
2026-05-15,ashort,-1,8663.993,8654.899,8687.461,8654.899,8680.993,8615.899,SL,11,-26.094,3.81,29.69
2026-05-19,ashort,-1,8573.993,8573.057,8595.399,8573.057,8590.993,8534.057,SL,3,-17.936,0.0,22.404
2026-05-22,along,1,8665.493,8661.961,8651.057,8665.493,8644.961,8704.493,SL,56,-20.532,8.406,20.594
2026-05-25,ashort,-1,8654.461,8639.525,8667.025,8639.525,8671.461,8600.525,SL,68,-31.936,0.0,32.374
2026-05-26,ashort,-1,8684.589,8673.993,8693.589,8673.993,8701.589,8634.993,TP,36,39.0,39.404,1.906
2026-05-27,along,1,8660.493,8655.557,8657.589,8660.493,8638.557,8699.493,SL,19,-21.936,10.096,22.594
2026-05-28,ashort,-1,8657.025,8648.899,8659.399,8648.899,8674.025,8609.899,TIMEOUT,180,30.406,32.406,14.594
2026-05-29,along,1,8661.961,8655.057,8645.557,8661.961,8638.057,8700.961,TIMEOUT,180,29.596,30.564,13.468
2026-06-01,ashort,-1,8710.461,8706.493,8716.899,8706.493,8727.461,8667.493,SL,16,-20.968,4.032,25.064
2026-06-02,along,1,8696.557,8694.899,8672.961,8696.557,8677.899,8735.557,SL,4,-18.658,6.342,28.158
2026-06-03,ashort,-1,8769.557,8753.461,8771.057,8753.461,8786.557,8714.461,TIMEOUT,180,-27.064,26.0,29.438
2026-06-04,ashort,-1,8729.525,8702.899,8711.493,8702.899,8746.525,8663.899,TP,46,39.0,42.906,5.69
2026-06-05,ashort,-1,8697.589,8661.525,8702.993,8661.525,8714.589,8622.525,TP,48,39.0,40.0,11.064
2026-06-09,ashort,-1,8532.461,8499.493,8506.525,8499.493,8549.461,8460.493,SL,77,-49.968,12.032,55.406
2026-06-10,along,1,8608.557,8586.525,8600.399,8608.557,8569.525,8647.557,TP,48,39.0,43.0,14.0
2026-06-11,ashort,-1,8561.557,8555.493,8571.993,8555.493,8578.557,8516.493,SL,11,-23.064,9.594,31.096
2026-06-12,ashort,-1,8766.057,8755.961,8783.961,8755.961,8783.057,8716.961,SL,20,-27.096,9.0,29.096
2026-06-15,ashort,-1,8888.057,8877.025,8889.493,8877.025,8905.057,8838.025,SL,6,-28.032,0.0,29.468
2026-06-16,along,1,8843.089,8836.493,8829.557,8843.089,8819.493,8882.089,TP,29,39.0,39.904,11.0
2026-06-17,ashort,-1,8889.993,8886.589,8905.089,8886.589,8906.993,8847.589,SL,11,-20.404,0.564,25.904
2026-06-18,along,1,8949.399,8941.399,8928.089,8949.399,8924.399,8988.399,SL,103,-25.0,37.594,25.342
2026-06-19,ashort,-1,8854.899,8842.089,8862.461,8842.089,8871.899,8803.089,TIMEOUT,180,27.096,30.128,0.81
2026-06-22,along,1,8802.557,8800.089,8786.089,8802.557,8783.089,8841.557,TP,55,39.0,39.404,9.5
2026-06-23,ashort,-1,8835.399,8828.993,8836.089,8828.993,8852.399,8789.993,TIMEOUT,180,10.904,33.032,17.032
2026-06-24,ashort,-1,8797.589,8794.525,8799.025,8794.525,8814.589,8755.525,SL,96,-20.064,12.0,20.564
2026-06-25,ashort,-1,8798.525,8778.399,8812.461,8778.399,8815.525,8739.399,TIMEOUT,180,-2.562,24.342,22.0
2026-06-26,ashort,-1,8764.861,8757.425,8765.925,8757.425,8781.861,8718.425,TIMEOUT,180,31.126,32.5,19.874
2026-06-29,ashort,-1,8812.825,8778.761,8815.357,8778.761,8829.825,8739.761,TIMEOUT,180,-4.032,14.0,44.5
2026-06-30,ashort,-1,8831.761,8822.793,8825.825,8822.793,8848.761,8783.793,TIMEOUT,180,6.032,9.032,14.406
2026-07-01,ashort,-1,8789.825,8773.761,8793.889,8773.761,8806.825,8734.761,TP,15,39.0,39.872,6.438
2026-07-02,ashort,-1,8705.199,8660.793,8677.761,8660.793,8722.199,8621.793,SL,65,-61.406,4.968,64.596
2026-07-03,ashort,-1,8763.199,8757.261,8777.357,8757.261,8780.199,8718.261,SL,34,-22.938,8.468,24.938
2026-07-06,along,1,8827.761,8823.793,8824.889,8827.761,8806.793,8866.761,TIMEOUT,180,2.0,29.128,13.0
2026-07-07,ashort,-1,8814.857,8811.761,8818.261,8811.761,8831.857,8772.761,SL,73,-20.096,22.0,23.064
2026-07-08,ashort,-1,8728.699,8722.325,8753.699,8722.325,8745.699,8683.325,TP,13,39.0,50.5,2.5
2026-07-09,ashort,-1,8720.825,8710.293,8723.857,8710.293,8737.825,8671.293,SL,130,-27.532,13.5,27.596
2026-07-10,ashort,-1,8758.699,8749.793,8752.389,8749.793,8775.699,8710.793,SL,63,-25.906,6.032,27.0
2026-07-13,along,1,8815.889,8802.889,8800.889,8815.889,8785.889,8854.889,SL,46,-30.0,7.968,30.064
2026-07-14,ashort,-1,8795.025,8779.461,8791.089,8779.461,8812.025,8740.461,TIMEOUT,180,13.968,28.0,16.064
2026-07-15,ashort,-1,8856.589,8854.899,8862.557,8854.899,8873.589,8815.899,TIMEOUT,180,24.438,24.842,14.594
2026-07-16,ashort,-1,8849.525,8838.461,8848.589,8838.461,8866.525,8799.461,TIMEOUT,180,19.0,32.0,20.438
2026-07-17,along,1,8817.025,8809.557,8802.961,8817.025,8792.557,8856.025,SL,10,-24.468,0.0,24.532
2026-07-20,along,1,8833.525,8831.589,8831.961,8833.525,8814.589,8872.525,SL,21,-18.936,5.374,20.532
2026-07-21,ashort,-1,8751.025,8737.899,8742.493,8737.899,8768.025,8698.899,SL,38,-30.126,10.406,33.5
2026-07-22,along,1,8815.493,8801.493,8802.961,8815.493,8784.493,8854.493,TIMEOUT,180,12.032,26.406,23.968
2026-07-23,along,1,8895.899,8878.993,8864.557,8895.899,8861.993,8934.899,TIMEOUT,180,-13.374,27.69,26.438
2026-07-24,ashort,-1,8796.525,8782.493,8786.557,8782.493,8813.525,8743.493,SL,73,-31.032,11.094,31.906
2026-07-27,ashort,-1,8861.057,8852.493,8859.025,8852.493,8878.057,8813.493,TIMEOUT,180,-18.096,19.032,18.968
2026-07-28,along,1,8872.461,8858.589,8845.493,8872.461,8841.589,8911.461,TIMEOUT,180,5.032,12.032,21.0
2026-07-29,ashort,-1,9012.525,9002.899,9031.589,9002.899,9029.525,8963.899,SL,7,-26.626,0.0,27.69
2026-07-30,along,1,9012.899,9008.525,9008.461,9012.899,8991.525,9051.899,SL,24,-21.374,11.562,21.438
2026-07-31,ashort,-1,9063.589,9053.493,9059.057,9053.493,9080.589,9014.493,TP,34,39.0,39.468,4.096
2026-08-03,along,1,8944.399,8940.589,8939.993,8944.399,8923.589,8983.399,TIMEOUT,180,23.158,32.0,5.906
2026-08-04,along,1,9031.899,9024.461,9023.961,9031.899,9007.461,9070.899,TP,33,39.0,39.0,3.438
2026-08-05,along,1,9203.557,9159.057,9191.525,9203.557,9142.057,9242.557,SL,34,-61.5,5.968,65.596
2026-08-06,along,1,9263.525,9225.993,9196.493,9263.525,9208.993,9302.525,TIMEOUT,180,5.468,34.936,14.564
2026-08-07,ashort,-1,9235.993,9220.899,9249.589,9220.899,9252.993,9181.899,SL,61,-32.094,0.438,35.0
2026-08-14,ashort,-1,9138.557,9124.461,9152.057,9124.461,9155.557,9085.461,TIMEOUT,180,14.904,17.968,12.628
2026-08-17,along,1,9083.299,9076.393,9069.893,9083.299,9059.393,9122.299,TIMEOUT,180,4.158,25.094,10.938
2026-08-18,ashort,-1,9060.799,9059.799,9065.361,9059.799,9077.799,9020.799,SL,13,-18.0,13.406,18.658
2026-08-19,along,1,9029.493,9026.899,9028.525,9029.493,9009.899,9068.493,TIMEOUT,180,-4.904,36.064,8.032
