kind,sl,tp,n,pf,exp,net,mdd,pf_dev,pf_val,pf_hold,n_dev,n_val,n_hold,minPF,minEXP
A_LONG,5,6,91,0.7496348252673355,-0.7986153846153844,-72.67399999999998,106.99400000000004,0.7296247971231264,0.3187617993620207,1.5003723008190617,58,15,18,0.3187617993620207,-2.790533333333333
A_LONG,5,8,91,0.8074898824498304,-0.6575934065934065,-59.840999999999994,88.40100000000001,0.8136327539932248,0.39374064188529395,1.2872720063441714,58,15,18,0.39374064188529395,-2.4834000000000005
A_LONG,5,10,91,0.9136812587630472,-0.3044395604395604,-27.703999999999997,106.431,0.8686395683659707,0.4920415337543129,1.6139968279143537,58,15,18,0.4920415337543129,-2.080733333333333
A_LONG,5,12,91,0.9395647352947297,-0.22340659340659322,-20.329999999999984,124.10099999999998,0.8867379488794271,0.36039446905303485,1.9363600317208567,58,15,18,0.36039446905303485,-2.8493999999999997
A_LONG,5,15,91,1.0505313393560451,0.19245054945054962,17.513000000000016,131.065,1.1102318725499591,0.21419439117262848,1.8993151919264735,58,15,18,0.21419439117262848,-3.7696666666666667
A_LONG,5,18,91,1.1197000983421919,0.46948351648351677,42.72300000000003,146.748,1.2133057301821721,0.0,2.3013696161470536,58,15,18,0.0,-5.1532
A_LONG,5,20,91,1.2436897093722075,0.9557912087912092,86.97700000000003,142.768,1.349463924793311,0.0,2.548927734726978,58,15,18,0.0,-5.1532
A_LONG,5,22,91,1.3367057327053633,1.3206153846153852,120.17600000000004,138.64800000000005,1.430992865715726,0.0,2.8179131375022526,58,15,18,0.0,-5.1532
A_LONG,5,25,91,1.4148585602731287,1.6504395604395603,150.19,132.68499999999995,1.6140570831976226,0.0,2.4828382838283827,58,15,18,0.0,-5.1532
A_LONG,5,27,91,1.4878172070038975,1.9406923076923075,176.60299999999998,128.21800000000002,1.6752272128997139,0.0,2.692458745874588,58,15,18,0.0,-5.1532
A_LONG,5,30,91,1.513771385470814,2.0734175824175822,188.68099999999998,124.30000000000004,1.8073743246077032,0.0,2.2917502278942576,58,15,18,0.0,-5.1532
A_LONG,5,32,91,1.4963643681244967,2.032912087912088,184.995,124.30000000000003,1.7288594053540782,0.0,2.4427225767244,58,15,18,0.0,-5.1532
A_LONG,5,35,91,1.255438157145544,1.089505494505495,99.14500000000004,124.3,1.2691750435680502,0.0,2.678669097538742,58,15,18,0.0,-5.1532
A_LONG,5,40,91,1.0110680741751628,0.048483516483516495,4.412000000000001,158.625,1.106820705799637,0.0,1.7742253521126763,58,15,18,0.0,-5.1532
A_LONG,5,50,91,1.152053062535121,0.6660659340659342,60.61200000000001,162.055,1.2123231306376485,0.0,2.1938028169014085,58,15,18,0.0,-5.1532
A_LONG,5,60,91,1.2130880227984266,0.9334285714285717,84.94200000000002,162.055,1.334324041449949,0.0,2.1063380281690143,58,15,18,0.0,-5.1532
A_LONG,5,75,91,1.0358825598620687,0.15917582417582443,14.485000000000024,162.05499999999998,1.1889067272300105,0.0,1.6132394366197185,58,15,18,0.0,-5.1532
A_LONG,6,6,91,0.898668796053895,-0.3304945054945055,-30.075,108.63499999999999,1.0055493401461642,0.3743168600403308,1.2411711563731933,58,15,18,0.3743168600403308,-2.8545333333333334
A_LONG,6,8,91,0.9376098043043288,-0.2247802197802198,-20.455000000000002,103.08099999999999,1.1381806046574683,0.32424209933792586,1.056390732786672,58,15,18,0.32424209933792586,-3.3614000000000006
A_LONG,6,10,91,1.0226662043858887,0.0862087912087912,7.845,116.67999999999999,1.1536908661537288,0.405192055110301,1.3245151633476506,58,15,18,0.405192055110301,-2.9587333333333334
A_LONG,6,12,91,1.0675220410371027,0.2702417582417582,24.592,137.08700000000002,1.2023737162256471,0.2986335003224046,1.589060262918131,58,15,18,0.2986335003224046,-3.7707333333333337
A_LONG,6,15,91,1.2073459872929393,0.8581868131868132,78.095,142.601,1.5035187011197704,0.17704289094626566,1.561747969889159,58,15,18,0.17704289094626566,-4.776333333333334
A_LONG,6,18,91,1.3046419108348875,1.3051428571428574,118.76800000000003,155.69400000000002,1.6617705438666133,0.0,1.8923448521130937,58,15,18,0.0,-6.209866666666668
A_LONG,6,20,91,1.3742118274492376,1.6284835164835165,148.192,150.03400000000002,1.7111254614897673,0.0,2.095904214332286,58,15,18,0.0,-6.209866666666668
A_LONG,6,22,91,1.485572370464457,2.113098901098901,192.292,147.80700000000004,1.8350702484078867,0.0,2.3170825677197557,58,15,18,0.0,-6.209866666666668
A_LONG,6,25,91,1.5869210053190297,2.5936813186813192,236.02500000000003,147.80700000000002,2.0720030249087644,0.0,2.0439046920422745,58,15,18,0.0,-6.209866666666668
A_LONG,6,27,91,1.5847976854539796,2.6232417582417584,238.71500000000003,147.80700000000002,2.0036241038109,0.0,2.216466976390361,58,15,18,0.0,-6.209866666666668
A_LONG,6,30,91,1.6313217718214084,2.875087912087912,261.633,147.80699999999996,2.1753362132878284,0.0,1.8894581256106426,58,15,18,0.0,-6.209866666666668
A_LONG,6,32,91,1.6254459061903381,2.901615384615385,264.047,147.807,2.108578927092363,0.0,2.013928902472631,58,15,18,0.0,-6.209866666666668
A_LONG,6,35,91,1.4223337811295795,2.048648351648352,186.42700000000002,147.80700000000007,1.6820879231408252,0.0,2.2084575494150367,58,15,18,0.0,-6.209866666666668
A_LONG,6,40,91,1.2105510300812379,1.0495274725274726,95.507,165.995,1.5416525487024226,0.0,1.4650400074432453,58,15,18,0.0,-6.209866666666668
A_LONG,6,50,91,1.378274049007396,1.8855714285714282,171.58699999999996,165.99500000000003,1.7103030170545006,0.0,1.8114998139188687,58,15,18,0.0,-6.209866666666668
A_LONG,6,60,91,1.4323298905435344,2.155021978021978,196.107,165.99500000000006,1.8222630276930696,0.0,1.7392770748046147,58,15,18,0.0,-6.209866666666668
A_LONG,6,75,91,1.3037205093513033,1.5343626373626378,139.62700000000004,165.99500000000006,1.7278199508179195,0.0,1.3321082992184592,58,15,18,0.0,-6.209866666666668
A_LONG,8,6,91,0.8850114833848407,-0.43300000000000005,-39.403000000000006,129.618,1.0787028993653487,0.28432526028370364,1.1700687448353464,58,15,18,0.28432526028370364,-4.298533333333335
A_LONG,8,8,91,0.8887214588547786,-0.4787912087912089,-43.57000000000001,123.90800000000002,1.1385715388913364,0.24625422417654003,0.9996719384337794,58,15,18,0.24625422417654003,-4.9367333333333345
A_LONG,8,10,91,0.9310915208804277,-0.3209120879120879,-29.203,133.49699999999999,1.0810838652419044,0.3077338056268067,1.2507347212160147,58,15,18,0.3077338056268067,-4.534066666666667
A_LONG,8,12,91,0.9308682411204355,-0.34698901098901097,-31.576,160.397,1.1268318045084855,0.22661234168281982,1.2027288287955473,58,15,18,0.22661234168281982,-5.4794
A_LONG,8,15,91,1.057149140986491,0.2969670329670328,27.023999999999983,172.66000000000003,1.407828573550711,0.1348103314061803,1.1806490640438236,58,15,18,0.1348103314061803,-6.5945333333333345
A_LONG,8,18,91,1.1515903068568436,0.8147362637362636,74.14099999999999,196.07299999999998,1.5695196223287327,0.0,1.4305734481947416,58,15,18,0.0,-8.155400000000002
A_LONG,8,20,91,1.2162457909071522,1.1813626373626374,107.50399999999999,196.07299999999998,1.6221965398893328,0.0,1.584460102837555,58,15,18,0.0,-8.155400000000002
A_LONG,8,22,91,1.3178010934589588,1.736164835164835,157.99099999999999,196.07299999999998,1.7467360089654695,0.0,1.7516663492668063,58,15,18,0.0,-8.155400000000002
A_LONG,8,25,91,1.4853984205592812,2.651758241758242,241.31000000000003,196.07299999999995,1.9713455207676687,0.0,1.9665721935317644,58,15,18,0.0,-8.155400000000002
A_LONG,8,27,91,1.493528199407411,2.741945054945055,249.51700000000002,196.0729999999999,1.9215660929314928,0.0,2.1306081754735793,58,15,18,0.0,-8.155400000000002
A_LONG,8,30,91,1.4685784762466532,2.688703296703297,244.672,196.0729999999999,2.0953364174433635,0.0,1.4251041597777925,58,15,18,0.0,-8.155400000000002
A_LONG,8,32,91,1.4756969722116398,2.771703296703297,252.22500000000005,196.07299999999992,2.058200129782416,0.0,1.5189849499749637,58,15,18,0.0,-8.155400000000002
A_LONG,8,35,91,1.3201187798074328,1.9546593406593407,177.874,196.0729999999999,1.7015622709727851,0.0,1.6657061607792378,58,15,18,0.0,-8.155400000000002
A_LONG,8,40,91,1.2585521180728019,1.6016593406593405,145.75099999999998,204.1429999999999,1.7818347828211265,0.0,1.1058051037158632,58,15,18,0.0,-8.155400000000002
A_LONG,8,50,91,1.3521395927092905,2.2192417582417585,201.95100000000002,222.02399999999992,1.837479132629007,0.0,1.3673112880430487,58,15,18,0.0,-8.155400000000002
A_LONG,8,60,91,1.4471531673225841,2.818032967032968,256.4410000000001,222.0239999999999,2.01746484051843,0.0,1.3127979142709163,58,15,18,0.0,-8.155400000000002
A_LONG,8,75,91,1.3529687725544917,2.2571538461538463,205.401,222.02399999999986,1.9462878533655796,0.0,1.0054688940193297,58,15,18,0.0,-8.155400000000002
A_LONG,10,6,91,0.8022316573036509,-0.8711978021978022,-79.279,158.35499999999996,0.9789281348178723,0.30947535273282323,0.9446818175365878,58,15,18,0.30947535273282323,-4.704866666666667
A_LONG,10,8,91,0.8847310512062186,-0.5589340659340658,-50.86299999999999,154.752,1.1962296306868265,0.2874670560581238,0.8061664296658841,58,15,18,0.2874670560581238,-5.335066666666665
A_LONG,10,10,91,0.9195916288869783,-0.4285934065934066,-39.002,158.064,1.114357137791646,0.35860816297457077,1.008631237805483,58,15,18,0.35860816297457077,-4.8024000000000004
A_LONG,10,12,91,0.9245446396796729,-0.43570329670329666,-39.648999999999994,190.161,1.1636961251793898,0.2961527770965157,0.9696506398483028,58,15,18,0.2961527770965157,-5.739733333333334
A_LONG,10,15,91,1.05390534821085,0.32330769230769235,29.421000000000006,184.12500000000006,1.452551799850536,0.2307814353387378,0.9493410919048434,58,15,18,0.2307814353387378,-6.787533333333334
A_LONG,10,18,91,1.2084390235126918,1.2732417582417581,115.86499999999998,188.07799999999997,1.739234956053622,0.12681217924866084,1.150301305205509,58,15,18,0.12681217924866084,-8.291733333333333
A_LONG,10,20,91,1.2242069073292703,1.4189340659340661,129.12300000000002,184.0829999999999,1.6855892623443967,0.14088838028910622,1.2740391111271248,58,15,18,0.14088838028910622,-8.158066666666667
A_LONG,10,22,91,1.3299265510235976,2.0880000000000005,190.00800000000004,181.76799999999994,1.8219528987080322,0.1548452319940466,1.408486988479242,58,15,18,0.1548452319940466,-8.025533333333334
A_LONG,10,25,91,1.4999861089406332,3.164252747252747,287.947,178.72099999999992,2.0567398760753473,0.17623684524603517,1.581289352081213,58,15,18,0.17623684524603517,-7.822399999999999
A_LONG,10,27,91,1.5194487584264869,3.344736263736264,304.37100000000004,176.72099999999992,2.0241718647554547,0.1902779435407438,1.7131880702955402,58,15,18,0.1902779435407438,-7.689066666666665
A_LONG,10,30,91,1.4617153058082066,3.080945054945054,280.36599999999993,204.85099999999994,2.2158294585766964,0.0,1.1491311601544945,58,15,18,0.0,-9.5644
A_LONG,10,32,91,1.4719646542452691,3.2117142857142866,292.2660000000001,204.85099999999994,2.1790834230714533,0.0,1.2248318313056594,58,15,18,0.0,-9.5644
A_LONG,10,35,91,1.2662041508704995,1.9383406593406594,176.389,236.76799999999997,1.7085066065098293,0.0,1.3431403170636946,58,15,18,0.0,-9.5644
A_LONG,10,40,91,1.2336011226935129,1.7267692307692306,157.136,246.82799999999995,1.8145897518530456,0.0,0.8913371118045383,58,15,18,0.0,-9.5644
A_LONG,10,50,91,1.323428613256231,2.4277582417582417,220.92600000000002,268.3219999999999,1.878671393635665,0.0,1.102124859368698,58,15,18,0.0,-9.5644
A_LONG,10,60,91,1.377009845185375,2.8299560439560447,257.52600000000007,268.3219999999999,1.9861580488196802,0.0,1.0581842110849307,58,15,18,0.0,-9.5644
A_LONG,10,75,91,1.2951849629612537,2.2490109890109893,204.66000000000003,275.0389999999999,1.9177010537652834,0.0,0.8104608461228215,58,15,18,0.0,-9.5644
A_LONG,12,6,91,0.8122466216216216,-0.8794285714285714,-80.028,136.30900000000003,0.8943501107057099,0.593555019852524,0.7822049835448988,58,15,18,0.593555019852524,-2.2929999999999997
A_LONG,12,8,91,0.8515246210761092,-0.795186813186813,-72.36199999999998,149.446,1.0925068794614095,0.44512598251671204,0.6653898644345374,58,15,18,0.44512598251671204,-4.028533333333333
A_LONG,12,10,91,0.926638404521943,-0.42330769230769216,-38.52099999999999,128.87800000000001,1.092327031704052,0.5556820686108865,0.8324993176235101,58,15,18,0.5556820686108865,-3.225866666666666
A_LONG,12,12,91,0.9725591186433433,-0.16931868131868116,-15.407999999999987,135.115,1.1373902208888782,0.6641262028942924,0.8010333798080865,58,15,18,0.6641262028942924,-2.4385333333333334
A_LONG,12,15,91,1.1107796445775622,0.7129010989010989,64.874,117.86700000000003,1.4198037887402315,0.625333895683959,0.7863506133046827,58,15,18,0.625333895683959,-3.0203333333333333
A_LONG,12,18,91,1.275316122101691,1.8081098901098909,164.53800000000007,114.87800000000001,1.6999582657924661,0.5442489525428574,0.9528083684006328,58,15,18,0.5442489525428574,-4.039199999999999
A_LONG,12,20,91,1.2949584521391477,2.0154835164835165,183.40900000000002,112.87299999999999,1.6446212983733695,0.6032600928231321,1.0553018772196854,58,15,18,0.6032600928231321,-3.5161999999999987
A_LONG,12,22,91,1.4103339750053472,2.803857142857143,255.15099999999998,110.88499999999999,1.780872721533969,0.6669575225099857,1.1666666666666667,58,15,18,0.6669575225099857,-2.951666666666666
A_LONG,12,25,91,1.5926379795855024,4.049560439560439,368.51,107.83799999999997,2.0109400187124478,0.7612625149502411,1.3098009371176174,58,15,18,0.7612625149502411,-2.115866666666666
A_LONG,12,27,91,1.5462052949372969,3.876857142857144,352.7940000000001,105.83799999999997,1.8474022975159063,0.8158732069113367,1.4190542274748559,58,15,18,0.8158732069113367,-1.6318666666666666
A_LONG,12,30,91,1.5018381448967821,3.7006813186813194,336.76200000000006,133.96799999999996,2.0235240716647613,0.6732951152514033,0.9537487828627071,58,15,18,0.6732951152514033,-2.917866666666666
A_LONG,12,32,91,1.5228332093856687,3.924604395604396,357.139,133.96799999999996,2.0021153167347903,0.7218141645766153,1.0165783583505104,58,15,18,0.7218141645766153,-2.484533333333333
A_LONG,12,35,91,1.3374911766432602,2.716362637362638,247.18900000000005,148.73000000000002,1.585128490478191,0.7865311119073211,1.1147713046447225,58,15,18,0.7865311119073211,-1.9065333333333327
A_LONG,12,40,91,1.2506886179312675,2.0862637362637364,189.85000000000002,191.85600000000005,1.5530728968993,0.8760300967395197,0.7403119453684222,58,15,18,0.7403119453684222,-2.454888888888889
A_LONG,12,50,91,1.3516227765028404,2.9768461538461546,270.8930000000001,207.11200000000002,1.6046962996641514,1.024871611131016,0.9153845249709093,58,15,18,0.9153845249709093,-0.7998888888888884
A_LONG,12,60,91,1.414524511687314,3.5093736263736277,319.3530000000001,197.02200000000002,1.696507692769611,1.1134002149767106,0.8788890325462215,58,15,18,0.8788890325462215,-1.1448888888888884
A_LONG,12,75,91,1.3572929233034123,3.0723736263736283,279.5860000000002,182.07200000000003,1.6376900661808667,1.2249940284246983,0.6731390824997942,58,15,18,0.6731390824997942,-3.0898888888888885
A_LONG,13,6,91,0.8066979969677399,-0.9275054945054945,-84.40299999999999,160.601,0.9321003293640739,0.5488908316031035,0.7193039342844789,58,15,18,0.5488908316031035,-2.752066666666666
A_LONG,13,8,91,0.8405106552083853,-0.882054945054945,-80.267,178.85799999999995,1.1344223422473982,0.4107439417047959,0.6116333528477044,58,15,18,0.4107439417047959,-4.636266666666666
A_LONG,13,10,91,0.9556640860799228,-0.25827472527472545,-23.503000000000014,157.76999999999998,1.212192587224209,0.5127605490594814,0.7652421175880237,58,15,18,0.5127605490594814,-3.8336
A_LONG,13,12,91,1.0472151612010168,0.28861538461538455,26.263999999999996,140.45000000000002,1.349804660659246,0.6128283341806474,0.7364650882219878,58,15,18,0.6128283341806474,-3.046266666666668
A_LONG,13,15,91,1.1943785951294206,1.2443626373626375,113.23700000000001,122.60400000000011,1.684391176027904,0.5763107151295281,0.7232073011734029,58,15,18,0.5763107151295281,-3.7060666666666666
A_LONG,13,18,91,1.3099861235496157,2.0767912087912093,188.98800000000006,126.144,1.8722042729936914,0.5017301517956827,0.8762986344609895,58,15,18,0.5017301517956827,-4.790266666666666
A_LONG,13,20,91,1.3279465859151922,2.2944945054945056,208.799,124.13900000000001,1.7991313601481187,0.5561311170747607,0.9705619982158787,58,15,18,0.5561311170747607,-4.267266666666666
A_LONG,13,22,91,1.4465482200016966,3.1242967032967037,284.31100000000004,122.15100000000007,1.9494360474002808,0.6148522609859439,1.0729842860083716,58,15,18,0.6148522609859439,-3.7027333333333323
A_LONG,13,25,91,1.6341587532944026,4.436923076923077,403.76,119.10400000000004,2.2024374980172983,0.7017897882904437,1.2046249914224938,58,15,18,0.7017897882904437,-2.866933333333333
A_LONG,13,27,91,1.6174956143450092,4.417373626373627,401.98100000000005,117.10400000000004,2.0892205767084255,0.7521340850305465,1.3051053317779455,58,15,18,0.7521340850305465,-2.3829333333333325
A_LONG,13,30,91,1.534091594540637,3.989329670329671,363.02900000000005,145.23400000000004,2.2204714595525816,0.6210666923723095,0.8697630167791041,58,15,18,0.6210666923723095,-3.668933333333333
A_LONG,13,32,91,1.5991970140338643,4.475626373626374,407.28200000000004,145.23400000000004,2.2975136338834896,0.6658220526873874,0.9270599088969613,58,15,18,0.6658220526873874,-3.235599999999999
A_LONG,13,35,91,1.404338504397225,3.2537252747252747,296.089,145.23400000000004,1.805271072685776,0.7255188179076525,1.0166061235080435,58,15,18,0.7255188179076525,-2.657599999999998
A_LONG,13,40,91,1.3193601699606199,2.6628461538461536,242.319,158.71600000000007,1.7742232316373594,0.8080752440888496,0.6756597296717441,58,15,18,0.6756597296717441,-3.359444444444445
A_LONG,13,50,91,1.431519787318393,3.660131868131869,333.07200000000006,164.63100000000003,1.8443878014648418,0.9453709186554111,0.8354430379746836,58,15,18,0.8354430379746836,-1.7044444444444444
A_LONG,13,60,91,1.5081530540591663,4.31013186813187,392.22200000000015,145.23400000000004,1.9659278847027604,1.027032237630307,0.8021347350354,58,15,18,0.8021347350354,-2.049444444444445
A_LONG,13,75,91,1.4660812277403283,4.020857142857144,365.89800000000014,145.23400000000004,1.9240016057241416,1.1299695663549858,0.6143531431023386,58,15,18,0.6143531431023386,-3.994444444444445
A_LONG,14,6,91,0.7831509545666053,-1.0907912087912088,-99.262,166.823,0.8610033386112401,0.663756023034434,0.6709345700171389,58,15,18,0.663756023034434,-1.9073999999999993
A_LONG,14,8,91,0.8158704563778204,-1.0691208791208793,-97.29,187.044,1.0472733969436472,0.49902059399650595,0.5747190569744599,58,15,18,0.49902059399650595,-3.785199999999999
A_LONG,14,10,91,0.9277549958274635,-0.4423736263736264,-40.25600000000001,162.516,1.1198935037946378,0.6252845571496638,0.719056974459725,58,15,18,0.6252845571496638,-2.8311999999999995
A_LONG,14,12,91,1.015926700282868,0.10246153846153858,9.32400000000001,144.46600000000004,1.2476409958626697,0.7460779642472691,0.6904913396960056,58,15,18,0.6904913396960056,-2.4322222222222223
A_LONG,14,15,91,1.2105594091854452,1.3873296703296703,126.247,111.67999999999996,1.5569034139023976,0.7109765376801249,0.8512053729232942,58,15,18,0.7109765376801249,-2.456333333333333
A_LONG,14,18,91,1.3301267911378396,2.277813186813187,207.281,105.61500000000001,1.7362996910849735,0.6377348635638561,1.0336726758571932,58,15,18,0.6377348635638561,-3.421666666666667
A_LONG,14,20,91,1.3499038934947865,2.5225494505494503,229.552,101.49999999999994,1.6728932866739068,0.7079998306017872,1.1413220219158713,58,15,18,0.7079998306017872,-2.7579999999999996
A_LONG,14,22,91,1.4723684270695674,3.4054285714285717,309.894,96.75200000000007,1.8126516766555378,0.7872499611795764,1.2614775539059737,58,15,18,0.7872499611795764,-2.009466666666666
A_LONG,14,25,91,1.6622172631976875,4.774098901098902,434.44300000000004,91.53500000000003,2.04790099620557,0.8910557743615805,1.417815482502651,58,15,18,0.8910557743615805,-1.0290000000000001
A_LONG,14,27,91,1.6511334862344278,4.7982527472527465,436.64099999999996,87.50500000000005,1.9468200424304059,0.9566269992518245,1.5368186638388122,58,15,18,0.9566269992518245,-0.4096666666666666
A_LONG,14,30,91,1.5008428777876177,3.9341648351648346,358.00899999999996,112.62500000000006,2.069124911603322,0.8428576433902106,0.8169130787977253,58,15,18,0.8169130787977253,-1.8781666666666672
A_LONG,14,32,91,1.565759156590605,4.444087912087912,404.41200000000003,110.47500000000002,2.1409159186285995,0.9034721978907538,0.870728405090712,58,15,18,0.870728405090712,-1.3261111111111117
A_LONG,14,35,91,1.3782909098918066,3.208659340659341,291.98800000000006,107.22500000000008,1.679817595263056,0.9870011562313865,0.9548334687246139,58,15,18,0.9548334687246139,-0.46333333333333393
A_LONG,14,40,91,1.3015545401698931,2.6507472527472524,241.218,121.75700000000006,1.6524980918111438,1.1030447426509233,0.634098459679855,58,15,18,0.634098459679855,-4.038333333333334
A_LONG,14,50,91,1.4034777417892796,3.609791208791209,328.49100000000004,132.95800000000008,1.7172112423432266,1.2263760905364214,0.7840531561461793,58,15,18,0.7840531561461793,-2.3833333333333333
A_LONG,14,60,91,1.476130290647044,4.25979120879121,387.64100000000013,112.178,1.8303707401265694,1.309484601100172,0.7527937179099969,58,15,18,0.7527937179099969,-2.7283333333333335
A_LONG,14,75,91,1.4351931786487457,3.9608461538461546,360.43700000000007,104.99500000000006,1.7916928550008417,1.4142461721733648,0.576562971911809,58,15,18,0.576562971911809,-4.673333333333333
A_LONG,15,6,91,0.7386813213985459,-1.3936153846153847,-126.819,186.327,0.8148563439163327,0.6240773480662983,0.6287198866320265,58,15,18,0.6240773480662983,-2.268066666666667
A_LONG,15,8,91,0.7674688134790574,-1.4353076923076924,-130.613,212.464,0.9912125786411724,0.4686443486907524,0.5340124132895219,58,15,18,0.4686443486907524,-4.274933333333333
A_LONG,15,10,91,0.8726843333142013,-0.8287802197802198,-75.419,186.46599999999998,1.0592834012451156,0.5872224063639376,0.6681270536692224,58,15,18,0.5872224063639376,-3.320933333333333
A_LONG,15,12,91,0.9554957924872037,-0.30441758241758227,-27.701999999999984,169.01600000000002,1.1793715050259015,0.7006629101756712,0.6426080663201527,58,15,18,0.6426080663201527,-3.0177777777777774
A_LONG,15,15,91,1.136811934688124,0.9599010989010992,87.35100000000003,138.1,1.471711436641623,0.6630430806820925,0.7921771169155865,58,15,18,0.6630430806820925,-3.0707333333333335
A_LONG,15,18,91,1.248708924048551,1.8279340659340664,166.34200000000004,117.09600000000006,1.640871150340593,0.594322061212811,0.961990920455293,58,15,18,0.594322061212811,-4.111599999999998
A_LONG,15,20,91,1.2662717409332944,2.0464065934065934,186.223,111.84900000000002,1.577941343855522,0.6598038506317958,1.0621751431015198,58,15,18,0.6598038506317958,-3.447933333333332
A_LONG,15,22,91,1.3811490880389834,2.9292857142857147,266.56500000000005,107.101,1.7097671712764475,0.7336591526505162,1.1739982893611423,58,15,18,0.7336591526505162,-2.6994
A_LONG,15,25,91,1.55923600029741,4.297956043956043,391.114,101.8839999999999,1.9316639475914053,0.8303985476264085,1.319494703598921,58,15,18,0.8303985476264085,-1.7189333333333328
A_LONG,15,27,91,1.5479305740987988,4.306945054945055,391.932,97.85399999999993,1.8340660088796392,0.8915061140455314,1.4302454108822948,58,15,18,0.8915061140455314,-1.0996000000000001
A_LONG,15,30,91,1.4064226365426415,3.406813186813187,310.02,122.97399999999993,1.94928734335413,0.7858664262286513,0.760029223560236,58,15,18,0.760029223560236,-2.645944444444444
A_LONG,15,32,91,1.4672549364055152,3.916736263736265,356.4230000000001,120.8239999999999,2.0169204285179365,0.8423824271172267,0.810097243915957,58,15,18,0.810097243915957,-2.093888888888889
A_LONG,15,35,91,1.2918721933614574,2.641263736263736,240.355,117.57399999999998,1.5820687755577685,0.9202634364341996,0.8883458457197562,58,15,18,0.8883458457197562,-1.2311111111111113
A_LONG,15,40,91,1.2362929723169873,2.186725274725275,198.99200000000002,138.03900000000004,1.5938366983785102,1.0284605433376455,0.5895815782083684,58,15,18,0.5895815782083684,-4.871666666666666
A_LONG,15,50,91,1.3727665557192918,3.4496923076923087,313.9220000000001,115.34399999999994,1.735898466010555,1.143452637631163,0.7290087054198259,58,15,18,0.7290087054198259,-3.2166666666666663
A_LONG,15,60,91,1.4430042000092622,4.099692307692308,373.07200000000006,115.34399999999994,1.8484288860329767,1.2209416284448626,0.6999438360011232,58,15,18,0.6999438360011232,-3.5616666666666656
A_LONG,15,75,91,1.4019310792024704,3.787197802197804,344.63500000000016,125.39399999999995,1.8048943011896463,1.31861957217714,0.5360853692782925,58,15,18,0.5360853692782925,-5.506666666666666
A_LONG,16,6,91,0.7265729178086286,-1.5074395604395607,-137.17700000000002,187.14000000000004,0.8249519183140837,0.5847474297783345,0.592203030869306,58,15,18,0.5847474297783345,-2.673866666666666
A_LONG,16,8,91,0.7531592379410413,-1.5815494505494505,-143.921,215.68600000000004,0.9995929811866858,0.4394508030490221,0.5051075027454123,58,15,18,0.4394508030490221,-4.809399999999999
A_LONG,16,10,91,0.8572074063479267,-0.9654285714285714,-87.854,192.74800000000002,1.068068770993528,0.5506422061120305,0.6319628143410665,58,15,18,0.5506422061120305,-3.855399999999999
A_LONG,16,12,91,0.9366214138869854,-0.45125274725274733,-41.06400000000001,177.61800000000005,1.1866298533989863,0.6570160920611979,0.6052287500697127,58,15,18,0.6052287500697127,-3.539277777777778
A_LONG,16,15,91,1.1158189154628555,0.8450109890109891,76.89600000000002,149.47199999999998,1.4805137462902624,0.626311206932294,0.7460976471244354,58,15,18,0.626311206932294,-3.6051999999999995
A_LONG,16,18,91,1.2238350159366778,1.7147582417582419,156.043,128.07199999999997,1.6458496820999022,0.5608121109049041,0.9060336974909684,58,15,18,0.5608121109049041,-4.7172
A_LONG,16,20,91,1.2414227042676744,1.9353186813186813,176.114,120.93299999999996,1.5819565794258421,0.6226018086909026,1.0003903902043043,58,15,18,0.6226018086909026,-4.053533333333332
A_LONG,16,22,91,1.3543545848846588,2.8406153846153845,258.496,116.18499999999997,1.7150242262823223,0.6922928912364769,1.105708991987706,58,15,18,0.6922928912364769,-3.3049999999999984
A_LONG,16,25,91,1.5291754171441738,4.242032967032967,386.025,110.9679999999999,1.9378961955400054,0.7835777817777806,1.2427421503683922,58,15,18,0.7835777817777806,-2.324533333333333
A_LONG,16,27,91,1.5197135113482143,4.26289010989011,387.923,106.93799999999993,1.8432897961686987,0.8412398905102693,1.3470506949565306,58,15,18,0.8412398905102693,-1.7051999999999994
A_LONG,16,30,91,1.3214355659404753,2.8677032967032954,260.9609999999999,132.05799999999994,1.8222254043586175,0.7418372004095277,0.7190978561928235,58,15,18,0.7190978561928235,-3.2735555555555558
A_LONG,16,32,91,1.378591901815705,3.377626373626374,307.36400000000003,129.9079999999999,1.8854499086272263,0.7951868161689425,0.7664694637383382,58,15,18,0.7664694637383382,-2.7215000000000007
A_LONG,16,35,91,1.214032048604692,2.0610439560439566,187.55500000000004,126.65799999999996,1.4803831963028533,0.8687044369611071,0.8405039877578456,58,15,18,0.8405039877578456,-1.8587222222222226
A_LONG,16,40,91,1.1618478274212394,1.5937582417582417,145.03199999999998,166.439,1.4920920909094486,0.9708396551086111,0.5571009698518907,58,15,18,0.5571009698518907,-5.563722222222222
A_LONG,16,50,91,1.290103459319876,2.8567252747252745,259.962,129.07599999999994,1.6250851636125911,1.0793891623185188,0.6888469243798564,58,15,18,0.6888469243798564,-3.908722222222222
A_LONG,16,60,91,1.3561116436651672,3.5067252747252744,319.11199999999997,124.42799999999994,1.7304320601127112,1.1525367279724679,0.6613832661852048,58,15,18,0.6613832661852048,-4.253722222222223
A_LONG,16,75,91,1.3171866747606327,3.1809780219780226,289.46900000000005,146.935,1.689153804931354,1.24474213324452,0.5065519178124599,58,15,18,0.5065519178124599,-6.198722222222222
A_LONG,18,6,91,0.6442967967039085,-2.211461538461539,-201.24300000000002,230.711,0.7319378900436758,0.5209759247301908,0.5222884947417988,58,15,18,0.5209759247301908,-3.4620666666666673
A_LONG,18,8,91,0.7006432994084028,-2.099681318681319,-191.07100000000003,257.375,0.8891117272688089,0.39129081134934307,0.5573301304049417,58,15,18,0.39129081134934307,-5.865399999999999
A_LONG,18,10,91,0.7967957490151657,-1.5061208791208789,-137.057,241.85899999999998,0.9500158754118496,0.4902966022540941,0.6967741935483871,58,15,18,0.4902966022540941,-4.9114
A_LONG,18,12,91,0.8709563474807519,-1.0076593406593408,-91.69700000000002,228.63600000000002,1.0553594862210203,0.5850128340840062,0.6701893708002444,58,15,18,0.5850128340840062,-3.998733333333334
A_LONG,18,15,91,1.0372761755244988,0.2984945054945054,27.162999999999993,202.58000000000004,1.3167326122400285,0.5572661764344211,0.8273243738546121,58,15,18,0.5572661764344211,-4.800533333333336
A_LONG,18,18,91,1.1394704497907953,1.1721648351648357,106.66700000000004,182.13300000000004,1.4666338428165715,0.5000885572910325,1.0049053145998779,58,15,18,0.5000885572910325,-6.021400000000001
A_LONG,18,20,91,1.1556876209501217,1.3703076923076924,124.69800000000002,145.55800000000002,1.41017048640314,0.5551877968052957,1.1086744043982897,58,15,18,0.5551877968052957,-5.357733333333334
A_LONG,18,22,91,1.2611648667207693,2.2986813186813184,209.17999999999998,135.748,1.5287881973647324,0.6173328757873298,1.225326817348809,58,15,18,0.6173328757873298,-4.609200000000001
A_LONG,18,25,91,1.4239827704600792,3.731747252747253,339.589,130.53100000000003,1.7274582982898794,0.6987336307382357,1.3780085522296885,58,15,18,0.6987336307382357,-3.6287333333333343
A_LONG,18,27,91,1.4170915830560549,3.756450549450549,341.837,126.79900000000006,1.6444142348784407,0.750152207843962,1.493298717165547,58,15,18,0.750152207843962,-3.0094000000000003
A_LONG,18,30,91,1.231991439042835,2.282252747252747,207.68499999999997,171.00800000000004,1.6181359825288728,0.6619666374978674,0.8296634262655906,58,15,18,0.6619666374978674,-4.094733333333335
A_LONG,18,32,91,1.2859699271804803,2.813274725274725,256.008,156.27100000000002,1.6742793361940553,0.7095723193598275,0.8840333822450476,58,15,18,0.7095723193598275,-3.5180666666666673
A_LONG,18,35,91,1.1332024495342936,1.4195824175824174,129.182,150.43300000000002,1.3098979713561951,0.7751746000297192,0.9696441672780631,58,15,18,0.7751746000297192,-2.7234
A_LONG,18,40,91,1.090525345361823,0.9862527472527474,89.74900000000001,194.683,1.321294244219197,0.8663133389469513,0.7027473225246581,58,15,18,0.7027473225246581,-3.901111111111111
A_LONG,18,50,91,1.2165481166483765,2.3592417582417577,214.69099999999997,161.807,1.4390637723564195,0.9631757667816908,0.8712356601617067,58,15,18,0.8712356601617067,-1.6898888888888886
A_LONG,18,60,91,1.286284173068233,3.1189999999999993,283.82899999999995,143.991,1.532351746228812,1.0284478346294188,0.8872285484485457,58,15,18,0.8872285484485457,-1.4799999999999998
A_LONG,18,75,91,1.2654578487148223,2.9447472527472525,267.972,163.97100000000006,1.4973171721269904,1.1107258628185865,0.80387757693773,58,15,18,0.80387757693773,-2.573888888888888
A_LONG,20,6,91,0.6148349733667425,-2.550681318681319,-232.11200000000002,281.257,0.7298192326973547,0.46260135965271526,0.47055080251714626,58,15,18,0.46260135965271526,-4.374066666666667
A_LONG,20,8,91,0.6648048200653034,-2.52245054945055,-229.54300000000003,314.851,0.8820798617574256,0.34629585407520347,0.5026804506623745,58,15,18,0.34629585407520347,-7.1174
A_LONG,20,10,91,0.7541123609125295,-1.9616483516483516,-178.51,309.05899999999997,0.9350850732315363,0.43391686107386246,0.6284511576080227,58,15,18,0.43391686107386246,-6.163399999999999
A_LONG,20,12,91,0.8237271941754924,-1.4840659340659348,-135.05000000000007,288.937,1.037086454339336,0.5177415700753748,0.6040634291377601,58,15,18,0.5177415700753748,-5.250733333333332
A_LONG,20,15,91,0.9499224587975961,-0.43787912087912084,-39.846999999999994,264.848,1.2300816122778304,0.49422272630608916,0.7456943067944057,58,15,18,0.49422272630608916,-6.183666666666666
A_LONG,20,18,91,1.0424745203119767,0.3901868131868134,35.50700000000002,246.5310000000001,1.3678483725201813,0.4438838423785686,0.9057537716110559,58,15,18,0.4438838423785686,-7.5465333333333335
A_LONG,20,20,91,1.0565069509439131,0.5440439560439558,49.50799999999998,209.95600000000002,1.3113862586028855,0.4927905045909871,0.9992842197995814,58,15,18,0.4927905045909871,-6.882866666666666
A_LONG,20,22,91,1.1529321797886185,1.4724175824175825,133.99,172.51500000000007,1.421694648745644,0.5479511277272036,1.1044268252395109,58,15,18,0.5479511277272036,-6.134333333333331
A_LONG,20,25,91,1.3017771132467417,2.9054835164835167,264.399,153.408,1.6064476575914164,0.6202032905758262,1.2420438277722716,58,15,18,0.6202032905758262,-5.153866666666667
A_LONG,20,27,91,1.295198861608736,2.9088571428571437,264.7060000000001,159.76500000000007,1.527612099317151,0.665842958275813,1.3459585948684063,58,15,18,0.665842958275813,-4.534533333333333
A_LONG,20,30,91,1.125516881038783,1.3516043956043955,122.996,218.86300000000006,1.5075764413855353,0.5879420074494813,0.7428743872096174,58,15,18,0.5879420074494813,-5.619866666666666
A_LONG,20,32,91,1.1748302915760127,1.882626373626373,171.31899999999996,202.40599999999995,1.5598837865282635,0.6302241687767013,0.7915568365645964,58,15,18,0.6302241687767013,-5.0432
A_LONG,20,35,91,1.0300456819583446,0.3522747252747253,32.057,214.31600000000006,1.2066608921051185,0.6884904535189512,0.8682120891122442,58,15,18,0.6884904535189512,-4.2485333333333335
A_LONG,20,40,91,0.991538877053262,-0.10138461538461545,-9.226000000000006,259.47299999999996,1.2177375161306392,0.7694375739326809,0.6298803299463496,58,15,18,0.6298803299463496,-5.419333333333334
A_LONG,20,50,91,1.106122621168948,1.2716043956043956,115.716,209.257,1.326276831500507,0.8554683299279492,0.7808983221909408,58,15,18,0.7808983221909408,-3.2081111111111107
A_LONG,20,60,91,1.1695287688268237,2.0313626373626374,184.854,192.91700000000003,1.4122533398257648,0.9134413280020335,0.7952329278564869,58,15,18,0.7952329278564869,-2.9982222222222226
A_LONG,20,75,91,1.150294092222134,1.8341428571428573,166.907,211.956,1.3787717932752177,0.9865185894866505,0.7205245145281114,58,15,18,0.7205245145281114,-4.092111111111111
A_LONG,22,6,91,0.589727565759179,-2.878516483516484,-261.94500000000005,295.127,0.7294964732696576,0.414920658242727,0.4297513189587814,58,15,18,0.414920658242727,-5.3094
A_LONG,22,8,91,0.6369437957619,-2.9026263736263735,-264.139,332.114,0.8808453432009002,0.312913577514662,0.45849684089279363,58,15,18,0.312913577514662,-8.278933333333333
A_LONG,22,10,91,0.6877702541425358,-2.7311868131868127,-248.53799999999995,366.40100000000007,0.85604215782711,0.39208808232820624,0.5732128035594302,58,15,18,0.39208808232820624,-7.324933333333335
A_LONG,22,12,91,0.7666792200692462,-2.1105274725274725,-192.058,335.11100000000005,0.9492647330460502,0.4678322452141197,0.6020182509589163,58,15,18,0.4678322452141197,-6.412266666666667
A_LONG,22,15,91,0.8841035202305648,-1.0888461538461536,-99.08499999999998,300.653,1.1280215814317924,0.44638600500384157,0.7431696088061152,58,15,18,0.44638600500384157,-7.493866666666667
A_LONG,22,18,91,0.9687907499491408,-0.3085054945054947,-28.074000000000016,284.326,1.2529942492532158,0.401222945549171,0.9026871601266484,58,15,18,0.401222945549171,-8.989399999999998
A_LONG,22,20,91,0.9802052436566875,-0.2054175824175825,-18.69300000000001,247.75099999999998,1.1991767707809504,0.445429274314591,0.9959009421796893,58,15,18,0.445429274314591,-8.325733333333332
A_LONG,22,22,91,1.0696665717150904,0.7229560439560443,65.78900000000003,210.31000000000003,1.3000465627386342,0.49528850679858266,1.1006875661912787,58,15,18,0.49528850679858266,-7.577199999999999
A_LONG,22,25,91,1.2077618148528977,2.1560219780219776,196.19799999999998,175.05100000000004,1.468991078579278,0.5605966411183246,1.2378386386957647,58,15,18,0.5605966411183246,-6.596733333333333
A_LONG,22,27,91,1.2089029617555274,2.20545054945055,200.69600000000003,194.812,1.4123405201316512,0.6018499604785207,1.3414015814571139,58,15,18,0.6018499604785207,-5.9773999999999985
A_LONG,22,30,91,1.044394572123898,0.5151868131868128,46.88199999999996,261.046,1.382270637100487,0.5316924600280257,0.724247664337008,58,15,18,0.5316924600280257,-7.062733333333332
A_LONG,22,32,91,1.0901536888156587,1.046208791208791,95.20499999999997,228.25299999999993,1.4302303327488377,0.5699294053160405,0.771709457133479,58,15,18,0.5699294053160405,-6.486066666666664
A_LONG,22,35,91,0.9571052720959579,-0.5412527472527475,-49.254000000000026,270.779,1.1107972211064994,0.6226212420597557,0.8464426671790315,58,15,18,0.6226212420597557,-5.691399999999999
A_LONG,22,40,91,0.921048685947949,-1.0184285714285715,-92.677,319.20200000000006,1.1214888399167044,0.6958239951198164,0.6104161610813273,58,15,18,0.6104161610813273,-5.886222222222223
A_LONG,22,50,91,1.0274864761255695,0.3545604395604394,32.264999999999986,252.27199999999993,1.2214493234093124,0.7736240225266442,0.7567674895757494,58,15,18,0.7567674895757494,-3.674999999999999
A_LONG,22,60,91,1.0863849725263022,1.1143186813186816,101.40300000000003,227.243,1.3006303400935668,0.8260506319041999,0.7706591362028516,58,15,18,0.7706591362028516,-3.465111111111111
A_LONG,22,75,91,1.0676819361050562,0.8898791208791217,80.97900000000007,239.943,1.2684334816499374,0.8921364506389768,0.6982593156396848,58,15,18,0.6982593156396848,-4.558999999999999
A_LONG,25,6,91,0.5668445553326596,-3.2127472527472536,-292.36000000000007,324.266,0.7059842682449191,0.4293674927778623,0.3786628733997155,58,15,18,0.3786628733997155,-6.066666666666666
A_LONG,25,8,91,0.6391816044901418,-2.9755384615384615,-270.774,372.943,0.9299550676704816,0.311106221464327,0.4040151251306035,58,15,18,0.311106221464327,-8.348933333333333
A_LONG,25,10,91,0.7578843838540603,-2.0640329670329662,-187.82699999999994,328.002,1.0574232685486293,0.38982342263050773,0.5050997562067764,58,15,18,0.38982342263050773,-7.394933333333333
A_LONG,25,12,91,0.8428361212644577,-1.3919780219780218,-126.66999999999999,298.96500000000003,1.1602003520992001,0.46513009516475057,0.5322627595575393,58,15,18,0.46513009516475057,-6.482266666666665
A_LONG,25,15,91,0.9710325927934742,-0.26762637362637337,-24.353999999999978,274.153,1.3806793995612252,0.4377197388247112,0.6570589947603337,58,15,18,0.4377197388247112,-7.761866666666668
A_LONG,25,18,91,1.0628494457696087,0.6152857142857144,55.991000000000014,251.496,1.5286586214437665,0.38934518063982354,0.7980933436832912,58,15,18,0.38934518063982354,-9.4474
A_LONG,25,20,91,1.0700081296061126,0.723934065934066,65.878,231.356,1.4420340439241799,0.4322428295642582,0.8805065010673394,58,15,18,0.4322428295642582,-8.783733333333334
A_LONG,25,22,91,1.155195774730209,1.6048351648351646,146.04,212.342,1.5411508270338754,0.48062603419746286,0.9731515621967786,58,15,18,0.48062603419746286,-8.035199999999998
A_LONG,25,25,91,1.3037560905627494,3.1410549450549445,285.83599999999996,187.0810000000001,1.7402176917829606,0.5440007928847215,1.0944110227052204,58,15,18,0.5440007928847215,-7.054733333333333
A_LONG,25,27,91,1.3092132887950212,3.253120879120879,296.034,177.891,1.6822729076221994,0.5840328530060672,1.185974189792354,58,15,18,0.5840328530060672,-6.4354000000000005
A_LONG,25,30,91,1.1353219205011416,1.577197802197802,143.52499999999998,278.808,1.6540287746062452,0.5160216396171453,0.6424493129283103,58,15,18,0.5160216396171453,-7.520733333333333
A_LONG,25,32,91,1.1861375291221448,2.1694615384615386,197.421,264.07099999999997,1.7151922153955506,0.5531316095430541,0.6845506515641089,58,15,18,0.5531316095430541,-6.944066666666667
A_LONG,25,35,91,1.0461940807137842,0.5898791208791209,53.679,242.50100000000003,1.333827171174289,0.6042704351519363,0.7508433050456272,58,15,18,0.6042704351519363,-6.149400000000001
A_LONG,25,40,91,0.993387299819692,-0.08652747252747302,-7.874000000000045,277.626,1.3206626631917981,0.6753156492528669,0.5409606360792492,58,15,18,0.5409606360792492,-7.826111111111113
A_LONG,25,50,91,1.0881536591981955,1.1534945054945054,104.96799999999999,239.42100000000005,1.405854313672461,0.7508226400847737,0.6706595411887383,58,15,18,0.6706595411887383,-5.614888888888889
A_LONG,25,60,91,1.1462167611878005,1.9132527472527472,174.106,243.86100000000005,1.4880648710446736,0.8017040554976383,0.6829705422314911,58,15,18,0.6829705422314911,-5.404999999999999
A_LONG,25,75,91,1.1243765503990737,1.6617472527472532,151.21900000000005,278.871,1.443104557997766,0.8658420960054228,0.6188086548488008,58,15,18,0.6188086548488008,-6.498888888888889
A_LONG,30,6,91,0.7723635536031673,-1.3848901098901099,-126.025,236.947,1.0311013339979846,0.5019582969951637,0.5233079113482946,58,15,18,0.5019582969951637,-4.187866666666667
A_LONG,30,8,91,0.8604195651755777,-0.956945054945055,-87.08200000000001,265.25,1.3529622124210274,0.3793367197991475,0.5534455588615121,58,15,18,0.3793367197991475,-7.086733333333334
A_LONG,30,10,91,1.00717415835135,0.0515604395604394,4.691999999999986,214.532,1.4849804702134102,0.47338121095346525,0.6928665297507638,58,15,18,0.47338121095346525,-6.012933333333333
A_LONG,30,12,91,0.9889640588583527,-0.0909560439560442,-8.277000000000022,221.48500000000004,1.2816651459051296,0.5650493373036726,0.7466267198063093,58,15,18,0.5650493373036726,-4.966266666666667
A_LONG,30,15,91,1.1296727582025623,1.1258131868131869,102.44900000000001,196.2929999999999,1.5250726092944806,0.5243715132237382,0.9147407231339859,58,15,18,0.5243715132237382,-6.399866666666668
A_LONG,30,18,91,1.2024289974063247,1.8911428571428575,172.09400000000002,202.03499999999994,1.6647378624795384,0.46784768411880917,1.026013365983627,58,15,18,0.46784768411880917,-8.224733333333335
A_LONG,30,20,91,1.1626627697890577,1.6452087912087916,149.71400000000003,187.81299999999996,1.5377199998392328,0.5192853507250877,0.9663938160850918,58,15,18,0.5192853507250877,-7.429733333333332
A_LONG,30,22,91,1.2564507629876303,2.5938021978021975,236.03599999999997,171.0260000000001,1.6462880867499707,0.5762269554940173,1.0664006242569928,58,15,18,0.5762269554940173,-6.549666666666664
A_LONG,30,25,91,1.3664943765531732,3.7728461538461526,343.3289999999999,156.48100000000008,1.7510286744836203,0.6532820897711293,1.1972955846386693,58,15,18,0.6532820897711293,-5.358733333333333
A_LONG,30,27,91,1.3752833979426435,3.930846153846154,357.707,150.501,1.6981771697487107,0.7017650560314708,1.2961345294767657,58,15,18,0.7017650560314708,-4.609399999999999
A_LONG,30,30,91,1.1784265972592243,2.1085494505494506,191.87800000000001,240.72200000000004,1.6641206804597044,0.6456770347975831,0.6526017445469606,58,15,18,0.6456770347975831,-5.500533333333333
A_LONG,30,32,91,1.2232996617968008,2.6388351648351653,240.13400000000004,225.49400000000003,1.7099074062512822,0.6917560261271746,0.6946617146789544,58,15,18,0.6917560261271746,-4.7852
A_LONG,30,35,91,1.0905982569994341,1.1650000000000003,106.01500000000001,203.92399999999992,1.351378856816774,0.7557727571383787,0.7608892294267258,58,15,18,0.7557727571383787,-3.7914000000000008
A_LONG,30,40,91,1.0369112550175537,0.4883736263736265,44.442000000000014,244.40299999999996,1.3382838409058135,0.8489184534980097,0.5412943033617562,58,15,18,0.5412943033617562,-7.958722222222223
A_LONG,30,50,91,1.138754824451028,1.8358681318681316,167.06399999999996,205.99400000000009,1.4224298214326365,0.9664993279252428,0.668739413461754,58,15,18,0.668739413461754,-5.7475000000000005
A_LONG,30,60,91,1.204507721198017,2.705846153846154,246.232,210.43399999999997,1.5036312997548773,1.0605039057635242,0.6808364846128969,58,15,18,0.6808364846128969,-5.537611111111112
A_LONG,30,75,91,1.230514699470027,3.0499450549450557,277.5450000000001,245.44399999999996,1.5355548641203296,1.1892072953392798,0.6177895468241187,58,15,18,0.6177895468241187,-6.631499999999999
A_LONG,35,6,91,0.9126005145538011,-0.47596703296703297,-43.313,200.874,1.458104550402578,0.4312600897777354,0.6053324015773298,58,15,18,0.4312600897777354,-5.5663333333333345
A_LONG,35,8,91,0.9969867117491965,-0.018901098901098968,-1.720000000000006,237.55799999999996,1.9122960135423508,0.3299308845858915,0.6370640492993945,58,15,18,0.3299308845858915,-8.796533333333334
A_LONG,35,10,91,1.2042456040595142,1.3026043956043958,118.537,220.97099999999998,2.228271684755446,0.4117267681307352,0.7974261748822246,58,15,18,0.4117267681307352,-7.722733333333334
A_LONG,35,12,91,1.1887372177984823,1.3783956043956047,125.43400000000003,222.00099999999998,1.837175967051603,0.491455791018551,0.863760873263064,58,15,18,0.491455791018551,-6.676066666666666
A_LONG,35,15,91,1.344374409520989,2.683736263736263,244.21999999999994,221.28900000000004,2.174698873751965,0.4561876888461687,1.0593945579428343,58,15,18,0.4561876888461687,-8.411000000000001
A_LONG,35,18,91,1.384811738095787,3.301659340659341,300.451,251.69900000000004,2.2450321069706733,0.4049574742941629,1.1962964918146253,58,15,18,0.4049574742941629,-10.625
A_LONG,35,20,91,1.3988637134030002,3.620560439560439,329.47099999999995,237.157,2.1991452606716644,0.44948065621756433,1.1332376874373367,58,15,18,0.44948065621756433,-9.830000000000002
A_LONG,35,22,91,1.5133301211587076,4.659593406593406,424.02299999999997,221.80000000000007,2.357767192096574,0.4987679119467737,1.2520343217358068,58,15,18,0.4987679119467737,-8.949933333333332
A_LONG,35,25,91,1.6454444986532863,5.975120879120879,543.736,202.2120000000001,2.489656292506649,0.5654649452280855,1.4049975903881413,58,15,18,0.5654649452280855,-7.7589999999999995
A_LONG,35,27,91,1.6593257521594236,6.222252747252748,566.225,188.34900000000016,2.4065843300546508,0.6074306110410023,1.5210688705844555,58,15,18,0.6074306110410023,-7.009666666666666
A_LONG,35,30,91,1.387888411743362,4.2760989010989015,389.125,245.8660000000002,2.2925623263137704,0.5592137317984861,0.7485496071087611,58,15,18,0.5592137317984861,-7.900800000000001
A_LONG,35,32,91,1.423184886581578,4.665208791208791,424.53399999999993,226.4990000000002,2.3154721812091017,0.5991222360664273,0.798931307853978,58,15,18,0.5991222360664273,-7.185466666666668
A_LONG,35,35,91,1.2434410693463356,2.971010989010989,270.36199999999997,215.36800000000005,1.747502082722312,0.6545664180908634,0.8174655630042279,58,15,18,0.6545664180908634,-6.191666666666668
A_LONG,35,40,91,1.1867822869172684,2.358483516483516,214.62199999999996,259.4650000000001,1.7482940524301707,0.7352388745281089,0.5867013122967061,58,15,18,0.5867013122967061,-7.369666666666666
A_LONG,35,50,91,1.2455714333385528,3.1538901098901095,287.00399999999996,222.04500000000007,1.731850610651419,0.8370743681773379,0.710708989170125,58,15,18,0.710708989170125,-5.158444444444443
A_LONG,35,60,91,1.3219182712012043,4.134417582417582,376.23199999999997,226.48500000000018,1.8416469450154604,0.9184906923548992,0.7224797796637628,58,15,18,0.7224797796637628,-4.948555555555554
A_LONG,35,75,91,1.3208341782755308,4.120494505494506,374.96500000000003,261.4950000000002,1.8217001502876196,1.0299592732412177,0.6611333358258247,58,15,18,0.6611333358258247,-6.042444444444445
A_LONG,40,6,91,0.9173953041878324,-0.4538901098901099,-41.304,251.84199999999998,1.809174226401683,0.37753130590339895,0.5282941370490456,58,15,18,0.37753130590339895,-6.959200000000001
A_LONG,40,8,91,0.9933579843494712,-0.042439560439560695,-3.862000000000023,279.671,2.372946927455675,0.29002723092719074,0.5669485003256066,58,15,18,0.29002723092719074,-10.602733333333333
A_LONG,40,10,91,1.1996954366254378,1.2969450549450547,118.02199999999999,263.08399999999995,2.737942414993957,0.361930270970046,0.7096610999585593,58,15,18,0.361930270970046,-9.528933333333331
A_LONG,40,12,91,1.1725954818977662,1.2973186813186812,118.05599999999998,264.11400000000003,2.0739991897627643,0.432016427838043,0.7712491554806035,58,15,18,0.432016427838043,-8.482266666666666
A_LONG,40,15,91,1.3190490718998404,2.574087912087912,234.242,269.01200000000017,2.448351624680934,0.3998277321083171,0.9459298093088294,58,15,18,0.3998277321083171,-10.591199999999999
A_LONG,40,18,91,1.3485441800324358,3.12212087912088,284.11300000000006,303.7650000000001,2.4641003880108103,0.35575169572689946,1.0681690819484961,58,15,18,0.35575169572689946,-13.094733333333332
A_LONG,40,20,91,1.3586661304005123,3.410252747252748,310.3330000000001,289.22300000000007,2.366866918395797,0.3948649322365228,1.0179274245311654,58,15,18,0.3948649322365228,-12.299733333333334
A_LONG,40,22,91,1.4701748181433638,4.4704945054945044,406.81499999999994,273.8659999999999,2.538926654441943,0.4381633670510752,1.1246361523955477,58,15,18,0.4381633670510752,-11.419666666666666
A_LONG,40,25,91,1.587415030414943,5.691076923076922,517.8879999999999,254.27800000000002,2.646333739601573,0.49675614332008244,1.2620349592241895,58,15,18,0.49675614332008244,-10.228733333333333
A_LONG,40,27,91,1.6017480835445406,5.938208791208792,540.3770000000001,240.41499999999996,2.552848265081563,0.5336226236863857,1.3662956457704114,58,15,18,0.5336226236863857,-9.4794
A_LONG,40,30,91,1.322184410131383,3.7640769230769227,342.53099999999995,312.81200000000007,2.3885019979172117,0.4914926236715907,0.6662361066585326,58,15,18,0.4914926236715907,-10.370533333333332
A_LONG,40,32,91,1.3554900898460427,4.153186813186813,377.93999999999994,293.445,2.412064116856366,0.5265681848642252,0.7110776346381894,58,15,18,0.5265681848642252,-9.6552
A_LONG,40,35,91,1.173819670226612,2.268912087912088,206.471,282.2580000000001,1.7561232716428135,0.5752980442023987,0.7275737891666951,58,15,18,0.5752980442023987,-8.661400000000002
A_LONG,40,40,91,1.1183335458401584,1.6011868131868132,145.708,326.24799999999993,1.7568555499419434,0.6462010192506972,0.5211766952565198,58,15,18,0.5211766952565198,-9.6115
A_LONG,40,50,91,1.1743321159101936,2.3965934065934067,218.09,288.40400000000017,1.7402612307824077,0.7357041753974194,0.6313348112599185,58,15,18,0.6313348112599185,-7.400277777777778
A_LONG,40,60,91,1.2456572845948413,3.377120879120879,307.318,292.8440000000001,1.8491387949124236,0.8072609353700912,0.6417910034678688,58,15,18,0.6417910034678688,-7.19038888888889
A_LONG,40,75,91,1.2446444972554025,3.3631978021978037,306.05100000000016,327.8540000000001,1.8293589139651407,0.9052306062874497,0.587295920203035,58,15,18,0.587295920203035,-8.28427777777778
FLIP_SHORT,5,6,40,0.8868661707500172,-0.33154999999999996,-13.261999999999999,35.275,0.9036195976766318,0.9980240355025752,0.7116149092769708,21,11,8,0.7116149092769708,-0.9158750000000002
FLIP_SHORT,5,8,40,0.7765198308311654,-0.76885,-30.754,50.122,0.8100805659265081,0.9094454193476503,0.5414054550825482,21,11,8,0.5414054550825482,-1.7465000000000002
FLIP_SHORT,5,10,40,0.7789994651356456,-0.8160499999999999,-32.641999999999996,48.662000000000006,0.8305560290010883,0.7448548619418471,0.695834837693242,21,11,8,0.695834837693242,-1.158375
FLIP_SHORT,5,12,40,0.7983790254528327,-0.7705499999999998,-30.821999999999992,50.552,0.7500828800510788,0.8996362393496251,0.7913480158860406,21,11,8,0.7500828800510788,-0.9692380952380949
FLIP_SHORT,5,15,40,0.6282365394450458,-1.562875,-62.515,87.335,0.4957787958115184,0.6561474430027601,0.984671940131946,21,11,8,0.4957787958115184,-2.201285714285714
FLIP_SHORT,5,18,40,0.7556762092793682,-1.0271250000000003,-41.08500000000001,71.925,0.599727312390925,0.7839429701593097,1.1822627761184232,21,11,8,0.599727312390925,-1.7474761904761902
FLIP_SHORT,5,20,40,0.8388896157185505,-0.6773,-27.092000000000002,62.572,0.655824607329843,0.8754428288887439,1.3345587028588308,21,11,8,0.655824607329843,-1.5025714285714287
FLIP_SHORT,5,22,40,0.7767931880502236,-0.9666250000000002,-38.665000000000006,77.675,0.47836108613186973,0.9582491143422225,1.4504217678143565,21,11,8,0.47836108613186973,-2.4031904761904763
FLIP_SHORT,5,25,40,0.7606292394284889,-1.0366249999999997,-41.46499999999999,86.815,0.3204233723009499,1.0916954641281433,1.6585157711622411,21,11,8,0.3204233723009499,-3.130809523809524
FLIP_SHORT,5,27,40,0.8183749458796362,-0.7865499999999999,-31.461999999999993,80.60199999999999,0.3423361964712084,1.1806524526743605,1.7829126595989104,21,11,8,0.3423361964712084,-3.029857142857143
FLIP_SHORT,5,30,40,0.9067975176793187,-0.4036249999999999,-16.144999999999996,71.765,0.37241464851623307,1.3094694746908346,1.9956017986674106,21,11,8,0.37241464851623307,-2.891285714285714
FLIP_SHORT,5,32,40,0.7524375811805455,-1.0721,-42.884,98.65100000000001,0.08765129668103404,1.4003173154245725,1.885023139790593,21,11,8,0.08765129668103404,-4.203190476190477
FLIP_SHORT,5,35,40,0.7999076345793042,-0.866525,-34.661,98.65100000000001,0.08765129668103404,1.5229836343483079,1.9696721042439362,21,11,8,0.08765129668103404,-4.203190476190477
FLIP_SHORT,5,40,40,0.8875162361091065,-0.48712500000000025,-19.48500000000001,98.65100000000001,0.08765129668103404,1.742192084501532,2.136738110086323,21,11,8,0.08765129668103404,-4.203190476190477
FLIP_SHORT,5,50,40,0.35975227130112125,-2.933375,-117.335,132.125,0.08765129668103404,0.6360839489721933,0.704201538591597,21,11,8,0.08765129668103404,-4.203190476190477
FLIP_SHORT,5,60,40,0.35975227130112125,-2.933375,-117.335,132.125,0.08765129668103404,0.6360839489721933,0.704201538591597,21,11,8,0.08765129668103404,-4.203190476190477
FLIP_SHORT,5,75,40,0.35975227130112125,-2.933375,-117.335,132.125,0.08765129668103404,0.6360839489721933,0.704201538591597,21,11,8,0.08765129668103404,-4.203190476190477
FLIP_SHORT,6,6,40,0.8183427156380836,-0.6106999999999999,-24.427999999999997,42.837999999999994,0.7506474388681406,1.1994993009721364,0.5957166392092258,21,11,8,0.5957166392092258,-1.53375
FLIP_SHORT,6,8,40,0.723784747374853,-1.09625,-43.85,62.38799999999999,0.6748240301194959,1.105577743364034,0.4529104887424492,21,11,8,0.4529104887424492,-2.4906249999999996
FLIP_SHORT,6,10,40,0.7321326238231683,-1.1452,-45.808,60.99799999999998,0.6911076443057723,0.9470263470543014,0.5820977484898409,21,11,8,0.5820977484898409,-1.9024999999999996
FLIP_SHORT,6,12,40,0.8559265540026901,-0.6159499999999999,-24.637999999999995,48.974999999999994,0.7974755353850518,1.1452698767675356,0.6619989017023614,21,11,8,0.6619989017023614,-1.5387499999999996
FLIP_SHORT,6,15,40,0.7171224249961795,-1.3419500000000002,-53.678000000000004,77.668,0.5807987711213518,0.9269170547207027,0.8237232289950578,21,11,8,0.5807987711213518,-2.0792380952380958
FLIP_SHORT,6,18,40,0.8621500129112498,-0.6539499999999998,-26.157999999999994,56.167999999999985,0.7036866359447006,1.1038290257640768,0.9890170236133993,21,11,8,0.7036866359447006,-1.4697142857142858
FLIP_SHORT,6,20,40,0.9546894185721742,-0.21494999999999997,-8.597999999999999,55.08,0.769546850998464,1.2270573642149787,1.1164195496979683,21,11,8,0.769546850998464,-1.1430476190476189
FLIP_SHORT,6,22,40,0.9147529930944306,-0.41724999999999984,-16.689999999999994,55.08,0.6199551671249784,1.3541492974357932,1.21334431630972,21,11,8,0.6199551671249784,-1.994095238095238
FLIP_SHORT,6,25,40,0.9315521186613819,-0.3350249999999998,-13.400999999999993,57.920999999999985,0.5091344713986223,1.540415234764219,1.3874244920373424,21,11,8,0.5091344713986223,-2.575571428571428
FLIP_SHORT,6,27,40,1.0012360560617826,0.006050000000000333,0.24200000000001332,55.08,0.5468884714167733,1.6561807348963946,1.4914881933003847,21,11,8,0.5468884714167733,-2.3774761904761905
FLIP_SHORT,6,30,40,1.1152034895599232,0.563875,22.555,55.08,0.6006153175964496,1.8577587083392644,1.669412410763317,21,11,8,0.6006153175964496,-2.0955714285714286
FLIP_SHORT,6,32,40,0.9986771135537125,-0.006474999999999831,-0.25899999999999324,69.44599999999998,0.36974416219699247,1.9796449559753546,1.576908292147172,21,11,8,0.36974416219699247,-3.3069523809523815
FLIP_SHORT,6,35,40,1.0718342663343277,0.35160000000000036,14.064000000000014,66.68699999999998,0.39478341365133823,2.1623523191735976,1.6477210323997806,21,11,8,0.39478341365133823,-3.175571428571429
FLIP_SHORT,6,40,40,1.1959761778286275,0.9592250000000002,38.36900000000001,61.637,0.4406145915579878,2.4503934766252513,1.7874794069192752,21,11,8,0.4406145915579878,-2.9350952380952386
FLIP_SHORT,6,50,40,0.7989693697855021,-1.0445249999999997,-41.780999999999985,55.82599999999999,0.5314601541016636,1.4949716418721801,0.5885539331135187,21,11,8,0.5314601541016636,-2.4584285714285716
FLIP_SHORT,6,60,40,0.8952000153969035,-0.5445249999999999,-21.781,55.08,0.6215796781834517,1.6774421512312685,0.5885539331135187,21,11,8,0.5885539331135187,-2.1837500000000003
FLIP_SHORT,6,75,40,1.0438907974633602,0.2280499999999998,9.121999999999993,55.08,0.7596177407498161,1.9618025984380378,0.5885539331135187,21,11,8,0.5885539331135187,-2.1837500000000003
FLIP_SHORT,8,6,40,0.8310460012688221,-0.652475,-26.099,56.58200000000001,0.567617987487503,1.9780983764668059,0.7393987779040132,21,11,8,0.567617987487503,-1.9976666666666663
FLIP_SHORT,8,8,40,0.7468517903265566,-1.181025,-47.241,71.71900000000001,0.6274806544644642,1.191072387367599,0.6073637775094266,21,11,8,0.6073637775094266,-1.9914999999999998
FLIP_SHORT,8,10,40,0.6910960236465169,-1.6276999999999997,-65.10799999999999,88.35800000000003,0.5229835713696029,1.0362791456057396,0.7755625107819701,21,11,8,0.5229835713696029,-2.7514761904761906
FLIP_SHORT,8,12,40,0.8125026687732184,-0.9879749999999999,-39.519,68.26900000000002,0.6034756047221993,1.2470039132561552,0.9111072775217488,21,11,8,0.6034756047221993,-2.2871904761904767
FLIP_SHORT,8,15,40,0.7056962964533297,-1.735325,-69.413,106.32300000000004,0.4377930874775662,1.0651907380810595,1.1122064223574932,21,11,8,0.4377930874775662,-3.699428571428572
FLIP_SHORT,8,18,40,0.8496703483072229,-0.8864000000000001,-35.456,81.346,0.5304232038441499,1.2784705923564648,1.3335140596889865,21,11,8,0.5304232038441499,-3.089904761904762
FLIP_SHORT,8,20,40,0.9377753280617331,-0.3668999999999998,-14.675999999999991,73.70400000000002,0.5800671568343658,1.4073808105930574,1.4951819996549771,21,11,8,0.5800671568343658,-2.7632380952380955
FLIP_SHORT,8,22,40,0.9117387683112048,-0.5404500000000001,-21.618000000000002,79.718,0.46387706181541616,1.553280554874418,1.634423441851295,21,11,8,0.46387706181541616,-3.7595238095238104
FLIP_SHORT,8,25,40,0.8199350048627749,-1.1386499999999997,-45.54599999999999,91.161,0.3809562613319209,1.764914001471258,1.0399901208142097,21,11,8,0.3809562613319209,-4.340999999999999
FLIP_SHORT,8,27,40,0.8826766610527315,-0.7418999999999998,-29.67599999999999,87.001,0.40920542438255886,1.9036326058780257,1.1179945252845411,21,11,8,0.40920542438255886,-4.142904761904762
FLIP_SHORT,8,30,40,0.9842928418372594,-0.0993249999999998,-3.972999999999992,81.08100000000002,0.44940615641615905,2.1366343223456057,1.2513635334554511,21,11,8,0.44940615641615905,-3.8610000000000007
FLIP_SHORT,8,32,40,0.9010168338986806,-0.6259249999999994,-25.036999999999978,106.52000000000002,0.27665844996299094,2.2722702910988897,1.1820239981888159,21,11,8,0.27665844996299094,-5.072380952380953
FLIP_SHORT,8,35,40,0.9686331253805223,-0.19834999999999958,-7.933999999999983,103.76100000000002,0.2953938924766232,2.4783339755490945,1.2351040401753557,21,11,8,0.2953938924766232,-4.941000000000001
FLIP_SHORT,8,40,40,1.0844501901621717,0.5340249999999997,21.36099999999999,98.71100000000003,0.3296867466606909,2.8138333274950083,1.3398645728281227,21,11,8,0.3296867466606909,-4.70052380952381
FLIP_SHORT,8,50,40,0.7473353557680185,-1.7032249999999998,-68.12899999999999,88.70100000000001,0.39766129525128857,1.8116380501888993,0.4363769710304364,21,11,8,0.39766129525128857,-4.223857142857144
FLIP_SHORT,8,60,40,0.8215077769783641,-1.203225,-48.129,78.77100000000002,0.46509259070629694,1.9662898915747766,0.4363769710304364,21,11,8,0.4363769710304364,-4.034625
FLIP_SHORT,8,75,40,0.9361152936115293,-0.4306500000000003,-17.226000000000013,74.16199999999999,0.568378593110192,2.207297969714654,0.4363769710304364,21,11,8,0.4363769710304364,-4.034625
FLIP_SHORT,10,6,40,0.9075576298601077,-0.3743499999999999,-14.973999999999997,71.18499999999999,0.5519491022806923,2.7507968127490043,0.9911822338340952,21,11,8,0.5519491022806923,-2.3742857142857137
FLIP_SHORT,10,8,40,0.8936877249183532,-0.5110750000000002,-20.443000000000005,73.26199999999999,0.6106730753403236,1.4176250933532486,1.3293598954931416,21,11,8,0.6106730753403236,-2.2525714285714287
FLIP_SHORT,10,10,40,1.0211052842293604,0.10675000000000026,4.27000000000001,81.35199999999999,0.6368329417847015,1.7666666666666668,1.6936642717178314,21,11,8,0.6368329417847015,-2.2746190476190473
FLIP_SHORT,10,12,40,1.20966394653987,1.0604750000000003,42.41900000000001,81.21199999999999,0.7432733465623551,2.1313417973612148,2.0039190071848463,21,11,8,0.7432733465623551,-1.6079523809523808
FLIP_SHORT,10,15,40,1.0013975577780891,0.00847500000000001,0.3390000000000004,86.44299999999998,0.5971804610434139,1.8326160589758917,1.4823182711198428,21,11,8,0.5971804610434139,-2.9090476190476187
FLIP_SHORT,10,18,40,1.1992035157441687,1.2079999999999997,48.31999999999999,81.21199999999999,0.7214353536952048,2.176847977684798,1.7735756385068762,21,11,8,0.7214353536952048,-2.0117142857142856
FLIP_SHORT,10,20,40,1.3262163699776557,1.9782250000000001,79.129,81.21199999999999,0.7931700691037611,2.399800757122933,1.9882121807465618,21,11,8,0.7931700691037611,-1.4936666666666665
FLIP_SHORT,10,22,40,1.3223019475765119,2.0359249999999998,81.437,81.21199999999999,0.6961047952869323,2.651046025104603,2.1721512770137523,21,11,8,0.6961047952869323,-2.3409047619047616
FLIP_SHORT,10,25,40,1.274318362623852,1.8016750000000001,72.06700000000001,81.21199999999999,0.6669077601181977,3.011336919705121,1.492513790386131,21,11,8,0.6669077601181977,-2.5658095238095235
FLIP_SHORT,10,27,40,1.367294347824432,2.412325,96.493,81.21199999999999,0.7093463894710162,3.250448296473401,1.6020488573680065,21,11,8,0.7093463894710162,-2.2389047619047617
FLIP_SHORT,10,30,40,1.525524050960554,3.45155,138.062,81.21199999999999,0.7891977769947394,3.630245068738793,1.7909771473601264,21,11,8,0.7891977769947394,-1.6238095238095243
FLIP_SHORT,10,32,40,1.4863482203012417,3.1942500000000003,127.77000000000001,81.21199999999999,0.6597676848228582,3.867224546722455,1.7663711583924353,21,11,8,0.6597676848228582,-2.620809523809524
FLIP_SHORT,10,35,40,1.4189007379492125,2.856725,114.26899999999999,81.21199999999999,0.7074547331590043,2.941121805509459,1.8790386130811665,21,11,8,0.7074547331590043,-2.25347619047619
FLIP_SHORT,10,40,40,1.3951982124990723,2.7945749999999996,111.78299999999999,99.136,0.5160242793875449,3.3331563226020577,2.070724980299449,21,11,8,0.5160242793875449,-3.960142857142857
FLIP_SHORT,10,50,40,1.1610330358881924,1.2194749999999996,48.77899999999999,89.126,0.6319100522018471,2.3928124110446913,1.2329825715225256,21,11,8,0.6319100522018471,-3.011904761904762
FLIP_SHORT,10,60,40,1.091860799539833,0.71865,28.746000000000002,81.21199999999999,0.748476718674527,1.5948901927077497,1.3980598487339693,21,11,8,0.748476718674527,-2.058095238095238
FLIP_SHORT,10,75,40,1.0707378646981751,0.5533999999999996,22.13599999999998,81.21199999999999,0.9307874506061118,1.7903758237104026,0.5162775402828017,21,11,8,0.5162775402828017,-3.6774999999999998
FLIP_SHORT,12,6,40,0.9288246459337132,-0.30467499999999986,-12.186999999999994,74.628,0.5475009135571887,2.3005414410662226,1.511425010386373,21,11,8,0.5475009135571887,-2.6534761904761903
FLIP_SHORT,12,8,40,0.7892641958874839,-1.2031749999999997,-48.12699999999999,105.725,0.4750435361606228,1.1835640354158874,2.040091400083091,21,11,8,0.4750435361606228,-3.9044761904761898
FLIP_SHORT,12,10,40,0.900300420089503,-0.5998499999999996,-23.993999999999982,109.88199999999999,0.49716581888543976,1.474976098432889,2.573327793934358,21,11,8,0.49716581888543976,-4.034142857142856
FLIP_SHORT,12,12,40,1.0679165472050127,0.4086250000000004,16.345000000000017,107.95199999999998,0.5802622285269975,1.7794404954898784,3.058994599085999,21,11,8,0.5802622285269975,-3.36747619047619
FLIP_SHORT,12,15,40,0.8912151819127359,-0.7870499999999996,-31.48199999999998,123.39999999999999,0.4698795805813959,1.5204648394882136,2.0843473451327434,21,11,8,0.4698795805813959,-4.865571428571429
FLIP_SHORT,12,18,40,1.0675508039129642,0.48872500000000024,19.54900000000001,113.61999999999999,0.5676470740831054,1.8060634112473966,2.4966814159292032,21,11,8,0.5676470740831054,-3.968238095238095
FLIP_SHORT,12,20,40,1.180713690881385,1.3074500000000004,52.298000000000016,108.42999999999998,0.6240901096278464,1.9910404337620262,2.792035398230088,21,11,8,0.6240901096278464,-3.450190476190476
FLIP_SHORT,12,22,40,1.1799181467795128,1.3584000000000005,54.33600000000002,107.84499999999998,0.5483515948380813,2.1994908585975472,3.060840707964602,21,11,8,0.5483515948380813,-4.416476190476191
FLIP_SHORT,12,25,40,1.1458764494991625,1.1454000000000004,45.81600000000002,107.84499999999998,0.5253518383248112,2.4984130657585877,2.0914368650217705,21,11,8,0.5253518383248112,-4.641380952380952
FLIP_SHORT,12,27,40,1.2296656202041556,1.8033000000000001,72.132,107.84499999999998,0.5587825663501338,2.6967963765001484,2.245905038357868,21,11,8,0.5587825663501338,-4.314476190476191
FLIP_SHORT,12,30,40,1.3715716678235064,2.9175250000000004,116.70100000000002,107.84499999999998,0.6216849281714145,3.0119020068105926,2.5069458843043746,21,11,8,0.6216849281714145,-3.699380952380953
FLIP_SHORT,12,32,40,1.3452020861325675,2.7104750000000006,108.41900000000003,107.84499999999998,0.51972729486243,3.20851654709558,2.5227244453659545,21,11,8,0.51972729486243,-4.696380952380952
FLIP_SHORT,12,35,40,1.1445689073940455,1.2222000000000004,48.88800000000002,107.84499999999998,0.5572924275626978,2.4441073447885926,1.5817578772802652,21,11,8,0.5572924275626978,-4.3290476190476195
FLIP_SHORT,12,40,40,1.1269389806501726,1.1113000000000004,44.45200000000001,138.04299999999998,0.40792197635368266,2.769892710373169,1.7431177446102817,21,11,8,0.40792197635368266,-6.128571428571428
FLIP_SHORT,12,50,40,1.1094109786468025,0.9907000000000007,39.62800000000003,128.033,0.49953075401389335,3.0097498414099353,1.0370626469367998,21,11,8,0.49953075401389335,-5.1803333333333335
FLIP_SHORT,12,60,40,1.0741180148620812,0.6934500000000001,27.738000000000007,118.10299999999998,0.5916777844228734,2.2272205863223,1.1759092794910802,21,11,8,0.5916777844228734,-4.22652380952381
FLIP_SHORT,12,75,40,0.9829388014675039,-0.15962499999999977,-6.384999999999991,107.84499999999998,0.7357961080185857,2.0874398363311695,0.434241460378924,21,11,8,0.434241460378924,-5.11375
FLIP_SHORT,13,6,40,1.0790612694912585,0.31372500000000014,12.549000000000007,41.337999999999994,0.7496659075081407,2.0940971300754443,1.3944039862016095,21,11,8,0.7496659075081407,-1.2666666666666664
FLIP_SHORT,13,8,40,0.735314034887326,-1.622075,-64.883,120.461,0.44583445996695203,1.0822737898397856,1.882138750479111,21,11,8,0.44583445996695203,-4.391761904761905
FLIP_SHORT,13,10,40,0.8392200759937875,-1.03775,-41.51,116.70799999999998,0.46671347062494434,1.3487466028089785,2.3740896895362207,21,11,8,0.46671347062494434,-4.557619047619048
FLIP_SHORT,13,12,40,0.9954643871112678,-0.029274999999999895,-1.1709999999999958,114.77799999999998,0.5447200677543016,1.6271547218579547,2.8221540820237636,21,11,8,0.5447200677543016,-3.890952380952381
FLIP_SHORT,13,15,40,0.9186134923091416,-0.6047749999999998,-24.190999999999995,133.696,0.4407126068739994,1.4011150547625941,3.4687619777692604,21,11,8,0.4407126068739994,-5.473
FLIP_SHORT,13,18,40,1.0999542451116286,0.7427500000000001,29.710000000000004,123.916,0.5324113499335764,1.6642953981141562,4.150249137600613,21,11,8,0.5324113499335764,-4.575666666666667
FLIP_SHORT,13,20,40,1.2177024317377443,1.6177250000000005,64.70900000000002,118.726,0.5853507802957679,1.8347525401008429,4.64584131851284,21,11,8,0.5853507802957679,-4.057619047619046
FLIP_SHORT,13,22,40,1.2192717678780245,1.7016749999999994,68.06699999999998,113.76799999999999,0.5149117913355222,2.0268405258427658,5.091222690686087,21,11,8,0.5149117913355222,-5.051523809523809
FLIP_SHORT,13,25,40,1.1917828973202276,1.550675,62.027,113.76799999999999,0.49331461547607075,2.3022986579737084,3.234331030954208,21,11,8,0.49331461547607075,-5.27642857142857
FLIP_SHORT,13,27,40,1.2776333161216116,2.244825,89.793,113.76799999999999,0.524706657033372,2.485109753682575,3.462010744435917,21,11,8,0.524706657033372,-4.949523809523809
FLIP_SHORT,13,30,40,1.398060743979247,3.2185499999999996,128.742,113.76799999999999,0.5837730810385667,2.775480981613783,3.6403172166794575,21,11,8,0.5837730810385667,-4.334428571428571
FLIP_SHORT,13,32,40,1.372453412404189,3.0115000000000003,120.46000000000001,113.76799999999999,0.48803307024683795,2.956662147546728,3.659785111281657,21,11,8,0.48803307024683795,-5.33142857142857
FLIP_SHORT,13,35,40,1.1687703705399428,1.474475,58.979,113.76799999999999,0.5233073905051078,2.2526532531743713,2.2412667946257203,21,11,8,0.5233073905051078,-4.964095238095238
FLIP_SHORT,13,40,40,1.1475534640984406,1.3373249999999999,53.492999999999995,149.38899999999995,0.38260066621791883,2.5529188962466796,2.4280230326295587,21,11,8,0.38260066621791883,-6.813619047619048
FLIP_SHORT,13,50,40,1.1252555815827046,1.1777250000000001,47.10900000000001,139.379,0.46852292928769906,2.773987315225543,1.4676412364854579,21,11,8,0.46852292928769906,-5.865380952380951
FLIP_SHORT,13,60,40,1.0869271648994892,0.8464750000000001,33.859,129.449,0.5549500336560865,2.045263020720212,1.6205268768082841,21,11,8,0.5549500336560865,-4.91157142857143
FLIP_SHORT,13,75,40,0.9993222253600679,-0.006600000000000073,-0.2640000000000029,114.23899999999999,0.690122370078876,1.9169019590808394,0.8038678239683266,21,11,8,0.690122370078876,-3.419809523809524
FLIP_SHORT,14,6,40,1.2959092835947439,1.0470750000000002,41.88300000000001,28.46,1.0845481393975192,1.9408292340126494,1.2796341892367216,21,11,8,1.0845481393975192,0.340809523809524
FLIP_SHORT,14,8,40,0.82775912679668,-1.020975,-40.839,94.07699999999998,0.6101146999945896,0.9364578194375924,1.7272247625747452,21,11,8,0.6101146999945896,-2.745238095238095
FLIP_SHORT,14,10,40,0.8550022999947212,-0.9613999999999999,-38.455999999999996,123.74799999999998,0.5333337121685664,1.1670284492682126,2.1786844882166725,21,11,8,0.5333337121685664,-3.910619047619047
FLIP_SHORT,14,12,40,1.0143768522498473,0.09532500000000024,3.8130000000000095,121.81799999999997,0.6238563911398014,1.4079263279065943,2.5898698557861413,21,11,8,0.6238563911398014,-3.152047619047618
FLIP_SHORT,14,15,40,0.9386043939960648,-0.47192499999999943,-18.876999999999978,130.902,0.5197472508633145,1.22835202991453,3.1832571227576505,21,11,8,0.5197472508633145,-4.668857142857143
FLIP_SHORT,14,18,40,1.122888784089246,0.9446000000000003,37.78400000000001,121.12199999999999,0.6255688080135191,1.4590811965811967,3.8086528315160044,21,11,8,0.6255688080135191,-3.640095238095237
FLIP_SHORT,14,20,40,1.2422812352625505,1.8623250000000007,74.49300000000002,119.70099999999998,0.687232739830031,1.6085202991452994,4.263454097784031,21,11,8,0.687232739830031,-3.0406190476190473
FLIP_SHORT,14,22,40,1.245790942088713,1.9756,79.024,119.70099999999998,0.6170834880086525,1.7769230769230773,4.672177277523743,21,11,8,0.6170834880086525,-3.9786666666666664
FLIP_SHORT,14,25,40,1.223337575517333,1.8733499999999998,74.934,119.70099999999998,0.609003707624691,2.0184161324786327,2.979029217719133,21,11,8,0.609003707624691,-4.062619047619047
FLIP_SHORT,14,27,40,1.3122028856786054,2.6187499999999995,104.74999999999999,119.70099999999998,0.6498609067869237,2.1786858974358974,3.1887370405278044,21,11,8,0.6498609067869237,-3.6380952380952376
FLIP_SHORT,14,30,40,1.4371108640643302,3.6664749999999997,146.659,119.70099999999998,0.7226247599668191,2.433253205128205,3.35296889726673,21,11,8,0.7226247599668191,-2.882047619047618
FLIP_SHORT,14,32,40,1.4189241145806946,3.5139250000000004,140.55700000000002,119.70099999999998,0.6366619462050694,2.592094017094017,3.3709000942507066,21,11,8,0.6366619462050694,-3.7752380952380955
FLIP_SHORT,14,35,40,1.1962491646016629,1.7838999999999998,71.356,119.70099999999998,0.6459837121160041,1.9927141893411289,2.0681898689337586,21,11,8,0.6459837121160041,-3.678380952380952
FLIP_SHORT,14,40,40,1.207674401469276,1.9024999999999999,76.1,136.36499999999998,0.5210980867629694,2.258331459410839,2.2405242649663477,21,11,8,0.5210980867629694,-5.040761904761905
FLIP_SHORT,14,50,40,1.1815931835558275,1.7278999999999995,69.11599999999999,126.35499999999999,0.6111862612480151,2.4538902630987187,1.3645759592241258,21,11,8,0.6111862612480151,-4.09252380952381
FLIP_SHORT,14,60,40,1.1394437043153187,1.3764000000000005,55.05600000000002,119.70099999999998,0.701803754088645,1.825721957792491,1.5067251875973384,21,11,8,0.701803754088645,-3.1387142857142862
FLIP_SHORT,14,75,40,1.0530182916018702,0.5233249999999993,20.93299999999997,119.70099999999998,0.8435298748184709,1.7111393313105268,0.7474161121336543,21,11,8,0.7474161121336543,-2.2299999999999995
FLIP_SHORT,15,6,40,1.6168392690365399,1.8658000000000001,74.632,30.627,1.010745230152701,4.064058355437666,2.820291777188329,21,11,8,1.010745230152701,0.0464761904761906
FLIP_SHORT,15,8,40,1.0729585528045253,0.374675,14.987,95.11500000000001,0.574838471243421,2.187305389221557,3.7887931034482762,21,11,8,0.574838471243421,-3.177333333333333
FLIP_SHORT,15,10,40,1.1526499580865972,0.8513250000000001,34.053000000000004,118.852,0.5375460340551779,2.7307485029940124,4.779177718832892,21,11,8,0.5375460340551779,-3.8449523809523805
FLIP_SHORT,15,12,40,1.3687124292291073,2.0563000000000002,82.25200000000001,116.922,0.6287836700095648,3.286706586826347,5.687665782493369,21,11,8,0.6287836700095648,-3.0863809523809516
FLIP_SHORT,15,15,40,1.245662651499914,1.6489,65.956,129.032,0.5180041202487771,2.516659802306425,7.037135278514589,21,11,8,0.5180041202487771,-4.7015714285714285
FLIP_SHORT,15,18,40,1.490747983105012,3.293925,131.757,119.25199999999998,0.6234707725954639,3.0009472817133442,8.408488063660478,21,11,8,0.6234707725954639,-3.672809523809523
FLIP_SHORT,15,20,40,1.646512615370863,4.339425,173.57700000000003,114.06199999999998,0.6849278956464007,3.3059308072487643,9.364787798408488,21,11,8,0.6849278956464007,-3.0733333333333315
FLIP_SHORT,15,22,40,1.6469175170817916,4.58485,183.394,113.782,0.6124521830893022,3.6500411861614497,10.27785145888594,21,11,8,0.6124521830893022,-4.0572380952380955
FLIP_SHORT,15,25,40,1.6264936735575812,4.67535,187.014,113.782,0.6044330426792934,4.14248352553542,5.032558139534884,21,11,8,0.6044330426792934,-4.141190476190475
FLIP_SHORT,15,27,40,1.747883648399211,5.58125,223.25,113.782,0.6449836023816345,4.474464579901153,5.404651162790698,21,11,8,0.6449836023816345,-3.716666666666666
FLIP_SHORT,15,30,40,1.917489924926887,6.846974999999999,273.87899999999996,113.782,0.7172013518369426,4.99159802306425,5.7249169435215945,21,11,8,0.7172013518369426,-2.9606190476190464
FLIP_SHORT,15,32,40,1.91912471650771,6.859174999999999,274.36699999999996,113.782,0.6318837019954605,5.33002471169687,5.818305647840531,21,11,8,0.6318837019954605,-3.8538095238095234
FLIP_SHORT,15,35,40,1.644806682098437,5.29965,211.986,113.782,0.6411355066431961,3.8873862566677126,3.3652866947088773,21,11,8,0.6411355066431961,-3.7569523809523804
FLIP_SHORT,15,40,40,1.6970256243233548,5.778325000000001,231.133,134.495,0.5172370435899393,4.408315029808597,3.6874695594421074,21,11,8,0.5172370435899393,-5.119333333333333
FLIP_SHORT,15,50,40,1.7345712315606343,6.365225,254.60899999999998,124.48500000000001,0.6066577154686581,4.9937088170693436,2.456347623795281,21,11,8,0.6066577154686581,-4.171095238095237
FLIP_SHORT,15,60,40,1.7467443814324721,6.754975,270.199,114.555,0.6966037837522285,3.9050362809781305,2.800598205383849,21,11,8,0.6966037837522285,-3.2172857142857136
FLIP_SHORT,15,75,40,1.6481195900905383,5.862825000000001,234.51300000000003,113.782,0.8372797937931374,3.572454316359999,2.123462944499834,21,11,8,0.8372797937931374,-1.725523809523809
FLIP_SHORT,16,6,40,1.7847944526993562,2.2183,88.732,32.019999999999996,1.2146682534959832,3.830375,2.5932926829268297,21,11,8,1.2146682534959832,0.8245714285714288
FLIP_SHORT,16,8,40,1.1385219671215945,0.6947499999999998,27.789999999999992,77.48899999999999,0.6552255533762958,2.1286713286713286,3.4838414634146346,21,11,8,0.6552255533762958,-2.461
FLIP_SHORT,16,10,40,1.2191672138323484,1.2016500000000003,48.06600000000002,100.01599999999999,0.61747295245326,2.6575466200466202,4.394512195121952,21,11,8,0.61747295245326,-3.0709999999999993
FLIP_SHORT,16,12,40,1.4474082585540238,2.45305,98.12200000000001,96.22899999999998,0.7229761791781342,3.1986013986013986,5.229878048780488,21,11,8,0.7229761791781342,-2.223999999999999
FLIP_SHORT,16,15,40,1.3078274981396931,2.0580500000000006,82.32200000000002,108.19299999999998,0.6049653976652766,2.4286367249602545,6.470731707317074,21,11,8,0.6049653976652766,-3.775571428571429
FLIP_SHORT,16,18,40,1.5641609548702646,3.7718249999999998,150.873,95.66299999999998,0.726305247896208,2.895985691573927,7.731707317073171,21,11,8,0.726305247896208,-2.6158571428571427
FLIP_SHORT,16,20,40,1.7279053505790325,4.866575,194.663,88.50299999999999,0.7988431012062239,3.190302066772655,8.611036585365854,21,11,8,0.7988431012062239,-1.9225714285714284
FLIP_SHORT,16,22,40,1.6168044353791438,4.45285,178.11399999999998,108.91199999999999,0.6063841764655549,3.522376788553259,9.450609756097561,21,11,8,0.6063841764655549,-4.161999999999999
FLIP_SHORT,16,25,40,1.5929807178080573,4.51835,180.734,108.91199999999999,0.5984444874779891,3.997595389507154,4.6724244293645905,21,11,8,0.5984444874779891,-4.245952380952381
FLIP_SHORT,16,27,40,1.7118695228502343,5.424250000000001,216.97000000000003,108.91199999999999,0.6385932834644605,4.317965023847377,5.017890191239975,21,11,8,0.6385932834644605,-3.8214285714285707
FLIP_SHORT,16,30,40,1.8779811607374284,6.689975000000001,267.59900000000005,108.91199999999999,0.7100955194574171,4.817011128775834,5.315237507711289,21,11,8,0.7100955194574171,-3.065380952380952
FLIP_SHORT,16,32,40,1.8795822683889511,6.7021749999999995,268.087,108.91199999999999,0.6256231732635589,5.1436009538950715,5.401943244910549,21,11,8,0.6256231732635589,-3.958571428571428
FLIP_SHORT,16,35,40,1.7949161469679829,6.376400000000001,255.05600000000004,108.91199999999999,0.6347833135929458,5.623052464228935,3.1348731697257164,21,11,8,0.6347833135929458,-3.861714285714286
FLIP_SHORT,16,40,40,1.8620446773082406,6.976075,279.043,133.756,0.5121771184895659,6.3790937996820345,3.4349969065786756,21,11,8,0.5121771184895659,-5.224095238095238
FLIP_SHORT,16,50,40,1.9154253144677214,7.78155,311.262,123.74600000000001,0.6007230233581901,7.320389507154212,2.2808671501311526,21,11,8,0.6007230233581901,-4.275857142857143
FLIP_SHORT,16,60,40,1.9277106741967462,8.25855,330.342,113.816,0.6897891848867663,5.464554711978789,2.60052461039963,21,11,8,0.6897891848867663,-3.3220476190476194
FLIP_SHORT,16,75,40,1.827492466644013,7.366399999999999,294.65599999999995,108.91199999999999,0.8290890172485091,5.068932272836828,1.9717636167258137,21,11,8,0.8290890172485091,-1.8302857142857143
FLIP_SHORT,18,6,40,1.9117617309266122,2.478875,99.155,18.45,1.4347148902151587,3.397228381374723,2.3419603524229076,21,11,8,1.4347148902151587,1.501857142857143
FLIP_SHORT,18,8,40,1.2123580237417637,1.0353249999999998,41.41299999999999,81.32600000000001,0.7561621410014591,2.0092409240924094,3.146200440528635,21,11,8,0.7561621410014591,-1.631333333333333
FLIP_SHORT,18,10,40,1.286026706698915,1.5433000000000001,61.732000000000006,104.53,0.7084733363917028,2.5084433443344336,3.9686123348017626,21,11,8,0.7084733363917028,-2.2392857142857143
FLIP_SHORT,18,12,40,1.5271283348623432,2.8442000000000003,113.76800000000001,100.743,0.8310168251645941,3.0191419141914193,4.723017621145374,21,11,8,0.8310168251645941,-1.2980000000000003
FLIP_SHORT,18,15,40,1.3500888165198726,2.365025,94.601,118.63399999999999,0.6908189087964369,2.2431901615271657,5.843612334801763,21,11,8,0.6908189087964369,-2.9089523809523805
FLIP_SHORT,18,18,40,1.6156687143808748,4.1591499999999995,166.36599999999999,106.10399999999998,0.8303472011337181,2.674853157121879,6.9823788546255505,21,11,8,0.8303472011337181,-1.5961904761904757
FLIP_SHORT,18,20,40,1.7848641847383613,5.30215,212.086,98.94399999999999,0.9138020042514425,2.9466960352422906,7.776486784140969,21,11,8,0.9138020042514425,-0.8109999999999996
FLIP_SHORT,18,22,40,1.671507633132261,4.923174999999999,196.92699999999996,117.016,0.715942725307201,3.2534140969162997,8.534691629955946,21,11,8,0.715942725307201,-2.9842380952380947
FLIP_SHORT,18,25,40,1.644134754665956,5.0138,200.552,111.456,0.7218895753350769,3.692345814977973,4.178758620689655,21,11,8,0.7218895753350769,-2.9217619047619054
FLIP_SHORT,18,27,40,1.762541311895578,5.93545,237.418,111.456,0.7651538158198902,3.988252569750367,4.487724137931035,21,11,8,0.7651538158198902,-2.4672380952380952
FLIP_SHORT,18,30,40,1.9361042681732197,7.2864249999999995,291.457,111.456,0.8525752308257147,4.4491923641703375,4.753655172413793,21,11,8,0.8525752308257147,-1.5488095238095234
FLIP_SHORT,18,32,40,1.9462471615636372,7.365375,294.615,116.906,0.7796583280830021,4.750844346549193,4.8312,21,11,8,0.7796583280830021,-2.3148571428571425
FLIP_SHORT,18,35,40,1.8501896582518744,7.0211,280.844,111.456,0.7987136310686653,5.193685756240822,2.752308527973927,21,11,8,0.7987136310686653,-2.114666666666667
FLIP_SHORT,18,40,40,1.9293155766858459,7.740525,309.621,144.197,0.6946760284792425,5.891997063142437,3.015806626833242,21,11,8,0.6946760284792425,-3.248952380952382
FLIP_SHORT,18,50,40,1.996562625380231,8.755575,350.223,134.187,0.8299837555546605,6.761417033773861,2.0114709484283573,21,11,8,0.8299837555546605,-1.809142857142857
FLIP_SHORT,18,60,40,2.0213534787033627,9.433425,377.337,124.25700000000002,0.9643114458451363,5.003779466736554,2.2933732480609605,21,11,8,0.9643114458451363,-0.3797619047619052
FLIP_SHORT,18,75,40,1.946062774734198,8.738024999999999,349.52099999999996,111.456,1.139720130134565,4.641516200670372,1.7388760375561298,21,11,8,1.139720130134565,1.4867619047619047
FLIP_SHORT,20,6,40,1.7144482835396277,2.1659750000000004,86.63900000000001,20.440000000000005,1.2890881394974427,2.998336594911937,2.1180278884462154,21,11,8,1.2890881394974427,1.1115714285714287
FLIP_SHORT,20,8,40,1.1035609430501168,0.5546749999999998,22.18699999999999,92.44200000000001,0.6926798416910629,1.7910272125520958,2.845368525896415,21,11,8,0.6926798416910629,-2.2444761904761905
FLIP_SHORT,20,10,40,1.171550978198932,1.0160749999999998,40.642999999999994,115.319,0.6491578857678434,2.236013728855111,3.589143426294821,21,11,8,0.6491578857678434,-2.9411428571428564
FLIP_SHORT,20,12,40,1.3911909334571473,2.3169750000000002,92.67900000000002,111.532,0.7614416768439887,2.6912478548663885,4.271414342629482,21,11,8,0.7614416768439887,-1.9998571428571421
FLIP_SHORT,20,15,40,1.2284403947753884,1.6960500000000003,67.84200000000001,135.35299999999998,0.6317348502029538,2.008694937541091,5.284860557768925,21,11,8,0.6317348502029538,-3.7889047619047624
FLIP_SHORT,20,18,40,1.47009047777789,3.490175,139.607,122.82300000000001,0.7593296275554363,2.3952333990795527,6.314741035856574,21,11,8,0.7593296275554363,-2.4761428571428565
FLIP_SHORT,20,20,40,1.6240407570905688,4.6331750000000005,185.32700000000003,115.66300000000001,0.8356467446391959,2.6386587771203156,7.032918326693228,21,11,8,0.8356467446391959,-1.6909523809523808
FLIP_SHORT,20,22,40,1.5215055265338808,4.200374999999999,168.015,133.735,0.6547151745263272,2.9133136094674557,7.718625498007968,21,11,8,0.6547151745263272,-3.966714285714285
FLIP_SHORT,20,25,40,1.536171387587664,4.46675,178.67000000000002,125.276,0.6601534488690296,3.3063609467455617,4.864482980089917,21,11,8,0.6601534488690296,-3.9042380952380955
FLIP_SHORT,20,27,40,1.6468026876089705,5.3884,215.536,119.622,0.6997177237174251,3.571334648257725,5.224149004495826,21,11,8,0.6997177237174251,-3.4497142857142857
FLIP_SHORT,20,30,40,1.8089684995183553,6.739375000000001,269.57500000000005,119.622,0.7796628435708572,3.984089414858645,5.533718689788054,21,11,8,0.7796628435708572,-2.531285714285714
FLIP_SHORT,20,32,40,1.8184453520509674,6.818324999999999,272.73299999999995,133.625,0.7129818074801142,4.254207758053912,5.623988439306358,21,11,8,0.7129818074801142,-3.2973333333333334
FLIP_SHORT,20,35,40,1.7301829052521918,6.448300000000001,257.932,128.07600000000002,0.7304074975233469,4.650756081525312,2.971847507331378,21,11,8,0.7304074975233469,-3.097142857142857
FLIP_SHORT,20,40,40,1.8051746362505374,7.167725,286.709,160.916,0.6359584256820147,5.276068376068375,3.2563636363636363,21,11,8,0.6359584256820147,-4.23142857142857
FLIP_SHORT,20,50,40,1.863063675444024,8.126024999999998,325.04099999999994,150.906,0.7598292454105607,6.0546022353714655,2.0622628348214285,21,11,8,0.7598292454105607,-2.7916190476190472
FLIP_SHORT,20,60,40,1.8828727749483134,8.754124999999998,350.16499999999996,140.976,0.8828028661206999,4.48698158249533,2.351283482142857,21,11,8,0.8828028661206999,-1.362238095238096
FLIP_SHORT,20,75,40,1.8127401543038677,8.058724999999999,322.349,125.766,1.043385103218855,4.162133412495207,1.7827845982142854,21,11,8,1.043385103218855,0.5042857142857148
FLIP_SHORT,22,6,40,1.9369760072430966,2.587225,103.489,22.239999999999995,1.6639921426412811,2.7556654676258994,1.9305492510213345,21,11,8,1.6639921426412811,2.09252380952381
FLIP_SHORT,22,8,40,1.2373068376803815,1.1721,46.884,60.504999999999995,0.8703070372542596,1.6509830508474577,2.5935088515660465,21,11,8,0.8703070372542596,-0.810809523809524
FLIP_SHORT,22,10,40,1.2935741870512651,1.6324999999999998,65.3,89.831,0.7970105859072308,2.061175141242938,3.271448025419882,21,11,8,0.7970105859072308,-1.5093809523809525
FLIP_SHORT,22,12,40,1.5358335843475053,2.9796499999999995,119.18599999999998,89.831,0.9354470992821051,2.480813559322034,3.893327280980481,21,11,8,0.9354470992821051,-0.4800000000000001
FLIP_SHORT,22,15,40,1.3155335771276595,2.2779,91.116,102.589,0.7570633604411853,1.8363486100676185,4.817067635043123,21,11,8,0.7570633604411853,-2.3158571428571424
FLIP_SHORT,22,18,40,1.574724346187943,4.14905,165.962,89.831,0.9101644454213039,2.1897220135236664,5.755787562414889,21,11,8,0.9101644454213039,-0.8563809523809525
FLIP_SHORT,22,20,40,1.7402170600620566,5.343775,213.751,89.831,1.0028673047335506,2.4122614575507138,6.410394916023604,21,11,8,1.0028673047335506,0.02733333333333324
FLIP_SHORT,22,22,40,1.6216735453486606,4.910475,196.41899999999998,94.61800000000001,0.7922479460971447,2.6633508640120214,7.035406264185201,21,11,8,0.7922479460971447,-2.2493809523809523
FLIP_SHORT,22,25,40,1.6468417061147604,5.288124999999999,211.52499999999998,94.61800000000001,0.8175940749080801,3.0226746806912095,4.577818071925053,21,11,8,0.8175940749080801,-1.9749523809523812
FLIP_SHORT,22,27,40,1.7608375227820385,6.220075,248.803,94.61800000000001,0.8613857467058389,3.2649135987978966,4.916288909035962,21,11,8,0.8613857467058389,-1.5008095238095238
FLIP_SHORT,22,30,40,1.723692450224323,6.327225,253.089,117.32500000000002,0.7521463217623231,3.6422539444027047,5.207615593834995,21,11,8,0.7521463217623231,-2.951571428571428
FLIP_SHORT,22,32,40,1.7327225572531086,6.406175,256.247,138.63100000000003,0.687818649306819,3.8891960931630356,5.292565729827742,21,11,8,0.687818649306819,-3.7176190476190474
FLIP_SHORT,22,35,40,1.6661941228268664,6.10915,244.36599999999999,133.08200000000002,0.7046293371294671,4.2517205108940646,3.0292945396572337,21,11,8,0.7046293371294671,-3.5174285714285722
FLIP_SHORT,22,40,40,1.7389253048161906,6.828574999999999,273.143,165.92200000000003,0.6137656720135696,4.823380916604057,3.31931048226385,21,11,8,0.6137656720135696,-4.651714285714284
FLIP_SHORT,22,50,40,1.7909433634778793,7.746875,309.875,155.91200000000003,0.7333138277472233,5.5351164537941395,2.0442953948278246,21,11,8,0.7333138277472233,-3.211904761904761
FLIP_SHORT,22,60,40,1.8044997414497181,8.323474999999998,332.93899999999996,145.98200000000003,0.8519960936109979,4.093559926424953,2.3307979532568113,21,11,8,0.8519960936109979,-1.7825238095238098
FLIP_SHORT,22,75,40,1.7372863335636928,7.628075,305.123,130.77200000000002,1.0069745649793016,3.7971946691943987,1.7672521089752453,21,11,8,1.0069745649793016,0.0839999999999998
FLIP_SHORT,25,6,40,1.7055493993000472,2.2125500000000002,88.50200000000001,25.239999999999995,1.46601967597215,2.4281299524564184,1.6957735247208934,21,11,8,1.46601967597215,1.6669523809523814
FLIP_SHORT,25,8,40,1.1014729803407366,0.5630000000000001,22.520000000000003,72.602,0.7806564455740483,1.4470259670806347,2.2781100478468903,21,11,8,0.7806564455740483,-1.5287619047619048
FLIP_SHORT,25,10,40,1.152468307532093,0.9516499999999997,38.06599999999999,98.658,0.7148502567519442,1.8065442589181377,2.8736044657097293,21,11,8,0.7148502567519442,-2.364
FLIP_SHORT,25,12,40,1.3683015240422163,2.2988,91.952,98.658,0.83901595653023,2.1743419097985623,3.4198564593301435,21,11,8,0.83901595653023,-1.3346190476190476
FLIP_SHORT,25,15,40,1.2010926957588481,1.5900500000000002,63.60200000000001,115.076,0.7027659919779278,1.6176552344897879,4.231259968102074,21,11,8,0.7027659919779278,-3.052380952380952
FLIP_SHORT,25,18,40,1.43773594450522,3.4611999999999994,138.44799999999998,99.465,0.8448865085437389,1.9289448952307835,5.055821371610845,21,11,8,0.8448865085437389,-1.5929047619047623
FLIP_SHORT,25,20,40,1.588832118173023,4.655925000000001,186.23700000000002,98.658,0.9309406227539359,2.124981799409639,5.630821371610846,21,11,8,0.9309406227539359,-0.7091904761904769
FLIP_SHORT,25,22,40,1.480088163246441,4.154875,166.195,106.338,0.7336010327877531,2.346168610269104,6.1798245614035086,21,11,8,0.7336010327877531,-3.114952380952382
FLIP_SHORT,25,25,40,1.5075104412769154,4.532525,181.301,103.44500000000001,0.7570708901278359,2.6627000410340584,4.191477587161041,21,11,8,0.7570708901278359,-2.8405238095238095
FLIP_SHORT,25,27,40,1.6118616264878123,5.464475,218.579,103.44500000000001,0.7976208414613785,2.8760903808225344,4.501383508577753,21,11,8,0.7976208414613785,-2.366380952380952
FLIP_SHORT,25,30,40,1.5768632139017433,5.5131250000000005,220.525,130.269,0.6951174444559417,3.2084927263822522,4.768123962368566,21,11,8,0.6951174444559417,-3.9285714285714293
FLIP_SHORT,25,32,40,1.5851241096255917,5.5920749999999995,223.683,153.45800000000003,0.6356671938979142,3.426026182376534,4.845904814609851,21,11,8,0.6356671938979142,-4.694619047619049
FLIP_SHORT,25,35,40,1.530336302153626,5.295050000000001,211.80200000000002,147.90900000000002,0.6512032698192138,3.7453770500483143,2.855720458388127,21,11,8,0.6512032698192138,-4.494428571428573
FLIP_SHORT,25,40,40,1.5981382998560467,6.014474999999999,240.57899999999998,180.74900000000002,0.5677123714507233,4.2489576025520535,3.1291189179034378,21,11,8,0.5677123714507233,-5.6287142857142864
FLIP_SHORT,25,50,40,1.6422831971501002,6.860275,274.411,170.739,0.6782903494784884,4.875931539306657,1.888870431893688,21,11,8,0.6782903494784884,-4.188904761904762
FLIP_SHORT,25,60,40,1.650390063868815,7.357374999999999,294.29499999999996,160.80900000000003,0.7880674088269283,3.5990138301883046,2.1535905954510612,21,11,8,0.7880674088269283,-2.7595238095238104
FLIP_SHORT,25,75,40,1.5889168821410418,6.661975,266.479,145.59900000000002,0.9314172237744845,3.3384526856757346,1.632890365448505,21,11,8,0.9314172237744845,-0.8930000000000007
FLIP_SHORT,30,6,40,2.0908306466906885,2.8759750000000004,115.03900000000002,30.28,2.5900776914539403,2.023976221928666,1.4115499502157318,21,11,8,1.4115499502157318,1.5499999999999998
FLIP_SHORT,30,8,40,1.1642981926461302,0.8910999999999998,35.64399999999999,64.155,0.9673824559184997,1.2117432410018243,1.896282774643213,21,11,8,0.9673824559184997,-0.19652380952380982
FLIP_SHORT,30,10,40,1.1927702640463613,1.203325,48.132999999999996,98.78099999999999,0.8447677229376347,1.512804776911594,2.391968138068371,21,11,8,0.8447677229376347,-1.1773333333333331
FLIP_SHORT,30,12,40,1.4163385945028057,2.5988999999999995,103.95599999999999,98.78099999999999,0.9926540299238406,1.8207994692320448,2.846664454032526,21,11,8,0.9926540299238406,-0.05571428571428546
FLIP_SHORT,30,15,40,1.2102922995948444,1.7180250000000001,68.721,98.78099999999999,0.8125868823455075,1.344137703475583,3.5220710255559244,21,11,8,0.8125868823455075,-1.836095238095238
FLIP_SHORT,30,18,40,1.4470237585223447,3.65205,146.082,98.78099999999999,0.9737821889976572,1.6027936647602288,4.208430136076999,21,11,8,0.9737821889976572,-0.2568571428571428
FLIP_SHORT,30,20,40,1.5125863496124616,4.257350000000001,170.294,98.78099999999999,0.9506901858648042,1.7656841179058513,4.687056090275473,21,11,8,0.9506901858648042,-0.49585714285714255
FLIP_SHORT,30,22,40,1.3944382605003822,3.6233000000000004,144.93200000000002,103.568,0.7311000085231077,1.9494720633523979,5.144042482575506,21,11,8,0.7311000085231077,-3.154952380952382
FLIP_SHORT,30,25,40,1.4228227815661338,4.00095,160.03799999999998,103.568,0.7544898514138213,2.2124835019797624,3.6775916484583644,21,11,8,0.7544898514138213,-2.8805238095238104
FLIP_SHORT,30,27,40,1.5213118132412504,4.932900000000001,197.31600000000003,103.568,0.7949015581052727,2.3897932248130225,3.949502306385045,21,11,8,0.7949015581052727,-2.406380952380952
FLIP_SHORT,30,30,40,1.4756152190995149,4.857375,194.29500000000002,133.732,0.6805135978987203,2.6659920809502857,4.18353969410051,21,11,8,0.6805135978987203,-4.205095238095238
FLIP_SHORT,30,32,40,1.4833456952410329,4.936324999999999,197.45299999999997,148.775,0.622312348274078,2.8467443906731194,4.251784413692644,21,11,8,0.622312348274078,-4.971142857142856
FLIP_SHORT,30,35,40,1.4360213626313725,4.6393,185.572,143.226,0.6375220240011866,3.112098548174219,2.608270418668497,21,11,8,0.6375220240011866,-4.770952380952382
FLIP_SHORT,30,40,40,1.500297589177557,5.358725,214.349,176.066,0.5559065043707452,3.5305323361196654,2.857978723404255,21,11,8,0.5559065043707452,-5.9052380952380945
FLIP_SHORT,30,50,40,1.5286146579726503,6.066025,242.641,166.05599999999998,0.6641849571878257,4.05149582050154,1.6637366347777154,21,11,8,0.6641849571878257,-4.465428571428571
FLIP_SHORT,30,60,40,1.5266369564772988,6.440375,257.615,156.126,0.771679146836268,2.996101654319152,1.896904895891953,21,11,8,0.771679146836268,-3.0360476190476193
FLIP_SHORT,30,75,40,1.469773289449476,5.744975,229.799,140.916,0.9120479295810459,2.77919010216639,1.4382667416994934,21,11,8,0.9120479295810459,-1.1695238095238103
FLIP_SHORT,35,6,40,1.8309764421599806,2.5018000000000002,100.072,35.327,2.324964632275291,1.7445488186734983,1.2113358017658786,21,11,8,1.2113358017658786,0.9274999999999998
FLIP_SHORT,35,8,40,1.234864448581175,1.2427499999999996,49.70999999999999,65.461,1.2372010110918283,1.0359614293817354,1.6273141555112505,21,11,8,1.0359614293817354,0.23054545454545403
FLIP_SHORT,35,10,40,1.2344148347683868,1.461975,58.479,108.51100000000001,1.0057842850985135,1.2933494044242768,2.052691540871547,21,11,8,1.0057842850985135,0.03961904761904732
FLIP_SHORT,35,12,40,1.4664285599756282,2.9089750000000003,116.35900000000001,108.51100000000001,1.1838387630528786,1.556664775950085,2.4428937624608373,21,11,8,1.1838387630528786,1.2591904761904769
FLIP_SHORT,35,15,40,1.2212722918804753,1.8596000000000004,74.38400000000001,108.51100000000001,0.9319047740813665,1.1581595905989386,3.02250071204785,21,11,8,0.9319047740813665,-0.6340476190476191
FLIP_SHORT,35,18,40,1.460324543007154,3.868625,154.745,108.51100000000001,1.1168537601963842,1.381027293404094,3.6115066932497863,21,11,8,1.1168537601963842,1.088047619047619
FLIP_SHORT,35,20,40,1.529847600423885,4.5249250000000005,180.997,108.51100000000001,1.0988694942579065,1.5213798332069748,4.022244374821988,21,11,8,1.0988694942579065,0.9461904761904757
FLIP_SHORT,35,22,40,1.40167589860761,3.83245,153.298,113.29800000000002,0.8410561954393069,1.6797384382107656,4.414411848476217,21,11,8,0.8410561954393069,-1.8241904761904768
FLIP_SHORT,35,25,40,1.4350862986559922,4.271525,170.861,113.29800000000002,0.8751618149832375,1.9063589840788473,3.280918345245831,21,11,8,0.8751618149832375,-1.4327619047619047
FLIP_SHORT,35,27,40,1.535723925786721,5.25955,210.382,113.29800000000002,0.9257808610216748,2.059135708870356,3.52350010829543,21,11,8,0.9257808610216748,-0.8518095238095239
FLIP_SHORT,35,30,40,1.5604431370711827,5.6823749999999995,227.295,126.15500000000002,0.8592721557629208,2.2971190295678543,3.7322936972059777,21,11,8,0.8592721557629208,-1.7012857142857138
FLIP_SHORT,35,32,40,1.573333859351075,5.8130749999999995,232.523,126.15500000000002,0.8040595100699955,2.4528620166793025,3.79317738791423,21,11,8,0.8040595100699955,-2.3687619047619046
FLIP_SHORT,35,35,40,1.5307237852328035,5.6078,224.312,126.15500000000002,0.8350750178238725,2.6815011372251703,2.402940246601328,21,11,8,0.8350750178238725,-1.9938095238095237
FLIP_SHORT,35,40,40,1.6052249978260513,6.437974999999999,257.51899999999995,126.15500000000002,0.7613677530939218,3.042039423805913,2.6329908314890926,21,11,8,0.7613677530939218,-2.917142857142858
FLIP_SHORT,35,50,40,1.632359613000979,7.282775000000001,291.31100000000004,126.15500000000002,0.9185315897519797,3.490921152388172,1.5016558309630232,21,11,8,0.9185315897519797,-0.9959047619047616
FLIP_SHORT,35,60,40,1.6274836106908723,7.776874999999999,311.07499999999993,126.15500000000002,1.0732841733764944,2.580133288761495,1.7121088988216175,21,11,8,1.0732841733764944,0.8958571428571427
FLIP_SHORT,35,75,40,1.556427634896621,6.896224999999999,275.849,126.15500000000002,1.1971072754398882,2.3933369844306775,1.298151158065827,21,11,8,1.1971072754398882,2.40952380952381
FLIP_SHORT,40,6,40,1.633241239343145,2.1373000000000006,85.49200000000002,43.491,2.126923076923077,1.5292062779150137,1.0613925630147243,21,11,8,1.0613925630147243,0.3075000000000001
FLIP_SHORT,40,8,40,1.4613415147946893,2.13525,85.41,56.974000000000004,1.2494213569299057,2.051949996257205,1.4258797105066134,21,11,8,1.2494213569299057,1.2469523809523808
FLIP_SHORT,40,10,40,1.3956796951819075,2.253475,90.139,107.661,0.9797441436804574,2.525313770990843,1.7986024457199903,21,11,8,0.9797441436804574,-0.14242857142857174
FLIP_SHORT,40,12,40,1.6597178325607531,3.7572249999999996,150.289,107.661,1.1531887228178055,3.0452878209446816,2.140504117793861,21,11,8,1.1531887228178055,1.0771428571428576
FLIP_SHORT,40,15,40,1.3122840010482018,2.53235,101.29400000000001,107.661,0.8924565820019786,1.7139808030755026,2.648365360618917,21,11,8,0.8924565820019786,-1.045619047619048
FLIP_SHORT,40,18,40,1.5690657130084933,4.614624999999999,184.58499999999998,107.661,1.069576545955,2.044085524919805,3.1644621911654602,21,11,8,1.069576545955,0.6764761904761902
FLIP_SHORT,40,20,40,1.6453781359724924,5.321175,212.847,107.661,1.0535600982754096,2.2540284833431112,3.5243573745944596,21,11,8,1.0535600982754096,0.5346190476190474
FLIP_SHORT,40,22,40,1.486693395546492,4.5582,182.328,112.44800000000001,0.796686042627113,2.4870626708438914,3.8679810331919136,21,11,8,0.796686042627113,-2.4633809523809527
FLIP_SHORT,40,25,40,1.527322744408664,5.084524999999999,203.38099999999997,112.44800000000001,0.8289924107546406,2.829099941335797,2.9626442401721107,21,11,8,0.8289924107546406,-2.0719523809523808
FLIP_SHORT,40,27,40,1.6340442743578973,6.113550000000001,244.54200000000003,112.44800000000001,0.8769410349828446,3.050788222224996,3.1816937218853902,21,11,8,0.8769410349828446,-1.4909999999999999
FLIP_SHORT,40,30,40,1.6632534005113626,6.608375,264.335,125.305,0.8161214533700466,3.4001772407853523,3.37023274007432,21,11,8,0.8161214533700466,-2.3404761904761906
FLIP_SHORT,40,32,40,1.6821171115789264,6.796324999999999,271.85299999999995,125.305,0.7636814617502692,3.6338854425402856,3.4252102483864655,21,11,8,0.7636814617502692,-3.007952380952381
FLIP_SHORT,40,35,40,1.6435797927498537,6.6873249999999995,267.493,125.305,0.7931394409194299,3.9830872349189317,2.228232189973615,21,11,8,0.7931394409194299,-2.633
FLIP_SHORT,40,40,40,1.7277387071567345,7.613474999999999,304.539,125.305,0.7235355524624631,4.5058601794875,2.44155672823219,21,11,8,0.7235355524624631,-3.5563333333333342
FLIP_SHORT,40,50,40,1.7571788710310574,8.342274999999997,333.6909999999999,125.305,0.8728899517280183,4.877516631925809,1.6343062465450526,21,11,8,0.8728899517280183,-1.6350952380952386
FLIP_SHORT,40,60,40,1.7224772547879192,8.695375,347.815,125.305,1.019952912606983,3.1875879305493484,1.8633499170812606,21,11,8,1.019952912606983,0.2566666666666664
FLIP_SHORT,40,75,40,1.649306219101824,7.814724999999998,312.58899999999994,125.305,1.1376232712411527,2.9702401641921976,1.4128247650635708,21,11,8,1.1376232712411527,1.7703333333333338
