date,kind,split,hhmm,entry,spread,pnl,why,q90,mic,ny
2025-08-26,A_LONG,DEV,1005,3360.355,0.67,25.05,TP,2,2,2005
2025-08-27,A_LONG,DEV,1005,3392.385,0.55,-15.02,SL,2,2,2005
2025-08-28,FLIP_SHORT,DEV,1005,3394.758,0.497,-2.657,EOD,2,2,2005
2025-08-29,A_LONG,DEV,1005,3417.105,0.597,-0.76,EOD,2,2,2005
2025-09-02,A_LONG,DEV,1005,3482.265,0.61,25.023,TP,2,2,2005
2025-09-05,FLIP_SHORT,DEV,1005,3551.475,0.77,-20.93,SL,2,2,2005
2025-09-11,A_LONG,DEV,1010,3646.915,0.54,-15.01,SL,2,2,2010
2025-09-12,FLIP_SHORT,DEV,1025,3630.925,0.52,-15.01,SL,2,3,2025
2025-09-16,A_LONG,DEV,1005,3678.235,0.54,10.82,EOD,2,2,2005
2025-09-19,FLIP_SHORT,DEV,1005,3639.675,0.6,-15.0,SL,2,2,2005
2025-09-22,A_LONG,DEV,1010,3690.865,0.567,25.16,TP,2,2,2010
2025-09-23,FLIP_SHORT,DEV,1010,3746.648,0.547,-15.004,SL,2,2,2010
2025-09-25,A_LONG,DEV,1005,3748.055,0.58,-15.107,SL,2,2,2005
2025-09-26,FLIP_SHORT,DEV,1025,3741.548,0.657,-15.027,SL,2,3,2025
2025-09-29,A_LONG,DEV,1005,3773.295,0.62,25.05,TP,2,2,2005
2025-09-30,A_LONG,DEV,1010,3838.915,0.55,25.01,TP,2,2,2010
2025-10-01,A_LONG,DEV,1010,3865.495,0.58,25.03,TP,2,2,2010
2025-10-06,A_LONG,DEV,1300,3922.335,0.57,25.0,TP,3,3,2200
2025-10-07,FLIP_SHORT,DEV,1005,3962.548,0.934,-15.017,SL,1,3,1905
2025-10-08,A_LONG,DEV,1015,3992.235,0.59,25.03,TP,1,4,1915
2025-10-10,FLIP_SHORT,DEV,1005,3974.578,1.124,-15.137,SL,1,3,1905
2025-10-13,A_LONG,DEV,1005,4060.375,0.827,-15.19,SL,1,3,1905
2025-10-14,A_LONG,DEV,1005,4116.052,0.954,25.196,TP,1,3,1905
2025-10-15,A_LONG,DEV,1005,4161.802,1.004,25.146,TP,1,3,1905
2025-10-17,A_LONG,DEV,1005,4361.352,1.304,-15.017,SL,1,3,1905
2025-10-21,FLIP_SHORT,DEV,1005,4366.895,1.007,25.1,TP,1,3,1905
2025-10-24,FLIP_SHORT,DEV,1005,4114.375,1.177,-15.15,SL,1,3,1905
2025-10-27,A_LONG,DEV,1005,4085.702,1.164,-15.154,SL,1,3,1905
2025-10-29,A_LONG,DEV,1005,3945.592,1.244,25.073,TP,1,3,1905
2025-10-30,A_LONG,DEV,1010,3946.625,0.86,-15.17,SL,1,4,1910
2025-11-03,A_LONG,DEV,1010,3996.735,1.03,-15.07,SL,1,1,1810
2025-11-04,FLIP_SHORT,DEV,1005,3997.785,1.367,25.01,TP,1,1,1805
2025-11-05,A_LONG,DEV,1015,3938.245,0.76,25.02,TP,1,1,1815
2025-11-07,A_LONG,DEV,1005,3981.552,0.687,25.053,TP,1,1,1805
2025-11-10,A_LONG,DEV,1005,4010.402,1.604,25.023,TP,1,1,1805
2025-11-11,A_LONG,DEV,1005,4120.562,0.714,25.073,TP,1,1,1805
2025-11-12,A_LONG,DEV,1010,4133.525,0.75,-15.04,SL,1,1,1810
2025-11-13,A_LONG,DEV,1005,4208.025,1.227,-15.11,SL,1,1,1805
2025-11-14,A_LONG,DEV,1005,4178.105,1.17,25.03,TP,1,1,1805
2025-11-18,FLIP_SHORT,DEV,1040,4036.985,0.89,25.25,TP,1,2,1840
2025-11-20,A_LONG,DEV,1015,4090.905,0.77,-15.38,SL,1,1,1815
2025-11-25,FLIP_SHORT,DEV,1010,4128.415,1.37,-15.04,SL,1,1,1810
2025-11-26,A_LONG,DEV,1035,4135.952,1.077,25.183,TP,1,2,1835
2025-11-27,A_LONG,DEV,1005,4169.452,1.427,-15.017,SL,1,1,1805
2025-11-28,A_LONG,DEV,1005,4162.102,1.154,25.043,TP,1,1,1805
2025-12-01,FLIP_SHORT,DEV,1005,4208.098,2.354,-15.087,SL,1,1,1805
2025-12-04,A_LONG,DEV,1005,4207.865,1.416,-15.43,SL,1,1,1805
2025-12-05,FLIP_SHORT,DEV,1005,4207.298,1.054,-15.243,SL,1,1,1805
2025-12-09,A_LONG,DEV,1005,4192.202,0.617,-15.117,SL,1,1,1805
2025-12-12,FLIP_SHORT,DEV,1020,4278.325,0.68,-15.0,SL,1,1,1820
2025-12-15,A_LONG,DEV,1005,4308.602,2.104,25.053,TP,1,1,1805
2025-12-16,FLIP_SHORT,DEV,1005,4305.298,1.304,25.003,TP,1,1,1805
2025-12-17,A_LONG,DEV,1005,4304.571,1.646,25.164,TP,1,1,1805
2025-12-19,FLIP_SHORT,DEV,1025,4333.635,0.89,5.99,EOD,1,2,1825
2025-12-22,A_LONG,DEV,1005,4343.302,1.204,25.003,TP,1,1,1805
2025-12-23,A_LONG,DEV,1005,4453.305,1.68,25.1,TP,1,1,1805
2025-12-24,A_LONG,DEV,1005,4493.552,1.304,25.013,TP,1,1,1805
2025-12-29,FLIP_SHORT,DEV,1010,4533.475,1.167,26.531,TP,1,1,1810
2025-12-30,A_LONG,DEV,1005,4346.202,1.654,-15.077,SL,1,1,1805
2025-12-31,A_LONG,DEV,1005,4344.502,1.087,-15.524,SL,1,1,1805
2026-01-02,A_LONG,DEV,1005,4334.512,1.834,25.136,TP,1,1,1805
2026-01-06,A_LONG,DEV,1005,4458.322,1.374,-15.397,SL,1,1,1805
2026-01-07,A_LONG,DEV,1015,4499.155,0.77,-15.09,SL,1,1,1815
2026-01-08,A_LONG,DEV,1015,4462.425,0.72,-15.05,SL,1,1,1815
2026-01-12,A_LONG,DEV,1005,4530.075,1.527,25.033,TP,1,1,1805
2026-01-14,A_LONG,DEV,1005,4593.552,1.254,25.033,TP,1,1,1805
2026-01-16,A_LONG,DEV,1005,4619.702,1.054,-15.787,SL,1,1,1805
2026-01-19,A_LONG,DEV,1005,4655.752,2.004,25.203,TP,1,1,1805
2026-01-23,A_LONG,DEV,1005,4956.702,1.504,-15.037,SL,1,1,1805
2026-01-26,A_LONG,DEV,1005,5024.452,2.204,25.033,TP,1,1,1805
2026-01-27,A_LONG,DEV,1005,5038.652,2.104,-15.027,SL,1,1,1805
2026-01-28,FLIP_SHORT,DEV,1005,5178.718,1.637,-15.007,SL,1,1,1805
2026-01-29,A_LONG,DEV,1005,5453.102,1.197,25.533,TP,1,1,1805
2026-01-30,A_LONG,DEV,1005,5439.602,2.404,-15.204,SL,1,1,1805
2026-02-03,A_LONG,DEV,1005,4718.202,2.904,25.783,TP,1,1,1805
2026-02-04,FLIP_SHORT,DEV,1005,4924.698,3.204,-16.932,SL,1,1,1805
2026-02-05,A_LONG,DEV,1005,4996.452,2.704,25.153,TP,1,1,1805
2026-02-09,FLIP_SHORT,DEV,1005,4974.648,2.354,-15.097,SL,1,1,1805
2026-02-10,FLIP_SHORT,DEV,1005,5046.048,2.364,26.197,TP,1,1,1805
2026-02-11,A_LONG,DEV,1005,5035.882,2.584,25.423,TP,1,1,1805
2026-02-12,FLIP_SHORT,DEV,1005,5081.748,2.254,25.986,TP,1,1,1805
2026-02-20,A_LONG,DEV,1005,5006.002,1.904,-15.017,SL,1,1,1805
2026-02-23,A_LONG,DEV,1005,5136.052,1.817,25.096,TP,1,1,1805
2026-02-24,A_LONG,DEV,1010,5245.355,1.08,-15.19,SL,1,1,1810
2026-02-26,A_LONG,DEV,1005,5180.802,1.924,-15.307,SL,1,1,1805
2026-03-03,A_LONG,DEV,1055,5346.545,0.85,25.11,TP,1,3,1855
2026-03-04,A_LONG,DEV,1010,5118.152,1.347,25.093,TP,1,1,1810
2026-03-05,FLIP_SHORT,DEV,1010,5146.425,0.98,-15.02,SL,1,1,1810
2026-03-06,A_LONG,VAL,1015,5096.325,0.85,-15.04,SL,1,1,1815
2026-03-11,A_LONG,VAL,1005,5196.822,1.524,25.363,TP,1,3,1905
2026-03-12,A_LONG,VAL,1005,5148.642,1.184,-15.247,SL,1,3,1905
2026-03-17,A_LONG,VAL,1005,5006.472,1.274,25.003,TP,1,3,1905
2026-03-18,FLIP_SHORT,VAL,1010,4998.955,0.71,-15.607,SL,1,4,1910
2026-03-20,A_LONG,VAL,1015,4645.835,0.67,25.6,TP,1,4,1915
2026-03-23,FLIP_SHORT,VAL,1005,4494.708,1.397,25.523,TP,1,3,1905
2026-03-30,FLIP_SHORT,VAL,1005,4477.028,1.854,25.353,TP,1,3,1905
2026-04-02,A_LONG,VAL,1005,4788.112,1.274,-16.017,SL,1,3,1905
2026-04-06,A_LONG,VAL,1010,4626.745,1.0,-15.01,SL,2,2,2010
2026-04-08,FLIP_SHORT,VAL,1015,4832.905,0.81,25.1,TP,2,3,2015
2026-04-15,FLIP_SHORT,VAL,1005,4834.355,0.71,-18.32,SL,2,2,2005
2026-04-16,A_LONG,VAL,1005,4831.015,0.71,-15.02,SL,2,2,2005
2026-04-21,A_LONG,VAL,1005,4828.945,0.71,-15.0,SL,2,2,2005
2026-04-22,A_LONG,VAL,1005,4745.062,0.727,25.103,TP,2,2,2005
2026-04-28,A_LONG,VAL,1005,4700.635,0.7,-15.03,SL,2,2,2005
2026-04-29,A_LONG,VAL,1005,4608.845,0.7,-15.02,SL,2,2,2005
2026-05-01,FLIP_SHORT,VAL,1010,4622.215,0.68,25.02,TP,2,2,2010
2026-05-05,A_LONG,VAL,1005,4526.715,0.68,25.04,TP,2,2,2005
2026-05-06,FLIP_SHORT,VAL,1005,4592.305,0.68,-15.08,SL,2,2,2005
2026-05-13,FLIP_SHORT,VAL,1045,4716.585,0.69,25.13,TP,2,4,2045
2026-05-25,A_LONG,VAL,1005,4573.415,0.68,-15.44,SL,2,2,2005
2026-05-27,A_LONG,VAL,1005,4522.785,0.77,-15.0,SL,2,2,2005
2026-05-28,FLIP_SHORT,VAL,1010,4444.385,0.72,25.0,TP,2,2,2010
2026-06-01,FLIP_SHORT,VAL,1015,4538.115,0.75,25.013,TP,2,3,2015
2026-06-03,A_LONG,VAL,1020,4479.375,0.73,-15.33,SL,2,3,2020
2026-06-04,FLIP_SHORT,VAL,1005,4455.895,0.74,-15.16,SL,2,2,2005
2026-06-05,FLIP_SHORT,VAL,1005,4461.065,0.73,25.02,TP,2,2,2005
2026-06-08,A_LONG,VAL,1005,4345.975,0.69,-15.16,SL,2,2,2005
2026-06-15,A_LONG,HOLD,1005,4297.075,0.67,25.28,TP,2,2,2005
2026-06-16,A_LONG,HOLD,1005,4317.135,0.69,25.22,TP,2,2,2005
2026-06-17,A_LONG,HOLD,1005,4338.605,0.67,-15.04,SL,2,2,2005
2026-06-18,A_LONG,HOLD,1005,4293.655,0.7,25.03,TP,2,2,2005
2026-06-19,FLIP_SHORT,HOLD,1005,4185.835,0.7,25.23,TP,2,2,2005
2026-06-22,A_LONG,HOLD,1005,4149.375,0.71,25.07,TP,2,2,2005
2026-06-23,FLIP_SHORT,HOLD,1005,4184.265,0.7,25.05,TP,2,2,2005
2026-06-24,A_LONG,HOLD,1005,4110.735,0.77,-15.14,SL,2,2,2005
2026-06-25,A_LONG,HOLD,1005,4015.495,0.7,-15.16,SL,2,2,2005
2026-07-01,A_LONG,HOLD,1005,4007.765,0.68,-15.1,SL,2,2,2005
2026-07-03,A_LONG,HOLD,1010,4135.315,0.77,25.06,TP,2,2,2010
2026-07-08,A_LONG,HOLD,1015,4103.955,0.83,25.09,TP,2,3,2015
2026-07-09,A_LONG,HOLD,1010,4088.225,0.82,-15.12,SL,2,2,2010
2026-07-10,FLIP_SHORT,HOLD,1005,4122.455,0.79,25.56,TP,2,2,2005
2026-07-15,FLIP_SHORT,HOLD,1010,4051.095,0.79,25.11,TP,2,2,2010
2026-07-22,A_LONG,HOLD,1005,4088.715,0.8,25.02,TP,2,2,2005
2026-07-24,FLIP_SHORT,HOLD,1005,4045.385,0.76,-15.02,SL,2,2,2005
2026-07-27,A_LONG,HOLD,1005,4108.595,0.8,-15.1,SL,2,2,2005
2026-08-03,FLIP_SHORT,HOLD,1005,4072.975,0.77,25.07,TP,2,2,2005
2026-08-04,A_LONG,HOLD,1005,4067.645,0.77,-15.09,SL,2,2,2005
2026-08-05,FLIP_SHORT,HOLD,1005,4072.135,0.69,-15.08,SL,2,2,2005
2026-08-10,A_LONG,HOLD,1005,4342.235,0.75,-15.22,SL,2,2,2005
2026-08-11,A_LONG,HOLD,1005,4406.555,0.79,25.0,TP,2,2,2005
2026-08-13,A_LONG,HOLD,1005,4421.625,0.75,25.14,TP,2,2,2005
2026-08-14,FLIP_SHORT,HOLD,1010,4351.825,0.75,25.46,TP,2,2,2010
2026-08-17,A_LONG,HOLD,1010,4379.215,0.75,25.14,TP,2,2,2010
2026-08-19,A_LONG,HOLD,1005,4340.485,0.76,-16.0,SL,2,2,2005
2026-08-20,A_LONG,HOLD,1005,4515.365,0.69,-15.02,SL,2,2,2005
